{"type":"FeatureCollection","attribution":"Made with Natural Earth (naturalearthdata.com), public domain. Source: ne_10m_admin_1_states_provinces_lakes. Trimmed to Ontario's neighbours (Canada and the US, excluding Ontario), clipped to lon -102..-64, lat 37..62, and simplified for the web. Only each feature's name is kept.","features":[{"type":"Feature","geometry":{"type":"Polygon","coordinates":[[[-102,55.805],[-101.961,55.388],[-101.941,55.1735],[-101.901,54.745],[-101.881,54.531],[-101.841,54.1025],[-101.821,53.888],[-101.781,53.4595],[-101.761,53.2455],[-101.721,52.8165],[-101.681,52.388],[-101.641,51.9595],[-101.621,51.7455],[-101.581,51.317],[-101.541,50.8885],[-101.5015,50.46],[-101.4615,50.0315],[-101.4215,49.6025],[-101.4015,49.3885],[-101.3645,48.9925],[-102,48.9925],[-102,55.805]]]},"properties":{"name":"Saskatchewan"}},{"type":"Feature","geometry":{"type":"Polygon","coordinates":[[[-102,48.9925],[-101.3645,48.9925],[-100.6725,48.9925],[-100.2325,48.9925],[-99.793,48.9925],[-99.1335,48.9925],[-98.694,48.9925],[-98.0345,48.9925],[-97.595,48.9925],[-97.226,48.9925],[-97.229,48.9685],[-97.1775,48.842],[-97.148,48.788],[-97.141,48.7495],[-97.1095,48.6985],[-97.101,48.6505],[-97.1485,48.5765],[-97.157,48.534],[-97.1335,48.476],[-97.123,48.4285],[-97.144,48.3765],[-97.115,48.281],[-97.13,48.212],[-97.1295,48.1705],[-97.1065,48.097],[-97.0625,48.023],[-97.035,47.952],[-97,47.924],[-97.012,47.8775],[-96.9865,47.8285],[-96.992,47.815],[-96.9515,47.78],[-96.932,47.732],[-96.8945,47.679],[-96.863,47.5815],[-96.8625,47.52],[-96.853,47.4885],[-96.869,47.417],[-96.8425,47.3865],[-96.85,47.259],[-96.828,47.167],[-96.8355,47.129],[-96.822,47.088],[-96.828,47.0025],[-96.803,46.9415],[-96.759,46.921],[-96.787,46.872],[-96.787,46.827],[-96.7985,46.778],[-96.781,46.721],[-96.797,46.664],[-96.7945,46.6425],[-96.753,46.597],[-96.7395,46.519],[-96.7465,46.499],[-96.7185,46.471],[-96.7085,46.4335],[-96.6505,46.3685],[-96.6015,46.324],[-96.598,46.238],[-96.588,46.1985],[-96.565,46.1715],[-96.5565,46.103],[-96.576,46.0165],[-96.5565,45.942],[-97.0225,45.942],[-97.488,45.942],[-97.954,45.942],[-98.187,45.942],[-98.653,45.942],[-99.119,45.942],[-99.352,45.942],[-99.818,45.942],[-100.2835,45.942],[-100.7495,45.942],[-101.2155,45.942],[-101.6815,45.942],[-102,45.942],[-102,48.9925]]]},"properties":{"name":"North Dakota"}},{"type":"Feature","geometry":{"type":"MultiPolygon","coordinates":[[[[-97.226,48.9925],[-97.595,48.9925],[-98.0345,48.9925],[-98.694,48.9925],[-99.1335,48.9925],[-99.793,48.9925],[-100.2325,48.9925],[-100.6725,48.9925],[-101.3645,48.9925],[-101.4015,49.3885],[-101.4215,49.6025],[-101.4615,50.0315],[-101.5015,50.46],[-101.541,50.8885],[-101.581,51.317],[-101.621,51.7455],[-101.641,51.9595],[-101.681,52.388],[-101.721,52.8165],[-101.761,53.2455],[-101.781,53.4595],[-101.821,53.888],[-101.841,54.1025],[-101.881,54.531],[-101.901,54.745],[-101.941,55.1735],[-101.961,55.388],[-102,55.805],[-102,60],[-101.5515,60],[-101.1015,60],[-100.6515,60],[-100.2015,60],[-99.7515,60],[-99.3015,60],[-98.8515,60],[-98.401,60],[-97.951,60],[-97.501,60],[-97.051,60],[-96.601,60],[-96.151,60],[-95.701,60],[-95.251,60],[-94.803,60],[-94.817,59.963],[-94.8055,59.885],[-94.7795,59.8385],[-94.793,59.82],[-94.7755,59.778],[-94.8075,59.7175],[-94.796,59.668],[-94.822,59.6505],[-94.781,59.562],[-94.793,59.526],[-94.757,59.502],[-94.758,59.467],[-94.7345,59.4295],[-94.7185,59.3665],[-94.724,59.313],[-94.772,59.298],[-94.793,59.1895],[-94.775,59.1615],[-94.793,59.094],[-94.8425,59.081],[-94.9675,59.086],[-94.968,59.0615],[-94.8165,59.068],[-94.8075,59.018],[-94.7235,59.004],[-94.694,58.9835],[-94.6835,58.9505],[-94.694,58.917],[-94.735,58.878],[-94.7315,58.861],[-94.65,58.885],[-94.608,58.8815],[-94.545,58.856],[-94.4855,58.82],[-94.452,58.743],[-94.3995,58.7125],[-94.2935,58.7445],[-94.3005,58.7575],[-94.2525,58.798],[-94.224,58.7745],[-94.2385,58.734],[-94.208,58.684],[-94.264,58.649],[-94.3085,58.575],[-94.2875,58.521],[-94.3005,58.4815],[-94.2865,58.4365],[-94.3265,58.3995],[-94.328,58.35],[-94.3445,58.287],[-94.3035,58.2985],[-94.2865,58.3395],[-94.238,58.3915],[-94.2415,58.451],[-94.235,58.545],[-94.245,58.6005],[-94.163,58.683],[-94.166,58.7245],[-94.143,58.737],[-94.1455,58.77],[-94.0565,58.7715],[-93.882,58.7575],[-93.8185,58.78],[-93.776,58.7715],[-93.7175,58.792],[-93.5725,58.765],[-93.4845,58.7715],[-93.4645,58.7175],[-93.409,58.705],[-93.385,58.7135],[-93.3265,58.76],[-93.2345,58.7675],[-93.1895,58.7595],[-93.1535,58.726],[-93.134,58.683],[-93.1405,58.64],[-93.1215,58.5625],[-93.1285,58.5285],[-93.098,58.4765],[-93.051,58.4225],[-93.0215,58.3505],[-92.984,58.313],[-92.963,58.26],[-92.902,58.1895],[-92.8615,58.172],[-92.8685,58.1535],[-92.835,58.091],[-92.808,58.076],[-92.8055,57.9975],[-92.766,57.911],[-92.757,57.866],[-92.786,57.8395],[-92.7235,57.8165],[-92.669,57.7165],[-92.616,57.6715],[-92.559,57.586],[-92.55,57.5385],[-92.502,57.514],[-92.4875,57.475],[-92.457,57.449],[-92.4425,57.3875],[-92.4235,57.3545],[-92.429,57.2915],[-92.457,57.223],[-92.543,57.106],[-92.597,57.0485],[-92.666,57.0005],[-92.705,56.9555],[-92.8425,56.9205],[-92.726,56.9275],[-92.6765,56.942],[-92.5385,57.019],[-92.491,57.038],[-92.2785,57.0655],[-92.2745,57.037],[-92.34,56.983],[-92.424,56.9655],[-92.418,56.9495],[-92.3375,56.9595],[-92.2235,57.0215],[-92.1125,57.044],[-91.9615,57.06],[-91.7665,57.1145],[-91.485,57.1695],[-91.21,57.229],[-91.031,57.2645],[-90.8535,57.261],[-90.689,57.23],[-90.5855,57.23],[-90.515,57.2015],[-90.4095,57.1875],[-90.3805,57.1545],[-90.315,57.1435],[-90.2615,57.116],[-90.1685,57.0925],[-90.1545,57.079],[-90.0725,57.061],[-89.963,57.004],[-89.8725,56.9975],[-89.827,56.976],[-89.5745,56.945],[-89.4825,56.922],[-89.394,56.928],[-89.3155,56.904],[-89.2655,56.897],[-89.1885,56.873],[-89.1075,56.87],[-89.056,56.8455],[-88.947,56.853],[-89.481,56.5265],[-89.9805,56.215],[-90.3315,55.9925],[-90.6815,55.7685],[-91.0305,55.5435],[-91.3785,55.316],[-91.6865,55.1105],[-91.9925,54.902],[-92.2965,54.6915],[-92.6,54.4795],[-92.938,54.2405],[-93.2745,53.9995],[-93.504,53.8295],[-93.62,53.747],[-93.74,53.67],[-93.9755,53.53],[-94.446,53.2505],[-94.8375,53.018],[-95.118,52.846],[-95.154,52.8215],[-95.1535,52.373],[-95.154,51.9795],[-95.154,51.5865],[-95.154,51.193],[-95.154,50.892],[-95.154,50.591],[-95.154,50.2905],[-95.154,49.769],[-95.1605,49.3695],[-95.1595,49.012],[-95.177,48.9925],[-95.8365,48.9925],[-96.276,48.9925],[-96.716,48.9925],[-97.226,48.9925]],[[-96.2805,51.241],[-96.3715,51.338],[-96.4455,51.359],[-96.4795,51.391],[-96.5425,51.4795],[-96.579,51.494],[-96.541,51.5425],[-96.721,51.692],[-96.783,51.7575],[-96.6775,51.782],[-96.7155,51.8265],[-96.7875,51.864],[-96.863,51.867],[-96.864,51.9005],[-96.8205,51.9585],[-96.8695,52.015],[-96.9595,52.07],[-96.952,52.0975],[-97.011,52.141],[-97.0365,52.1925],[-97.089,52.241],[-97.009,52.251],[-97.0005,52.2755],[-97.0605,52.34],[-97.0275,52.354],[-97.055,52.3855],[-97.032,52.405],[-97.0635,52.433],[-97.1035,52.45],[-97.1035,52.488],[-97.139,52.547],[-97.1515,52.5885],[-97.1985,52.639],[-97.1975,52.684],[-97.242,52.7235],[-97.3205,52.7665],[-97.358,52.8315],[-97.395,52.8555],[-97.4025,52.8805],[-97.377,52.8995],[-97.435,52.9475],[-97.391,52.9675],[-97.384,52.9875],[-97.33,53.0095],[-97.345,53.026],[-97.391,53.036],[-97.4225,53.067],[-97.4185,53.111],[-97.4425,53.15],[-97.4185,53.174],[-97.517,53.2475],[-97.559,53.2655],[-97.5895,53.2995],[-97.5795,53.336],[-97.6045,53.378],[-97.661,53.4035],[-97.6785,53.427],[-97.665,53.4815],[-97.72,53.536],[-97.792,53.5755],[-97.836,53.6255],[-97.8155,53.6495],[-97.8155,53.7215],[-97.882,53.7785],[-97.8985,53.827],[-97.934,53.8435],[-97.9565,53.8745],[-97.932,53.8995],[-97.9755,53.944],[-97.969,53.9845],[-97.891,53.982],[-97.8465,53.9955],[-97.7915,53.9955],[-97.7545,54.0155],[-97.726,54.05],[-97.7365,54.091],[-97.781,54.0715],[-97.836,54.025],[-97.8825,54.043],[-97.9365,54.0335],[-97.977,54.007],[-98.031,53.9885],[-98.0485,53.9675],[-98.0385,53.944],[-98.0995,53.929],[-98.145,53.9675],[-98.21,53.9945],[-98.2335,54.016],[-98.1555,54.063],[-98.1755,54.098],[-98.158,54.125],[-98.149,54.1865],[-98.0795,54.208],[-98.0005,54.214],[-97.9575,54.2375],[-97.8645,54.256],[-97.8025,54.3025],[-97.8255,54.3245],[-97.9405,54.309],[-97.9935,54.3245],[-97.9215,54.3445],[-97.923,54.3735],[-97.9935,54.414],[-98.0305,54.4085],[-98.039,54.356],[-98.107,54.312],[-98.1545,54.2595],[-98.1545,54.225],[-98.1925,54.194],[-98.217,54.159],[-98.2285,54.1035],[-98.282,54.05],[-98.3185,53.992],[-98.288,53.976],[-98.2745,53.9205],[-98.2415,53.886],[-98.132,53.8575],[-98.09,53.838],[-98.032,53.777],[-97.9045,53.749],[-97.885,53.7065],[-97.9895,53.6915],[-98.025,53.7125],[-98.045,53.752],[-98.2765,53.84],[-98.377,53.8575],[-98.654,53.851],[-98.6925,53.838],[-98.705,53.8715],[-98.744,53.89],[-98.833,53.8995],[-98.9235,53.8795],[-98.961,53.8565],[-98.955,53.8145],[-99.0045,53.7865],[-99.007,53.7535],[-98.9755,53.7105],[-98.991,53.6705],[-99.0115,53.6585],[-99.056,53.6045],[-99.027,53.58],[-99.057,53.5475],[-99.088,53.4875],[-99.0725,53.4745],[-99.0935,53.4305],[-99.145,53.413],[-99.193,53.3785],[-99.2135,53.324],[-99.206,53.2685],[-99.253,53.2085],[-99.165,53.17],[-99.1385,53.1385],[-99.0835,53.1185],[-99.0425,53.05],[-99.012,53.0405],[-98.9255,53.0695],[-98.857,53.038],[-98.819,53.039],[-98.7815,53.091],[-98.6965,53.0715],[-98.607,53.07],[-98.5445,53.057],[-98.439,53.0565],[-98.446,53.041],[-98.522,53.005],[-98.659,52.9825],[-98.733,52.9785],[-98.851,52.9415],[-98.8905,52.9235],[-98.9085,52.893],[-98.8915,52.844],[-98.817,52.791],[-98.8295,52.7585],[-98.7885,52.702],[-98.738,52.6765],[-98.72,52.6525],[-98.662,52.6355],[-98.609,52.5785],[-98.47,52.504],[-98.4665,52.4325],[-98.4365,52.38],[-98.325,52.3205],[-98.218,52.3055],[-98.1495,52.239],[-98.1325,52.1925],[-98.1375,52.1385],[-98.06,52.11],[-98.0485,52.087],[-98.041,51.9635],[-98.032,51.946],[-97.9625,51.9255],[-97.8775,51.8885],[-97.7805,51.863],[-97.754,51.8705],[-97.8055,51.9135],[-97.7785,51.9645],[-97.774,52.002],[-97.738,52.041],[-97.7125,52.0835],[-97.7635,52.087],[-97.7785,52.1015],[-97.7605,52.131],[-97.6895,52.1485],[-97.6665,52.108],[-97.638,52.1045],[-97.5485,52.1385],[-97.4795,52.131],[-97.5005,52.09],[-97.541,52.038],[-97.595,52.0165],[-97.6105,51.994],[-97.569,51.967],[-97.588,51.9355],[-97.5385,51.925],[-97.521,51.9875],[-97.421,52.0405],[-97.372,52.053],[-97.3355,52.0395],[-97.336,52.008],[-97.296,51.942],[-97.246,51.8805],[-97.2215,51.807],[-97.226,51.7835],[-97.296,51.6445],[-97.302,51.589],[-97.278,51.5535],[-97.288,51.4735],[-97.269,51.44],[-97.238,51.4375],[-97.2035,51.4535],[-97.12,51.5185],[-97.1375,51.5905],[-97.1015,51.621],[-97.096,51.6595],[-97.057,51.6725],[-96.9715,51.683],[-96.899,51.725],[-96.8555,51.734],[-96.8255,51.721],[-96.8285,51.6785],[-96.782,51.67],[-96.779,51.6],[-96.7335,51.6125],[-96.726,51.5825],[-96.762,51.511],[-96.802,51.489],[-96.827,51.437],[-96.87,51.415],[-96.932,51.343],[-96.908,51.3275],[-96.979,51.2645],[-96.9885,51.21],[-96.952,51.186],[-96.8935,51.212],[-96.7985,51.2935],[-96.7735,51.343],[-96.7345,51.367],[-96.7055,51.343],[-96.612,51.3455],[-96.657,51.2915],[-96.6715,51.2615],[-96.7385,51.248],[-96.8285,51.172],[-96.836,51.131],[-96.86,51.1005],[-96.9205,51.094],[-96.939,51.025],[-96.9105,50.9975],[-96.9155,50.9785],[-96.9595,50.9255],[-96.977,50.888],[-96.9455,50.829],[-96.973,50.781],[-96.9845,50.714],[-96.973,50.624],[-96.938,50.6035],[-96.9695,50.559],[-96.938,50.501],[-96.918,50.429],[-96.9045,50.419],[-96.77,50.388],[-96.709,50.388],[-96.6505,50.4],[-96.6055,50.429],[-96.568,50.465],[-96.5665,50.481],[-96.616,50.542],[-96.582,50.583],[-96.5945,50.61],[-96.5975,50.6615],[-96.558,50.6705],[-96.5615,50.7135],[-96.52,50.7315],[-96.5035,50.688],[-96.48,50.662],[-96.4245,50.63],[-96.395,50.6245],[-96.294,50.624],[-96.347,50.669],[-96.376,50.703],[-96.35,50.753],[-96.35,50.776],[-96.391,51.009],[-96.4205,51.083],[-96.42,51.101],[-96.384,51.1215],[-96.3085,51.1175],[-96.329,51.1455],[-96.362,51.1645],[-96.3355,51.196],[-96.2605,51.217],[-96.2805,51.241]]],[[[-96.6025,51.186],[-96.6295,51.1505],[-96.6625,51.071],[-96.692,51.0415],[-96.7855,51.0115],[-96.832,51.0135],[-96.85,51.0415],[-96.824,51.071],[-96.7685,51.086],[-96.7405,51.1515],[-96.694,51.2055],[-96.5995,51.2],[-96.6025,51.186]]],[[[-96.3605,51.2195],[-96.4295,51.1955],[-96.4955,51.1915],[-96.5585,51.177],[-96.5485,51.2135],[-96.4415,51.2615],[-96.3695,51.267],[-96.335,51.241],[-96.3605,51.2195]]],[[[-97.2325,52.319],[-97.278,52.289],[-97.333,52.276],[-97.3495,52.289],[-97.344,52.3215],[-97.305,52.3495],[-97.258,52.365],[-97.2265,52.358],[-97.2325,52.319]]],[[[-97.8985,52.3335],[-97.9065,52.3205],[-97.966,52.296],[-97.9695,52.317],[-98.022,52.3615],[-98.0555,52.4325],[-98.0085,52.4585],[-98.025,52.484],[-98.0195,52.5165],[-97.9775,52.547],[-97.959,52.5425],[-97.9185,52.4535],[-97.929,52.411],[-97.8985,52.3745],[-97.8985,52.3335]]],[[[-97.1165,51.7065],[-97.159,51.6205],[-97.198,51.6305],[-97.1595,51.6935],[-97.155,51.74],[-97.123,51.7605],[-97.083,51.7475],[-97.1165,51.7065]]]]},"properties":{"name":"Manitoba"}},{"type":"Feature","geometry":{"type":"Polygon","coordinates":[[[-97.226,48.9925],[-96.716,48.9925],[-96.276,48.9925],[-95.8365,48.9925],[-95.177,48.9925],[-95.1595,49.012],[-95.1605,49.3695],[-95.103,49.354],[-94.9825,49.356],[-94.926,49.3455],[-94.856,49.3185],[-94.8275,49.293],[-94.806,49.211],[-94.811,49.1665],[-94.792,49.1265],[-94.711,48.9145],[-94.711,48.8075],[-94.689,48.779],[-94.593,48.7265],[-94.519,48.7045],[-94.4795,48.7005],[-94.3115,48.714],[-94.2585,48.691],[-94.251,48.6575],[-94.232,48.652],[-93.875,48.636],[-93.8355,48.617],[-93.8095,48.5435],[-93.757,48.5165],[-93.5665,48.5385],[-93.492,48.5425],[-93.46,48.5575],[-93.4515,48.5975],[-93.3855,48.615],[-93.2575,48.6305],[-92.9795,48.6175],[-92.884,48.58],[-92.6485,48.5365],[-92.6275,48.503],[-92.7105,48.483],[-92.704,48.445],[-92.657,48.438],[-92.527,48.4455],[-92.4905,48.433],[-92.4675,48.3945],[-92.4625,48.3295],[-92.418,48.282],[-92.3845,48.2325],[-92.354,48.223],[-92.291,48.2495],[-92.303,48.311],[-92.259,48.3395],[-92.1545,48.35],[-92.0705,48.3465],[-92.0435,48.3345],[-92.008,48.2625],[-91.9575,48.2285],[-91.852,48.196],[-91.765,48.1875],[-91.7275,48.1685],[-91.6955,48.1375],[-91.7165,48.112],[-91.6925,48.098],[-91.581,48.081],[-91.575,48.048],[-91.487,48.0535],[-91.428,48.0365],[-91.3655,48.058],[-91.2765,48.065],[-91.204,48.1075],[-91.071,48.171],[-90.923,48.227],[-90.874,48.2345],[-90.8405,48.22],[-90.843,48.177],[-90.8125,48.161],[-90.7865,48.1005],[-90.7505,48.084],[-90.7015,48.0845],[-90.587,48.105],[-90.5315,48.0845],[-90.1785,48.1165],[-90.1205,48.1155],[-90.0735,48.101],[-90.008,48.0295],[-89.9805,48.01],[-89.9025,47.986],[-89.8035,48.014],[-89.7635,48.0175],[-89.713,48.0035],[-89.6565,48.008],[-89.6655,47.976],[-89.693,47.9665],[-89.743,47.931],[-90.0855,47.8115],[-90.2875,47.768],[-90.3285,47.75],[-90.396,47.742],[-90.533,47.7115],[-90.7915,47.616],[-90.949,47.5125],[-91.0125,47.493],[-91.2615,47.3075],[-91.511,47.122],[-91.582,47.0965],[-91.598,47.073],[-91.634,47.06],[-91.655,47.0335],[-91.7455,46.9925],[-91.7985,46.95],[-91.8595,46.921],[-91.8975,46.9115],[-91.9565,46.8755],[-92.048,46.8345],[-92.0955,46.804],[-92.111,46.768],[-92.1405,46.7555],[-92.157,46.7295],[-92.193,46.715],[-92.2075,46.674],[-92.2355,46.6585],[-92.2915,46.6595],[-92.292,46.321],[-92.2925,46.0835],[-92.338,46.063],[-92.3635,46.0275],[-92.429,46.0325],[-92.4655,45.9975],[-92.522,45.992],[-92.5665,45.957],[-92.6005,45.951],[-92.704,45.913],[-92.732,45.8885],[-92.772,45.834],[-92.7675,45.805],[-92.7955,45.7755],[-92.882,45.716],[-92.895,45.687],[-92.9015,45.6115],[-92.883,45.576],[-92.7895,45.57],[-92.751,45.559],[-92.7175,45.491],[-92.6675,45.4455],[-92.6675,45.4085],[-92.6965,45.374],[-92.7085,45.3325],[-92.751,45.2995],[-92.7635,45.2645],[-92.773,45.1875],[-92.751,45.149],[-92.7555,45.1065],[-92.8025,45.078],[-92.772,45.011],[-92.7585,44.9255],[-92.779,44.8915],[-92.772,44.847],[-92.7785,44.82],[-92.82,44.758],[-92.7315,44.7115],[-92.661,44.6605],[-92.628,44.6275],[-92.5845,44.608],[-92.429,44.5895],[-92.394,44.5795],[-92.331,44.533],[-92.305,44.49],[-92.2725,44.466],[-92.156,44.4515],[-92.1025,44.437],[-91.95,44.3355],[-91.912,44.289],[-91.837,44.182],[-91.817,44.1625],[-91.7785,44.1495],[-91.6625,44.0735],[-91.6375,44.0655],[-91.541,44.0655],[-91.4785,44.0295],[-91.426,44.0225],[-91.4035,44.0075],[-91.392,43.9795],[-91.361,43.945],[-91.295,43.919],[-91.2795,43.8735],[-91.281,43.821],[-91.249,43.769],[-91.2425,43.7215],[-91.255,43.667],[-91.247,43.631],[-91.251,43.5895],[-91.243,43.537],[-91.25,43.501],[-91.9005,43.501],[-92.226,43.501],[-92.876,43.5005],[-93.2015,43.5005],[-93.852,43.5005],[-94.177,43.5005],[-94.8275,43.5005],[-95.1525,43.5005],[-95.803,43.5],[-96.1285,43.5],[-96.4535,43.5],[-96.4535,43.9395],[-96.4535,44.379],[-96.4535,44.5985],[-96.4535,45.038],[-96.4535,45.2965],[-96.493,45.3475],[-96.5665,45.3935],[-96.609,45.403],[-96.688,45.409],[-96.708,45.4215],[-96.7665,45.512],[-96.863,45.601],[-96.8465,45.643],[-96.759,45.6985],[-96.686,45.7285],[-96.638,45.7635],[-96.581,45.856],[-96.572,45.917],[-96.5565,45.942],[-96.576,46.0165],[-96.5565,46.103],[-96.565,46.1715],[-96.588,46.1985],[-96.598,46.238],[-96.6015,46.324],[-96.6505,46.3685],[-96.7085,46.4335],[-96.7185,46.471],[-96.7465,46.499],[-96.7395,46.519],[-96.753,46.597],[-96.7945,46.6425],[-96.797,46.664],[-96.781,46.721],[-96.7985,46.778],[-96.787,46.827],[-96.787,46.872],[-96.759,46.921],[-96.803,46.9415],[-96.828,47.0025],[-96.822,47.088],[-96.8355,47.129],[-96.828,47.167],[-96.85,47.259],[-96.8425,47.3865],[-96.869,47.417],[-96.853,47.4885],[-96.8625,47.52],[-96.863,47.5815],[-96.8945,47.679],[-96.932,47.732],[-96.9515,47.78],[-96.992,47.815],[-96.9865,47.8285],[-97.012,47.8775],[-97,47.924],[-97.035,47.952],[-97.0625,48.023],[-97.1065,48.097],[-97.1295,48.1705],[-97.13,48.212],[-97.115,48.281],[-97.144,48.3765],[-97.123,48.4285],[-97.1335,48.476],[-97.157,48.534],[-97.1485,48.5765],[-97.101,48.6505],[-97.1095,48.6985],[-97.141,48.7495],[-97.148,48.788],[-97.1775,48.842],[-97.229,48.9685],[-97.226,48.9925]]]},"properties":{"name":"Minnesota"}},{"type":"Feature","geometry":{"type":"MultiPolygon","coordinates":[[[[-84.4915,46.4575],[-84.423,46.5115],[-84.3525,46.5225],[-84.3055,46.5015],[-84.1975,46.5465],[-84.1475,46.5415],[-84.1105,46.5265],[-84.159,46.4335],[-84.1475,46.4],[-84.1055,46.3475],[-84.1225,46.3315],[-84.1775,46.352],[-84.2245,46.3555],[-84.215,46.296],[-84.1785,46.252],[-84.2025,46.2505],[-84.2585,46.2125],[-84.2165,46.174],[-84.1935,46.1895],[-84.1175,46.1835],[-84.108,46.1665],[-84.028,46.1495],[-84.0545,46.1165],[-84.0495,46.0935],[-83.9975,46.048],[-83.946,46.0385],[-83.8905,46.0115],[-83.903,45.982],[-84.0225,45.964],[-84.223,45.9935],[-84.2885,45.9915],[-84.3325,46.0055],[-84.356,45.9915],[-84.3975,46.0085],[-84.4535,46.0135],[-84.5335,45.9955],[-84.541,46.027],[-84.5765,46.0475],[-84.5965,46.0385],[-84.6565,46.0565],[-84.6775,46.0435],[-84.6885,45.991],[-84.7195,45.978],[-84.73,45.9525],[-84.724,45.8825],[-84.7345,45.857],[-84.781,45.8625],[-84.8245,45.8805],[-84.852,45.917],[-84.915,45.9365],[-84.9465,45.9715],[-85.021,46.025],[-85.118,46.0465],[-85.1705,46.0695],[-85.261,46.075],[-85.3395,46.1095],[-85.3705,46.0955],[-85.405,46.115],[-85.4455,46.1015],[-85.5255,46.107],[-85.5455,46.098],[-85.6105,46.0385],[-85.6445,45.9915],[-85.662,45.985],[-85.79,45.987],[-85.8975,45.9755],[-85.9235,45.953],[-85.9785,45.955],[-86.08,45.9735],[-86.252,45.9545],[-86.298,45.9265],[-86.3315,45.883],[-86.374,45.8065],[-86.4265,45.8],[-86.4475,45.7785],[-86.5245,45.762],[-86.537,45.727],[-86.569,45.7185],[-86.6035,45.669],[-86.6245,45.653],[-86.611,45.6235],[-86.632,45.6105],[-86.69,45.645],[-86.7125,45.6735],[-86.6765,45.707],[-86.659,45.7445],[-86.639,45.7515],[-86.6285,45.7845],[-86.563,45.781],[-86.569,45.8025],[-86.536,45.868],[-86.57,45.8925],[-86.627,45.8745],[-86.6775,45.8425],[-86.7385,45.868],[-86.779,45.8655],[-86.7825,45.834],[-86.817,45.8],[-86.817,45.785],[-86.857,45.7315],[-86.8885,45.719],[-86.9835,45.705],[-86.9815,45.7855],[-87.002,45.823],[-86.9965,45.8525],[-86.968,45.8885],[-86.9995,45.9095],[-87.018,45.858],[-87.0565,45.818],[-87.0775,45.7345],[-87.0945,45.7],[-87.1735,45.669],[-87.2125,45.6105],[-87.2365,45.593],[-87.282,45.539],[-87.3,45.491],[-87.328,45.4675],[-87.345,45.4225],[-87.5605,45.191],[-87.6035,45.1735],[-87.5995,45.105],[-87.6535,45.121],[-87.7265,45.183],[-87.735,45.1995],[-87.7265,45.244],[-87.682,45.3245],[-87.655,45.3615],[-87.695,45.3875],[-87.7685,45.3595],[-87.8405,45.357],[-87.882,45.3775],[-87.8685,45.44],[-87.812,45.4845],[-87.804,45.51],[-87.8215,45.5615],[-87.7915,45.5955],[-87.7965,45.622],[-87.8205,45.6525],[-87.8025,45.687],[-87.835,45.715],[-87.9095,45.7605],[-87.97,45.7665],[-87.998,45.787],[-88.0725,45.7875],[-88.1025,45.798],[-88.122,45.8265],[-88.0865,45.868],[-88.115,45.9245],[-88.1875,45.9595],[-88.2275,45.9585],[-88.278,45.973],[-88.336,45.9775],[-88.379,45.9965],[-88.418,45.9935],[-88.46,46.009],[-88.492,46.009],[-88.5375,46.026],[-88.642,46.008],[-88.7245,46.034],[-88.762,46.0285],[-88.8375,46.0355],[-89.119,46.148],[-89.5355,46.228],[-90.1185,46.3405],[-90.205,46.486],[-90.2305,46.5085],[-90.318,46.5355],[-90.334,46.5545],[-90.3925,46.548],[-90.4095,46.589],[-90.362,46.6085],[-90.2895,46.617],[-90.237,46.6405],[-90.0595,46.6805],[-90.0175,46.6975],[-89.835,46.8155],[-89.794,46.83],[-89.3975,46.864],[-89.308,46.8935],[-89.227,46.936],[-89.131,47.006],[-89.0615,46.999],[-88.9685,47.019],[-88.916,47.073],[-88.8865,47.115],[-88.852,47.1285],[-88.684,47.228],[-88.636,47.237],[-88.626,47.2145],[-88.635,47.151],[-88.613,47.136],[-88.5355,47.125],[-88.508,47.101],[-88.518,47.062],[-88.4615,47.02],[-88.441,46.982],[-88.483,46.848],[-88.4585,46.797],[-88.441,46.8005],[-88.3865,46.8545],[-88.389,46.8725],[-88.3395,46.881],[-88.235,46.944],[-88.1735,46.972],[-88.1545,46.953],[-88.1835,46.933],[-88.2395,46.913],[-88.2765,46.861],[-88.2465,46.8565],[-88.1985,46.9115],[-88.119,46.9275],[-88.064,46.931],[-87.903,46.921],[-87.7965,46.901],[-87.749,46.8825],[-87.731,46.855],[-87.677,46.8515],[-87.6605,46.82],[-87.6295,46.8285],[-87.598,46.7655],[-87.529,46.708],[-87.506,46.6735],[-87.468,46.6495],[-87.4595,46.6255],[-87.3925,46.5975],[-87.3875,46.547],[-87.348,46.5165],[-87.226,46.5025],[-87.183,46.5175],[-87.1115,46.5125],[-87.081,46.5395],[-87.042,46.539],[-87.0085,46.5535],[-86.9705,46.5405],[-86.93,46.488],[-86.897,46.483],[-86.882,46.46],[-86.8105,46.471],[-86.76,46.501],[-86.702,46.461],[-86.652,46.457],[-86.6255,46.444],[-86.5945,46.4655],[-86.5465,46.516],[-86.4885,46.5535],[-86.4365,46.5625],[-86.3965,46.586],[-86.283,46.622],[-86.1455,46.6905],[-86.091,46.6755],[-85.8605,46.7085],[-85.522,46.684],[-85.4755,46.6895],[-85.293,46.7545],[-85.2005,46.7755],[-85.123,46.78],[-85.039,46.7725],[-84.9525,46.7865],[-85.0135,46.724],[-85.031,46.607],[-85.018,46.573],[-85.056,46.533],[-85.0395,46.505],[-85.008,46.492],[-84.959,46.505],[-84.915,46.4845],[-84.8355,46.4595],[-84.7865,46.4595],[-84.715,46.4785],[-84.6565,46.502],[-84.6185,46.4845],[-84.594,46.458],[-84.6035,46.4375],[-84.57,46.4235],[-84.529,46.43],[-84.4915,46.4575]]],[[[-82.4165,43.0175],[-82.4145,42.983],[-82.453,42.919],[-82.4855,42.8185],[-82.4715,42.78],[-82.4835,42.7195],[-82.5115,42.6465],[-82.549,42.591],[-82.576,42.572],[-82.609,42.5795],[-82.637,42.5995],[-82.6255,42.616],[-82.6445,42.6405],[-82.6315,42.6695],[-82.7055,42.702],[-82.767,42.6655],[-82.815,42.652],[-82.8145,42.6315],[-82.7735,42.5995],[-82.8635,42.5575],[-82.8835,42.4965],[-82.8725,42.45],[-82.89,42.4035],[-82.938,42.366],[-83.0425,42.341],[-83.1255,42.2685],[-83.146,42.233],[-83.188,42.0955],[-83.1995,42.038],[-83.2215,41.9945],[-83.267,41.9825],[-83.253,41.9595],[-83.26,41.9345],[-83.3095,41.935],[-83.336,41.887],[-83.371,41.8775],[-83.4205,41.8105],[-83.4245,41.7635],[-83.4625,41.7595],[-83.465,41.733],[-83.64,41.729],[-83.8895,41.7195],[-84.0545,41.7165],[-84.303,41.7075],[-84.641,41.702],[-84.806,41.697],[-84.806,41.7585],[-85.262,41.759],[-85.8825,41.759],[-86.2705,41.7595],[-86.843,41.7595],[-86.801,41.777],[-86.7805,41.7985],[-86.721,41.8245],[-86.6565,41.876],[-86.603,41.94],[-86.4925,42.1295],[-86.379,42.255],[-86.3025,42.397],[-86.273,42.472],[-86.219,42.7095],[-86.2225,42.9645],[-86.2395,43.0165],[-86.264,43.0635],[-86.2725,43.1035],[-86.324,43.207],[-86.261,43.257],[-86.3565,43.258],[-86.505,43.5395],[-86.543,43.6275],[-86.5395,43.6665],[-86.522,43.699],[-86.4675,43.751],[-86.442,43.785],[-86.437,43.822],[-86.4615,43.935],[-86.4525,43.958],[-86.522,44.045],[-86.5185,44.083],[-86.4885,44.1125],[-86.4125,44.162],[-86.381,44.1985],[-86.3375,44.2755],[-86.2675,44.3745],[-86.254,44.4175],[-86.2685,44.45],[-86.2635,44.4955],[-86.234,44.5855],[-86.2415,44.6345],[-86.2695,44.6885],[-86.226,44.731],[-86.166,44.7515],[-86.103,44.7475],[-86.09,44.782],[-86.077,44.8715],[-86.081,44.903],[-86.0595,44.9225],[-86.001,44.9155],[-85.937,44.9835],[-85.8945,44.973],[-85.847,44.9495],[-85.8195,44.965],[-85.767,45.045],[-85.7615,45.0625],[-85.693,45.1145],[-85.642,45.186],[-85.5405,45.2135],[-85.563,45.1655],[-85.6035,45.144],[-85.604,45.1145],[-85.579,45.0615],[-85.623,45.0245],[-85.607,44.9495],[-85.6595,44.8545],[-85.628,44.7955],[-85.61,44.787],[-85.587,44.827],[-85.5695,44.9085],[-85.539,44.935],[-85.522,44.998],[-85.485,44.993],[-85.496,44.9235],[-85.5095,44.88],[-85.5455,44.844],[-85.566,44.769],[-85.5345,44.7745],[-85.4685,44.8585],[-85.424,44.93],[-85.3925,45.01],[-85.378,45.101],[-85.3995,45.227],[-85.3915,45.265],[-85.3345,45.3155],[-85.1745,45.377],[-85.13,45.3835],[-85.042,45.3795],[-84.986,45.383],[-84.9355,45.396],[-84.93,45.429],[-85.021,45.439],[-85.0695,45.471],[-85.104,45.527],[-85.1105,45.564],[-85.1035,45.6005],[-85.0825,45.6315],[-84.9945,45.683],[-84.9455,45.737],[-84.9945,45.772],[-84.823,45.765],[-84.7745,45.8],[-84.7385,45.8],[-84.7065,45.7785],[-84.576,45.7305],[-84.499,45.6815],[-84.4585,45.6705],[-84.3635,45.6765],[-84.318,45.674],[-84.224,45.6425],[-84.1925,45.622],[-84.15,45.5785],[-84.141,45.5455],[-84.116,45.512],[-84.096,45.5045],[-83.943,45.501],[-83.8975,45.484],[-83.844,45.4415],[-83.767,45.4225],[-83.7195,45.4225],[-83.6745,45.387],[-83.6035,45.367],[-83.51,45.3585],[-83.4655,45.339],[-83.3835,45.279],[-83.4095,45.259],[-83.409,45.238],[-83.358,45.1715],[-83.322,45.162],[-83.305,45.096],[-83.336,45.0465],[-83.3805,45.08],[-83.4345,45.065],[-83.46,44.998],[-83.4415,44.9875],[-83.4345,44.9535],[-83.4055,44.9275],[-83.3425,44.8925],[-83.309,44.833],[-83.2875,44.703],[-83.315,44.624],[-83.3215,44.408],[-83.3285,44.3675],[-83.3535,44.3295],[-83.3915,44.3265],[-83.4525,44.2855],[-83.4935,44.2855],[-83.5325,44.266],[-83.554,44.2305],[-83.564,44.1865],[-83.5725,44.1045],[-83.5905,44.0955],[-83.5925,44.0625],[-83.6785,44.045],[-83.696,44.0045],[-83.7365,44.011],[-83.7745,43.997],[-83.822,44.0045],[-83.8635,43.99],[-83.8895,43.9585],[-83.9255,43.8805],[-83.91,43.86],[-83.9315,43.84],[-83.9325,43.7915],[-83.9495,43.756],[-83.9435,43.728],[-83.9045,43.682],[-83.812,43.6445],[-83.761,43.6335],[-83.7195,43.6135],[-83.679,43.608],[-83.6395,43.6235],[-83.6045,43.6515],[-83.538,43.7265],[-83.4905,43.703],[-83.4525,43.7645],[-83.404,43.8135],[-83.389,43.8545],[-83.336,43.9015],[-83.3475,43.9135],[-83.3015,43.9385],[-83.267,43.9765],[-83.2405,43.989],[-83.1685,43.9905],[-83.1325,44.008],[-83.0865,44.014],[-83.0335,44.052],[-82.9685,44.0705],[-82.9235,44.07],[-82.8115,44.026],[-82.7425,43.9815],[-82.6895,43.9215],[-82.6725,43.87],[-82.637,43.812],[-82.5795,43.5285],[-82.547,43.451],[-82.5265,43.2765],[-82.476,43.102],[-82.4165,43.0175]]],[[[-88.636,48.0345],[-88.6875,48.0125],[-88.948,47.938],[-89.003,47.9035],[-88.9665,47.891],[-89.1375,47.835],[-89.1825,47.838],[-89.2155,47.866],[-89.202,47.8895],[-89.2155,47.917],[-89.1235,47.9645],[-88.983,48.016],[-88.833,48.0605],[-88.7405,48.1005],[-88.7085,48.1085],[-88.6325,48.15],[-88.55,48.1625],[-88.497,48.179],[-88.4755,48.1635],[-88.5755,48.116],[-88.5985,48.095],[-88.591,48.064],[-88.636,48.0345]]],[[[-86.604,46.473],[-86.676,46.475],[-86.6975,46.523],[-86.699,46.554],[-86.669,46.572],[-86.6455,46.5665],[-86.618,46.533],[-86.639,46.507],[-86.602,46.4965],[-86.604,46.473]]],[[[-87.715,47.417],[-87.7735,47.4],[-87.816,47.3985],[-87.8995,47.4085],[-87.954,47.3965],[-88.0175,47.3955],[-87.949,47.355],[-88.011,47.3195],[-88.0605,47.3035],[-88.0775,47.2795],[-88.1225,47.2625],[-88.176,47.2215],[-88.215,47.218],[-88.242,47.188],[-88.235,47.1495],[-88.2845,47.1405],[-88.298,47.1135],[-88.336,47.1005],[-88.376,47.0365],[-88.424,46.9925],[-88.4805,47.0545],[-88.462,47.088],[-88.4235,47.1105],[-88.405,47.181],[-88.4525,47.1585],[-88.4235,47.1435],[-88.4375,47.115],[-88.4825,47.1085],[-88.516,47.136],[-88.606,47.14],[-88.619,47.1525],[-88.6175,47.198],[-88.6055,47.239],[-88.5265,47.283],[-88.431,47.3725],[-88.3175,47.417],[-88.291,47.434],[-88.2495,47.4295],[-88.2095,47.4535],[-88.137,47.4735],[-88.0525,47.4845],[-87.8195,47.484],[-87.7475,47.4545],[-87.715,47.417]]],[[[-85.488,45.6355],[-85.504,45.6145],[-85.573,45.5915],[-85.625,45.615],[-85.5945,45.6945],[-85.558,45.7475],[-85.5555,45.7785],[-85.505,45.7525],[-85.501,45.6935],[-85.488,45.6355]]],[[[-85.4475,45.802],[-85.4635,45.7925],[-85.506,45.805],[-85.501,45.834],[-85.4475,45.802]]],[[[-83.4825,45.994],[-83.517,45.94],[-83.563,45.928],[-83.6165,45.9365],[-83.6575,45.955],[-83.7115,45.9375],[-83.7435,45.9505],[-83.781,45.9505],[-83.8325,45.9685],[-83.856,45.99],[-83.887,45.991],[-83.866,46.0265],[-83.805,45.998],[-83.778,46.021],[-83.6955,46.0455],[-83.6785,46.077],[-83.7165,46.091],[-83.6875,46.1105],[-83.624,46.108],[-83.562,46.076],[-83.5455,46.0295],[-83.4985,46.017],[-83.4825,45.994]]],[[[-84.384,45.958],[-84.425,45.9705],[-84.432,45.9915],[-84.384,45.9975],[-84.3425,45.957],[-84.384,45.958]]],[[[-84.367,45.7745],[-84.3855,45.7465],[-84.414,45.7335],[-84.488,45.744],[-84.5825,45.8135],[-84.559,45.824],[-84.466,45.811],[-84.432,45.8],[-84.42,45.8265],[-84.367,45.7745]]],[[[-86.091,45.032],[-86.1235,45.0015],[-86.15,45.025],[-86.1295,45.055],[-86.091,45.032]]],[[[-85.9745,45.0875],[-86.004,45.074],[-86.0295,45.09],[-86.063,45.142],[-86.022,45.169],[-85.9745,45.1345],[-85.988,45.097],[-85.9745,45.0875]]],[[[-84.1135,46.2485],[-84.142,46.2375],[-84.199,46.2935],[-84.192,46.3255],[-84.1585,46.3335],[-84.1215,46.297],[-84.1135,46.2485]]]]},"properties":{"name":"Michigan"}},{"type":"Feature","geometry":{"type":"Polygon","coordinates":[[[-80.52,41.9845],[-80.52,41.695],[-80.52,41.171],[-80.52,40.647],[-80.5805,40.619],[-80.5975,40.6265],[-80.6485,40.6195],[-80.677,40.589],[-80.6365,40.537],[-80.6015,40.4715],[-80.627,40.4095],[-80.6085,40.3795],[-80.6005,40.3235],[-80.6145,40.2865],[-80.657,40.2555],[-80.687,40.193],[-80.6945,40.1575],[-80.7245,40.1045],[-80.739,40.061],[-80.7415,39.997],[-80.7655,39.9535],[-80.7585,39.9295],[-80.8065,39.9095],[-80.7945,39.877],[-80.828,39.831],[-80.841,39.7905],[-80.871,39.771],[-80.839,39.7335],[-80.841,39.701],[-80.8625,39.6825],[-80.875,39.629],[-80.944,39.598],[-81.0555,39.53],[-81.0875,39.502],[-81.126,39.4535],[-81.1655,39.4425],[-81.227,39.3985],[-81.31,39.379],[-81.345,39.3535],[-81.3885,39.362],[-81.4205,39.4065],[-81.479,39.4005],[-81.5545,39.344],[-81.5695,39.2875],[-81.6825,39.271],[-81.698,39.237],[-81.746,39.1935],[-81.755,39.1655],[-81.7545,39.1055],[-81.819,39.076],[-81.8105,39.057],[-81.777,39.035],[-81.78,38.981],[-81.7645,38.949],[-81.7835,38.9325],[-81.812,38.951],[-81.835,38.9495],[-81.8485,38.9135],[-81.9015,38.874],[-81.9275,38.893],[-81.904,38.9365],[-81.924,38.9785],[-82.003,39.0215],[-82.0265,39.022],[-82.0585,39.003],[-82.092,38.9685],[-82.1365,38.899],[-82.1435,38.858],[-82.173,38.8085],[-82.2085,38.786],[-82.2115,38.7625],[-82.1875,38.7155],[-82.1925,38.6655],[-82.1775,38.612],[-82.1925,38.5955],[-82.263,38.5975],[-82.288,38.5665],[-82.3095,38.4785],[-82.3315,38.4435],[-82.4245,38.433],[-82.509,38.409],[-82.5525,38.4055],[-82.5895,38.4195],[-82.626,38.4775],[-82.698,38.5355],[-82.7365,38.5545],[-82.8265,38.5865],[-82.856,38.625],[-82.88,38.691],[-82.8865,38.745],[-82.924,38.7485],[-82.985,38.724],[-83.031,38.716],[-83.075,38.6795],[-83.102,38.6715],[-83.1335,38.628],[-83.1725,38.618],[-83.242,38.6235],[-83.305,38.6015],[-83.3685,38.66],[-83.4115,38.6725],[-83.447,38.672],[-83.4915,38.699],[-83.5345,38.7075],[-83.605,38.6895],[-83.6505,38.636],[-83.7145,38.6385],[-83.754,38.66],[-83.8215,38.7135],[-83.866,38.762],[-83.9725,38.7895],[-84.062,38.7755],[-84.084,38.778],[-84.1955,38.8105],[-84.227,38.841],[-84.2315,38.8855],[-84.2475,38.9195],[-84.2835,38.95],[-84.2965,39],[-84.322,39.0295],[-84.408,39.057],[-84.444,39.102],[-84.466,39.1115],[-84.5085,39.105],[-84.5945,39.074],[-84.637,39.0775],[-84.721,39.143],[-84.8235,39.0975],[-84.82,39.423],[-84.8165,39.748],[-84.814,39.992],[-84.809,40.4805],[-84.8055,40.8055],[-84.8005,41.2935],[-84.804,41.3685],[-84.806,41.697],[-84.641,41.702],[-84.303,41.7075],[-84.0545,41.7165],[-83.8895,41.7195],[-83.64,41.729],[-83.465,41.733],[-83.459,41.7215],[-83.3815,41.703],[-83.315,41.709],[-83.2185,41.646],[-83.156,41.626],[-83.0955,41.6195],[-83.019,41.5535],[-82.938,41.5315],[-82.8845,41.5365],[-82.856,41.551],[-82.828,41.5865],[-82.7855,41.5435],[-82.759,41.5515],[-82.711,41.543],[-82.6985,41.517],[-82.7665,41.515],[-82.822,41.4955],[-82.8675,41.5035],[-82.959,41.4895],[-82.979,41.4685],[-82.9255,41.4325],[-82.829,41.4705],[-82.7875,41.476],[-82.7595,41.463],[-82.709,41.4685],[-82.63,41.446],[-82.6165,41.4545],[-82.5465,41.4115],[-82.505,41.3955],[-82.4385,41.399],[-82.363,41.439],[-82.2945,41.441],[-82.251,41.45],[-82.173,41.483],[-82.0405,41.511],[-81.998,41.512],[-81.8775,41.49],[-81.839,41.492],[-81.799,41.508],[-81.743,41.4975],[-81.672,41.522],[-81.3485,41.7295],[-81.026,41.8455],[-80.957,41.855],[-80.896,41.873],[-80.8695,41.8935],[-80.8125,41.9015],[-80.7805,41.919],[-80.52,41.9845]]]},"properties":{"name":"Ohio"}},{"type":"Feature","geometry":{"type":"Polygon","coordinates":[[[-79.763,42.2685],[-79.763,42],[-79.4545,42],[-78.9105,41.9995],[-78.502,41.999],[-78.094,41.999],[-77.686,41.999],[-77.142,41.9985],[-76.5975,41.998],[-76.3255,41.998],[-75.7815,41.9975],[-75.339,41.9975],[-75.3395,41.984],[-75.263,41.948],[-75.249,41.8825],[-75.2325,41.873],[-75.1775,41.8795],[-75.1155,41.855],[-75.079,41.828],[-75.106,41.797],[-75.056,41.775],[-75.0515,41.753],[-75.0715,41.726],[-75.0575,41.688],[-75.064,41.6155],[-74.998,41.514],[-74.967,41.487],[-74.9225,41.4785],[-74.8865,41.4485],[-74.813,41.447],[-74.781,41.429],[-74.749,41.4345],[-74.7045,41.376],[-74.699,41.3565],[-74.78,41.328],[-74.7905,41.311],[-74.8445,41.273],[-74.8865,41.181],[-74.938,41.1275],[-74.9825,41.102],[-74.986,41.086],[-75.027,41.047],[-75.0825,41.026],[-75.129,40.998],[-75.1395,40.982],[-75.061,40.8915],[-75.0675,40.855],[-75.0935,40.838],[-75.1055,40.7955],[-75.1605,40.7905],[-75.1885,40.7585],[-75.1805,40.7425],[-75.198,40.7005],[-75.191,40.678],[-75.1955,40.619],[-75.182,40.5705],[-75.1395,40.5705],[-75.089,40.5585],[-75.0715,40.532],[-75.0645,40.454],[-75.036,40.415],[-75.0135,40.4035],[-74.9745,40.4145],[-74.9475,40.359],[-74.8955,40.3235],[-74.818,40.2415],[-74.7395,40.185],[-74.7285,40.163],[-74.77,40.13],[-74.838,40.115],[-74.8725,40.091],[-74.936,40.0705],[-74.975,40.0365],[-75.0235,40.0165],[-75.08,39.9865],[-75.1195,39.974],[-75.148,39.9025],[-75.2485,39.8675],[-75.2975,39.8715],[-75.3915,39.8395],[-75.4245,39.8065],[-75.495,39.833],[-75.6015,39.838],[-75.678,39.815],[-75.731,39.7825],[-75.7755,39.7225],[-75.7885,39.7215],[-76.3615,39.7215],[-76.708,39.7215],[-77.1695,39.7215],[-77.631,39.7215],[-77.862,39.7215],[-78.439,39.7215],[-78.785,39.7215],[-79.1315,39.7215],[-79.4775,39.722],[-79.868,39.7215],[-80.259,39.7215],[-80.5195,39.7215],[-80.5195,40.0805],[-80.52,40.4015],[-80.52,40.647],[-80.52,41.171],[-80.52,41.695],[-80.52,41.9845],[-80.47,41.997],[-80.4395,42.014],[-80.376,42.0235],[-80.2105,42.0925],[-80.1625,42.1185],[-80.1495,42.1415],[-80.111,42.1315],[-80.062,42.1555],[-80.019,42.167],[-79.974,42.1955],[-79.933,42.2055],[-79.889,42.2295],[-79.763,42.2685]]]},"properties":{"name":"Pennsylvania"}},{"type":"Feature","geometry":{"type":"MultiPolygon","coordinates":[[[[-79.065,43.1055],[-79.0485,43.1705],[-79.0585,43.278],[-78.9905,43.287],[-78.862,43.3245],[-78.754,43.338],[-78.6895,43.3615],[-78.38,43.396],[-78.227,43.38],[-78.1065,43.394],[-77.749,43.3445],[-77.696,43.319],[-77.6245,43.2715],[-77.583,43.257],[-77.538,43.257],[-77.4125,43.291],[-77.3665,43.298],[-76.983,43.2845],[-76.976,43.258],[-76.947,43.2595],[-76.93,43.301],[-76.827,43.3165],[-76.7625,43.3385],[-76.751,43.354],[-76.713,43.339],[-76.668,43.4015],[-76.595,43.4475],[-76.4905,43.484],[-76.4195,43.534],[-76.334,43.521],[-76.2465,43.5385],[-76.188,43.5865],[-76.2155,43.6015],[-76.2105,43.6235],[-76.168,43.6685],[-76.2205,43.695],[-76.2095,43.7375],[-76.2485,43.824],[-76.303,43.8585],[-76.2785,43.884],[-76.205,43.8745],[-76.146,43.917],[-76.1335,43.9565],[-76.087,43.9705],[-76.0605,43.9885],[-76.098,44.007],[-76.144,43.9835],[-76.206,43.9835],[-76.1845,44.0125],[-76.1325,44.046],[-76.1615,44.0775],[-76.2095,44.0855],[-76.2745,44.062],[-76.2875,44.0375],[-76.3295,44.085],[-76.3605,44.096],[-76.3575,44.1315],[-76.1835,44.223],[-76.054,44.2655],[-75.924,44.348],[-75.909,44.3635],[-75.8565,44.3795],[-75.8455,44.4015],[-75.781,44.4325],[-75.77,44.446],[-75.7915,44.4965],[-75.6995,44.5815],[-75.27,44.864],[-75.1295,44.925],[-75.0585,44.941],[-74.9985,44.9725],[-74.8685,45.01],[-74.713,44.9995],[-74.3965,44.9995],[-73.9975,45.0015],[-73.3515,45.0045],[-73.3375,44.9555],[-73.3485,44.9125],[-73.3745,44.8745],[-73.3755,44.844],[-73.338,44.801],[-73.36,44.6905],[-73.376,44.6525],[-73.3665,44.574],[-73.31,44.5],[-73.2945,44.4695],[-73.2965,44.4305],[-73.3325,44.364],[-73.319,44.304],[-73.33,44.235],[-73.3735,44.2105],[-73.39,44.161],[-73.4385,44.053],[-73.41,44.006],[-73.401,43.92],[-73.3795,43.8815],[-73.3865,43.827],[-73.3655,43.798],[-73.3685,43.7475],[-73.4205,43.6485],[-73.4235,43.5945],[-73.4085,43.571],[-73.381,43.5805],[-73.357,43.622],[-73.3015,43.624],[-73.277,43.578],[-73.247,43.552],[-73.257,43.2025],[-73.2665,42.8635],[-73.288,42.7975],[-73.2655,42.7455],[-73.4355,42.2785],[-73.507,42.079],[-73.4805,42.0545],[-73.5195,41.5915],[-73.5445,41.295],[-73.484,41.218],[-73.723,41.1035],[-73.643,41.001],[-73.677,40.955],[-73.711,40.953],[-73.7645,40.91],[-73.788,40.872],[-73.8115,40.871],[-73.82,40.839],[-73.7975,40.813],[-73.927,40.805],[-73.9325,40.8255],[-73.909,40.8685],[-73.922,40.887],[-73.898,40.9305],[-73.872,41.0335],[-73.8755,41.1535],[-73.8955,41.203],[-73.9405,41.236],[-73.957,41.258],[-73.945,41.291],[-73.982,41.284],[-73.97,41.219],[-73.9525,41.1895],[-73.918,41.1635],[-73.9205,41.102],[-73.9065,41.0165],[-73.907,40.991],[-74.402,41.219],[-74.699,41.3565],[-74.7045,41.376],[-74.749,41.4345],[-74.781,41.429],[-74.813,41.447],[-74.8865,41.4485],[-74.9225,41.4785],[-74.967,41.487],[-74.998,41.514],[-75.064,41.6155],[-75.0575,41.688],[-75.0715,41.726],[-75.0515,41.753],[-75.056,41.775],[-75.106,41.797],[-75.079,41.828],[-75.1155,41.855],[-75.1775,41.8795],[-75.2325,41.873],[-75.249,41.8825],[-75.263,41.948],[-75.3395,41.984],[-75.339,41.9975],[-75.7815,41.9975],[-76.3255,41.998],[-76.5975,41.998],[-77.142,41.9985],[-77.686,41.999],[-78.094,41.999],[-78.502,41.999],[-78.9105,41.9995],[-79.4545,42],[-79.763,42],[-79.763,42.2685],[-79.7035,42.2945],[-79.6285,42.339],[-79.56,42.358],[-79.5265,42.384],[-79.471,42.407],[-79.424,42.4545],[-79.3685,42.49],[-79.3085,42.51],[-79.256,42.5355],[-79.235,42.557],[-79.1505,42.581],[-79.1175,42.627],[-79.0965,42.6345],[-79.0595,42.6885],[-79.0315,42.714],[-78.916,42.7575],[-78.871,42.7985],[-78.8675,42.8455],[-78.9015,42.908],[-78.909,42.9525],[-78.9365,42.9795],[-78.928,43.002],[-78.893,43.0295],[-78.888,43.0515],[-78.915,43.0765],[-79.026,43.0865],[-79.065,43.1055]]],[[[-73.9335,40.797],[-73.972,40.7405],[-73.976,40.714],[-74.017,40.6995],[-74.003,40.756],[-73.939,40.854],[-73.9335,40.797]]],[[[-73.256,40.639],[-73.3205,40.635],[-73.3895,40.617],[-73.574,40.575],[-73.5665,40.5905],[-73.3395,40.6445],[-73.2695,40.6495],[-73.256,40.639]]],[[[-74.126,40.6335],[-74.0835,40.6495],[-74.0535,40.6025],[-74.102,40.5545],[-74.1925,40.5115],[-74.243,40.4995],[-74.2415,40.539],[-74.207,40.5605],[-74.192,40.6285],[-74.171,40.6435],[-74.126,40.6335]]],[[[-72.8815,40.7345],[-72.9135,40.713],[-73.041,40.6725],[-73.1475,40.6445],[-73.1765,40.651],[-73.0405,40.682],[-72.949,40.7155],[-72.8815,40.7345]]],[[[-71.919,41.065],[-71.9035,41.0845],[-71.8575,41.0715],[-71.885,41.0455],[-71.9295,41.038],[-72.009,41.0075],[-72.087,40.9835],[-72.4065,40.862],[-72.4485,40.868],[-72.459,40.8855],[-72.5005,40.876],[-72.491,40.847],[-72.542,40.8205],[-72.6055,40.8015],[-72.6785,40.791],[-72.727,40.808],[-72.765,40.783],[-72.8135,40.7815],[-72.853,40.7495],[-72.8895,40.7655],[-72.947,40.742],[-73.012,40.7495],[-73.0335,40.7315],[-73.099,40.7205],[-73.1405,40.726],[-73.158,40.6995],[-73.2335,40.7145],[-73.275,40.687],[-73.3175,40.6835],[-73.372,40.6625],[-73.561,40.638],[-73.653,40.6015],[-73.668,40.626],[-73.696,40.6215],[-73.7105,40.595],[-73.5755,40.593],[-73.582,40.5845],[-73.7075,40.583],[-73.768,40.5895],[-73.8125,40.5835],[-73.9395,40.542],[-73.9395,40.5555],[-73.79,40.6005],[-73.769,40.6185],[-73.8295,40.649],[-73.869,40.64],[-73.893,40.6145],[-73.878,40.582],[-73.9265,40.5835],[-73.988,40.5695],[-74.03,40.6055],[-74.036,40.639],[-73.9975,40.696],[-73.9695,40.7085],[-73.957,40.743],[-73.9085,40.7885],[-73.861,40.7765],[-73.823,40.7975],[-73.75,40.7915],[-73.7645,40.81],[-73.72,40.866],[-73.6745,40.857],[-73.6535,40.868],[-73.6325,40.8995],[-73.5655,40.9145],[-73.5205,40.9175],[-73.535,40.8785],[-73.48,40.877],[-73.469,40.9015],[-73.494,40.927],[-73.4855,40.9455],[-73.4315,40.9335],[-73.4205,40.9005],[-73.3585,40.9005],[-73.3605,40.925],[-73.293,40.9245],[-73.2245,40.9085],[-73.1785,40.919],[-73.148,40.9455],[-73.153,40.9625],[-73.113,40.9735],[-73.0485,40.963],[-73.009,40.967],[-72.9005,40.9635],[-72.83,40.969],[-72.781,40.965],[-72.696,40.981],[-72.606,40.99],[-72.4715,41.056],[-72.445,41.086],[-72.413,41.09],[-72.3435,41.1405],[-72.2895,41.161],[-72.2415,41.147],[-72.2895,41.1135],[-72.3045,41.132],[-72.3435,41.114],[-72.4125,41.065],[-72.3905,41.0315],[-72.431,41.0305],[-72.4335,40.993],[-72.5205,40.985],[-72.543,40.9565],[-72.58,40.933],[-72.616,40.9275],[-72.6245,40.908],[-72.5845,40.9005],[-72.5635,40.9125],[-72.5015,40.8975],[-72.457,40.9105],[-72.441,40.943],[-72.408,40.9505],[-72.367,40.9945],[-72.321,41.006],[-72.27,41.0025],[-72.2335,41.044],[-72.214,41.04],[-72.1555,41.055],[-72.109,41.0015],[-72.05,41.0175],[-71.9925,41.0495],[-71.959,41.0465],[-71.958,41.0695],[-71.919,41.065]]],[[[-71.9985,41.2515],[-72.022,41.277],[-71.954,41.2865],[-71.9985,41.2515]]],[[[-72.3415,41.0905],[-72.2805,41.079],[-72.2865,41.034],[-72.3175,41.049],[-72.359,41.046],[-72.3725,41.0685],[-72.3415,41.0905]]],[[[-78.9815,42.979],[-79.022,43.0105],[-79.0115,43.0655],[-78.959,43.071],[-78.9175,43.0585],[-78.9125,43.037],[-78.9645,42.9765],[-78.9815,42.979]]],[[[-76.0515,44.34],[-75.996,44.34],[-75.973,44.369],[-75.9335,44.353],[-76.0215,44.3005],[-76.0515,44.34]]],[[[-76.1585,44.285],[-76.144,44.2995],[-76.072,44.313],[-76.065,44.2995],[-76.1265,44.2685],[-76.1585,44.285]]],[[[-76.216,44.0315],[-76.2415,43.997],[-76.2805,44.0085],[-76.256,44.0315],[-76.216,44.0315]]]]},"properties":{"name":"New York"}},{"type":"Feature","geometry":{"type":"MultiPolygon","coordinates":[[[[-73.3515,45.0045],[-73.9975,45.0015],[-74.3965,44.9995],[-74.713,44.9995],[-74.635,45.014],[-74.4735,45.067],[-74.437,45.0865],[-74.407,45.1145],[-74.3995,45.145],[-74.308,45.184],[-74.2195,45.1975],[-74.1455,45.234],[-74.0485,45.2325],[-74.0045,45.245],[-73.9645,45.268],[-73.889,45.337],[-73.8575,45.34],[-73.776,45.3815],[-73.745,45.4125],[-73.6875,45.431],[-73.5575,45.4145],[-73.519,45.4265],[-73.5025,45.4635],[-73.5225,45.5045],[-73.522,45.54],[-73.4905,45.584],[-73.4605,45.608],[-73.447,45.642],[-73.457,45.6725],[-73.449,45.7045],[-73.413,45.7515],[-73.2595,45.854],[-73.2065,45.9155],[-73.2075,45.9705],[-73.178,46.004],[-73.168,46.036],[-73.14,46.0585],[-73.0405,46.0735],[-72.9325,46.1445],[-72.9095,46.1355],[-72.8435,46.142],[-72.7585,46.1725],[-72.731,46.1765],[-72.6695,46.215],[-72.6705,46.2475],[-72.5565,46.3055],[-72.496,46.3605],[-72.398,46.3965],[-72.2745,46.4205],[-72.2415,46.4435],[-72.19,46.526],[-72.1025,46.56],[-72.0075,46.5715],[-71.9605,46.615],[-71.905,46.64],[-71.867,46.6665],[-71.8455,46.6685],[-71.7605,46.634],[-71.714,46.632],[-71.3025,46.745],[-71.2435,46.7755],[-71.205,46.787],[-71.158,46.841],[-71.1155,46.8535],[-71.019,46.8515],[-70.9735,46.862],[-70.902,46.903],[-70.857,46.8955],[-70.8155,46.9165],[-70.7655,46.923],[-70.727,46.9565],[-70.6,46.997],[-70.535,47.0105],[-70.388,47.116],[-70.2865,47.209],[-70.2265,47.2865],[-70.195,47.3155],[-70.076,47.369],[-70.0505,47.4],[-70.031,47.4695],[-70.0005,47.4995],[-69.9595,47.5125],[-69.934,47.537],[-69.9005,47.5455],[-69.802,47.6225],[-69.6895,47.7285],[-69.55,47.844],[-69.548,47.8895],[-69.4455,47.992],[-69.3615,48.013],[-69.324,48.0305],[-69.2535,48.0925],[-69.1525,48.1465],[-69.0545,48.2325],[-68.9645,48.288],[-68.8445,48.3425],[-68.806,48.3725],[-68.726,48.3765],[-68.6385,48.432],[-68.5615,48.4515],[-68.5235,48.471],[-68.4635,48.529],[-68.425,48.547],[-68.3535,48.556],[-68.314,48.587],[-68.2055,48.642],[-68.1325,48.6525],[-68.0825,48.685],[-68.0335,48.698],[-67.962,48.7015],[-67.718,48.796],[-67.6715,48.818],[-67.6035,48.8325],[-67.547,48.8625],[-67.425,48.8735],[-67.362,48.904],[-67.2925,48.9245],[-67.1175,48.963],[-66.8795,49.0465],[-66.622,49.1225],[-66.5265,49.1335],[-66.2195,49.208],[-66.055,49.2245],[-65.883,49.2245],[-65.684,49.2425],[-65.566,49.2665],[-65.396,49.261],[-65.277,49.2445],[-64.9635,49.2195],[-64.878,49.1955],[-64.8225,49.189],[-64.7585,49.157],[-64.6885,49.1325],[-64.6135,49.123],[-64.5525,49.0975],[-64.449,49.0345],[-64.3965,49.012],[-64.34,48.97],[-64.2985,48.959],[-64.2815,48.9345],[-64.221,48.8945],[-64.2065,48.8695],[-64.217,48.828],[-64.175,48.7845],[-64.253,48.8065],[-64.3035,48.8305],[-64.5295,48.8825],[-64.46,48.828],[-64.397,48.8215],[-64.3765,48.8],[-64.388,48.7805],[-64.328,48.756],[-64.278,48.726],[-64.2355,48.678],[-64.1895,48.6575],[-64.162,48.6295],[-64.2575,48.619],[-64.278,48.5885],[-64.279,48.5615],[-64.1995,48.5205],[-64.2205,48.496],[-64.2645,48.4865],[-64.32,48.456],[-64.329,48.4195],[-64.4445,48.407],[-64.545,48.3875],[-64.6625,48.35],[-64.7045,48.3235],[-64.7795,48.204],[-64.909,48.177],[-64.9635,48.186],[-64.95,48.15],[-64.988,48.126],[-65.0515,48.1015],[-65.181,48.043],[-65.2855,48.0125],[-65.432,48.0035],[-65.4775,48.02],[-65.5035,48.052],[-65.577,48.064],[-65.6675,48.096],[-65.784,48.1155],[-65.82,48.13],[-65.8585,48.1595],[-65.8905,48.1705],[-65.891,48.208],[-65.953,48.1955],[-66.046,48.115],[-66.0955,48.097],[-66.183,48.1155],[-66.2705,48.1165],[-66.2745,48.073],[-66.3255,48.081],[-66.3415,48.102],[-66.376,48.114],[-66.4735,48.12],[-66.5155,48.108],[-66.543,48.0585],[-66.632,48.0545],[-66.6635,48.034],[-66.843,47.997],[-66.894,47.992],[-66.9385,47.968],[-66.9495,47.9485],[-66.939,47.917],[-66.9615,47.8945],[-67.0295,47.927],[-67.073,47.9265],[-67.144,47.8965],[-67.203,47.8855],[-67.234,47.8935],[-67.32,47.896],[-67.351,47.8495],[-67.3915,47.85],[-67.407,47.877],[-67.497,47.912],[-67.606,47.938],[-67.613,47.9975],[-68.1135,47.9975],[-68.1135,47.9285],[-68.378,47.9285],[-68.378,47.608],[-68.387,47.5585],[-68.408,47.5365],[-68.465,47.501],[-68.5525,47.437],[-68.584,47.422],[-68.7645,47.3625],[-68.8365,47.344],[-68.9835,47.315],[-69.0635,47.291],[-69.066,47.3295],[-69.054,47.4185],[-69.0695,47.432],[-69.222,47.4595],[-69.2675,47.44],[-69.448,47.2605],[-69.8095,46.9015],[-70.008,46.704],[-70.0235,46.6615],[-70.062,46.4455],[-70.0745,46.4195],[-70.153,46.373],[-70.1885,46.3585],[-70.202,46.3055],[-70.236,46.2885],[-70.281,46.212],[-70.244,46.141],[-70.2645,46.1065],[-70.3115,46.072],[-70.293,46.054],[-70.317,45.999],[-70.304,45.9685],[-70.263,45.957],[-70.2625,45.923],[-70.283,45.8905],[-70.3125,45.8675],[-70.39,45.825],[-70.417,45.794],[-70.404,45.771],[-70.4075,45.7315],[-70.439,45.706],[-70.473,45.7035],[-70.5895,45.652],[-70.687,45.5725],[-70.7305,45.508],[-70.723,45.471],[-70.6505,45.4275],[-70.6535,45.3955],[-70.6965,45.3885],[-70.772,45.43],[-70.813,45.4235],[-70.834,45.393],[-70.8355,45.31],[-70.8725,45.274],[-70.8745,45.2455],[-70.907,45.246],[-70.9515,45.332],[-70.968,45.3445],[-71.0165,45.343],[-71.0545,45.3105],[-71.085,45.3045],[-71.1415,45.2525],[-71.2095,45.255],[-71.2935,45.2925],[-71.3345,45.2885],[-71.395,45.2415],[-71.439,45.2335],[-71.4065,45.205],[-71.4415,45.1505],[-71.4565,45.111],[-71.505,45.053],[-71.506,45.0135],[-71.8035,45.012],[-72.302,45.01],[-72.6015,45.0085],[-73.0005,45.0065],[-73.3515,45.0045]]],[[[-79.521,50.943],[-79.423,50.8565],[-79.392,50.805],[-79.369,50.8115],[-79.4095,50.8705],[-79.464,50.919],[-79.498,50.934],[-79.521,50.9655],[-79.521,51.4665],[-79.5295,51.5095],[-79.56,51.5555],[-79.5165,51.5605],[-79.468,51.58],[-79.346,51.662],[-79.323,51.667],[-79.2445,51.631],[-79.2855,51.552],[-79.266,51.528],[-79.184,51.5255],[-79.128,51.5425],[-79.083,51.5065],[-79.029,51.48],[-79.0065,51.456],[-79.0055,51.419],[-78.9705,51.3775],[-78.9525,51.3115],[-78.935,51.2815],[-78.9605,51.258],[-78.953,51.219],[-78.9125,51.1825],[-78.847,51.1645],[-78.883,51.2075],[-78.92,51.233],[-78.9035,51.3045],[-78.84,51.363],[-78.8795,51.3745],[-78.882,51.4035],[-78.8335,51.4325],[-78.794,51.4745],[-78.7535,51.486],[-78.813,51.5145],[-78.8195,51.568],[-78.7925,51.611],[-78.841,51.617],[-78.8675,51.647],[-78.9295,51.6605],[-78.9365,51.7],[-78.9915,51.727],[-79.0195,51.763],[-79.015,51.796],[-78.924,51.798],[-78.8765,51.815],[-78.8405,51.8425],[-78.8395,51.8685],[-78.8685,51.8905],[-78.8925,51.947],[-78.747,51.977],[-78.7195,52.014],[-78.696,52.0185],[-78.71,52.0565],[-78.6695,52.055],[-78.6555,52.0835],[-78.5915,52.106],[-78.559,52.1655],[-78.5315,52.2],[-78.5465,52.2465],[-78.4485,52.2725],[-78.559,52.289],[-78.512,52.33],[-78.4995,52.356],[-78.5315,52.3955],[-78.51,52.4215],[-78.5405,52.4495],[-78.5215,52.481],[-78.563,52.5335],[-78.5865,52.5425],[-78.6325,52.5315],[-78.6675,52.556],[-78.765,52.5705],[-78.7105,52.5945],[-78.724,52.6525],[-78.7855,52.659],[-78.7615,52.684],[-78.7835,52.7005],[-78.7855,52.741],[-78.85,52.7575],[-78.831,52.7825],[-78.7575,52.7825],[-78.7265,52.798],[-78.775,52.826],[-78.69,52.885],[-78.783,52.8715],[-78.8285,52.874],[-78.8675,52.8925],[-78.89,52.922],[-78.8525,52.9605],[-78.822,52.967],[-78.8485,53.0115],[-78.927,53.005],[-78.984,53.0285],[-78.9455,53.0385],[-78.916,53.064],[-78.9775,53.07],[-78.916,53.166],[-78.9375,53.1865],[-78.9015,53.201],[-78.9195,53.225],[-78.8955,53.2685],[-78.943,53.283],[-78.9375,53.317],[-78.9645,53.3445],[-78.943,53.382],[-78.9915,53.4535],[-79.0655,53.448],[-79.1145,53.509],[-79.07,53.5305],[-79.0285,53.499],[-78.957,53.5165],[-79.0015,53.533],[-78.9325,53.555],[-78.965,53.609],[-78.998,53.618],[-79.025,53.6045],[-79.0565,53.6205],[-79.039,53.639],[-79.0195,53.694],[-79.1305,53.706],[-79.127,53.723],[-79.0575,53.72],[-79.039,53.7415],[-79.0635,53.757],[-79.0465,53.79],[-79.0735,53.8035],[-79.019,53.824],[-79.0135,53.846],[-78.9405,53.822],[-78.9285,53.8435],[-78.9715,53.855],[-79.066,53.8575],[-79.059,53.88],[-79.08,53.9165],[-78.9915,53.913],[-79.0425,53.947],[-79.039,53.9675],[-79.0735,54.0025],[-78.9795,54.019],[-79.1075,54.064],[-79.137,54.083],[-79.2695,54.0835],[-79.2665,54.0995],[-79.169,54.091],[-79.1295,54.1075],[-79.101,54.1395],[-79.0465,54.1805],[-79.1015,54.1875],[-79.1625,54.1805],[-79.214,54.1635],[-79.238,54.1805],[-79.356,54.1985],[-79.327,54.228],[-79.3345,54.2485],[-79.408,54.271],[-79.4155,54.297],[-79.464,54.31],[-79.4635,54.3535],[-79.4915,54.386],[-79.505,54.427],[-79.4905,54.4625],[-79.54,54.535],[-79.601,54.5645],[-79.5295,54.577],[-79.5385,54.6045],[-79.582,54.6065],[-79.5935,54.633],[-79.6995,54.653],[-79.7655,54.653],[-79.6765,54.694],[-79.547,54.74],[-79.4845,54.7565],[-79.411,54.7625],[-79.384,54.7755],[-79.3245,54.7795],[-79.2925,54.7975],[-78.9675,54.852],[-78.875,54.9075],[-78.773,54.926],[-78.7265,54.9445],[-78.5785,54.9755],[-78.5295,55.004],[-78.45,55.0235],[-78.392,55.0275],[-78.2375,55.092],[-78.1555,55.14],[-78.0455,55.181],[-78.008,55.1885],[-77.8745,55.2485],[-77.7815,55.2735],[-77.675,55.367],[-77.636,55.377],[-77.2375,55.5915],[-77.113,55.6755],[-77.109,55.7055],[-77.164,55.709],[-77.0445,55.783],[-76.901,55.9005],[-76.822,55.952],[-76.8085,55.986],[-76.7115,56.0185],[-76.6585,56.073],[-76.622,56.1395],[-76.6155,56.1765],[-76.5785,56.256],[-76.545,56.295],[-76.515,56.438],[-76.526,56.494],[-76.5275,56.5945],[-76.507,56.7115],[-76.5035,56.784],[-76.5275,56.898],[-76.5415,56.9385],[-76.558,57.031],[-76.533,57.087],[-76.5325,57.1155],[-76.558,57.141],[-76.5655,57.192],[-76.5895,57.2715],[-76.6565,57.4045],[-76.6865,57.427],[-76.735,57.5],[-76.7645,57.559],[-76.8055,57.6135],[-76.8085,57.6755],[-76.9135,57.7765],[-76.95,57.828],[-77.0085,57.866],[-77.0795,57.9615],[-77.1065,57.966],[-77.1485,58.0175],[-77.202,58.056],[-77.2645,58.0865],[-77.3225,58.0945],[-77.4015,58.148],[-77.491,58.1685],[-77.445,58.1845],[-77.4705,58.212],[-77.532,58.2305],[-77.6005,58.2715],[-77.6965,58.285],[-77.7705,58.319],[-77.9565,58.36],[-78.0315,58.388],[-78.0145,58.424],[-78.079,58.456],[-78.1275,58.455],[-78.1435,58.4755],[-78.2025,58.505],[-78.2675,58.519],[-78.3125,58.573],[-78.372,58.614],[-78.43,58.621],[-78.3835,58.577],[-78.32,58.5465],[-78.3725,58.542],[-78.4465,58.5795],[-78.4775,58.614],[-78.549,58.609],[-78.571,58.6385],[-78.5595,58.665],[-78.4735,58.72],[-78.5425,58.765],[-78.4965,58.783],[-78.496,58.832],[-78.5215,58.8575],[-78.56,58.9445],[-78.518,58.9635],[-78.4645,58.918],[-78.4345,58.9545],[-78.3885,58.9635],[-78.3525,58.9515],[-78.3675,58.919],[-78.3165,58.9255],[-78.3045,58.96],[-78.2435,58.998],[-78.2795,59.017],[-78.2855,59.053],[-78.2545,59.07],[-78.205,59.0735],[-78.1315,59.108],[-78.1555,59.155],[-78.0865,59.1615],[-78.1065,59.21],[-78.0755,59.227],[-77.9985,59.2445],[-77.95,59.268],[-77.9065,59.269],[-77.819,59.293],[-77.8695,59.3205],[-77.785,59.3265],[-77.77,59.3505],[-77.806,59.368],[-77.7705,59.4085],[-77.793,59.4325],[-77.8905,59.4015],[-77.9155,59.419],[-77.8895,59.4455],[-77.847,59.457],[-77.881,59.485],[-77.8415,59.5085],[-77.737,59.5395],[-77.716,59.6215],[-77.7675,59.639],[-77.7985,59.683],[-77.706,59.7035],[-77.6685,59.6765],[-77.552,59.6765],[-77.4875,59.648],[-77.463,59.6765],[-77.5455,59.6895],[-77.503,59.7065],[-77.5455,59.745],[-77.4685,59.7475],[-77.45,59.779],[-77.411,59.7935],[-77.3215,59.7905],[-77.2915,59.7995],[-77.3515,59.867],[-77.3715,59.9005],[-77.347,59.965],[-77.283,60.0265],[-77.2095,60.0455],[-77.2155,60.0585],[-77.3045,60.0365],[-77.346,60.06],[-77.3945,60.0665],[-77.4185,60.0465],[-77.556,60.053],[-77.5865,60.0665],[-77.5795,60.0945],[-77.6005,60.115],[-77.5335,60.1345],[-77.463,60.133],[-77.5355,60.1835],[-77.514,60.208],[-77.4695,60.217],[-77.564,60.2675],[-77.622,60.2725],[-77.5935,60.321],[-77.634,60.3615],[-77.716,60.3825],[-77.7425,60.426],[-77.6965,60.465],[-77.5915,60.5025],[-77.547,60.5475],[-77.415,60.547],[-77.461,60.5665],[-77.542,60.5755],[-77.6175,60.56],[-77.686,60.5585],[-77.7705,60.5925],[-77.8295,60.6435],[-77.701,60.7085],[-77.671,60.7325],[-77.607,60.759],[-77.6295,60.775],[-77.7185,60.781],[-77.5105,60.835],[-77.561,60.839],[-77.895,60.7525],[-77.86,60.7925],[-77.8805,60.8275],[-77.9195,60.8355],[-78.0455,60.807],[-78.1965,60.7925],[-78.1655,60.8685],[-78.122,60.8865],[-78.094,60.917],[-78.0225,60.951],[-78.003,60.9725],[-77.8615,61.0545],[-77.8095,61.057],[-77.8125,61.088],[-77.79,61.146],[-77.765,61.1795],[-77.703,61.191],[-77.6925,61.2075],[-77.7515,61.232],[-77.7235,61.273],[-77.744,61.297],[-77.7565,61.4],[-77.7855,61.4545],[-77.6825,61.465],[-77.6075,61.4645],[-77.5455,61.4855],[-77.6335,61.5095],[-77.666,61.5275],[-77.6545,61.554],[-77.6035,61.564],[-77.5685,61.5475],[-77.4765,61.54],[-77.501,61.5635],[-77.5455,61.576],[-77.634,61.582],[-77.599,61.6085],[-77.7085,61.6165],[-77.764,61.666],[-77.8145,61.692],[-77.94,61.6935],[-77.9895,61.715],[-78.0045,61.7665],[-78.046,61.8375],[-78.085,61.888],[-78.073,61.924],[-78.094,61.977],[-78.131,62],[-72.6035,62],[-72.608,61.972],[-72.6885,61.9455],[-72.6915,61.9025],[-72.796,61.8355],[-72.755,61.8355],[-72.693,61.8755],[-72.6315,61.821],[-72.605,61.8415],[-72.6315,61.8955],[-72.605,61.9435],[-72.488,61.924],[-72.357,61.8895],[-72.2325,61.8815],[-72.203,61.866],[-72.1505,61.8005],[-72.2065,61.793],[-72.2245,61.766],[-72.2065,61.7385],[-72.141,61.7575],[-72.0765,61.745],[-72.0345,61.7005],[-71.995,61.677],[-72.0245,61.6415],[-72.085,61.6065],[-72.2015,61.6175],[-72.221,61.6015],[-72.0835,61.589],[-71.972,61.6105],[-71.938,61.6775],[-71.957,61.711],[-71.7605,61.677],[-71.652,61.65],[-71.581,61.614],[-71.5485,61.5745],[-71.567,61.5585],[-71.624,61.5655],[-71.638,61.547],[-71.6915,61.5395],[-71.8035,61.5425],[-71.782,61.5045],[-71.748,61.479],[-71.8555,61.424],[-71.7955,61.4235],[-71.7345,61.41],[-71.6185,61.418],[-71.672,61.3755],[-71.796,61.369],[-71.8055,61.348],[-71.7415,61.348],[-71.6855,61.3345],[-71.6965,61.2775],[-71.597,61.2595],[-71.618,61.2345],[-71.573,61.2205],[-71.556,61.1975],[-71.5805,61.161],[-71.508,61.17],[-71.5355,61.211],[-71.4975,61.231],[-71.4595,61.2135],[-71.444,61.1845],[-71.395,61.1495],[-71.275,61.1555],[-71.2315,61.1675],[-71.1975,61.126],[-71.1675,61.141],[-71.1115,61.125],[-71.039,61.132],[-70.9555,61.116],[-70.9275,61.0925],[-70.9395,61.074],[-70.847,61.0755],[-70.803,61.057],[-70.762,61.086],[-70.6585,61.054],[-70.6675,61.027],[-70.6035,61.033],[-70.5075,61.065],[-70.4725,61.054],[-70.402,61.086],[-70.3635,61.069],[-70.325,61.1005],[-70.229,61.0735],[-70.189,61.088],[-70.11,61.06],[-70.151,61.0405],[-70.149,61.011],[-70.1115,60.996],[-70.091,60.969],[-70.105,60.926],[-70.065,60.858],[-69.995,60.849],[-69.916,60.81],[-69.887,60.865],[-69.8205,60.9045],[-69.7405,60.923],[-69.7395,60.886],[-69.7025,60.8745],[-69.6625,60.885],[-69.651,60.917],[-69.6915,60.959],[-69.679,61.0125],[-69.651,61.0645],[-69.601,61.085],[-69.5365,61.0795],[-69.507,61.054],[-69.4735,61],[-69.4485,60.9835],[-69.4245,60.923],[-69.3695,60.917],[-69.3875,60.882],[-69.3695,60.824],[-69.3815,60.8],[-69.443,60.7755],[-69.506,60.77],[-69.6025,60.7385],[-69.644,60.7085],[-69.72,60.684],[-69.683,60.643],[-69.6975,60.608],[-69.6575,60.584],[-69.688,60.5565],[-69.808,60.5355],[-69.829,60.5255],[-69.7495,60.462],[-69.776,60.4245],[-69.7355,60.4115],[-69.72,60.3755],[-69.7535,60.333],[-69.7535,60.3065],[-69.7125,60.3],[-69.657,60.2415],[-69.6025,60.2245],[-69.651,60.1835],[-69.5995,60.1835],[-69.611,60.101],[-69.6465,60.0685],[-69.6955,60.0665],[-69.7355,60.049],[-69.7745,60.0665],[-69.8265,60.0715],[-69.8425,60.029],[-69.773,60.0045],[-69.8215,59.989],[-69.901,60.005],[-70.295,60.0255],[-70.3295,60.006],[-70.572,59.995],[-70.6505,60.022],[-70.9215,60.0555],[-70.863,60.0295],[-70.7215,60.009],[-70.5775,59.977],[-70.48,59.971],[-70.3845,59.9915],[-70.3225,59.9775],[-70.2265,59.9865],[-70.165,59.964],[-70.045,59.951],[-69.942,59.964],[-69.858,59.961],[-69.77,59.971],[-69.72,59.9605],[-69.7235,59.898],[-69.59,59.876],[-69.5615,59.8645],[-69.6005,59.8335],[-69.612,59.784],[-69.548,59.765],[-69.586,59.736],[-69.6575,59.7035],[-69.589,59.683],[-69.5205,59.6765],[-69.516,59.6495],[-69.568,59.6025],[-69.6255,59.59],[-69.6915,59.561],[-69.7485,59.516],[-69.758,59.4905],[-69.6715,59.457],[-69.6435,59.416],[-69.6715,59.3885],[-69.6435,59.3645],[-69.7495,59.343],[-69.755,59.3175],[-69.7245,59.305],[-69.627,59.3065],[-69.5655,59.334],[-69.5265,59.3335],[-69.4455,59.3615],[-69.3975,59.357],[-69.3375,59.315],[-69.2975,59.3345],[-69.255,59.325],[-69.2435,59.228],[-69.295,59.216],[-69.341,59.2415],[-69.37,59.2395],[-69.3665,59.2035],[-69.418,59.2035],[-69.4495,59.2285],[-69.528,59.186],[-69.5415,59.128],[-69.5155,59.1085],[-69.4655,59.1375],[-69.434,59.1105],[-69.364,59.116],[-69.3425,59.094],[-69.4145,59.055],[-69.43,59.0255],[-69.5035,59.0735],[-69.4515,58.895],[-69.4785,58.873],[-69.523,58.89],[-69.538,58.836],[-69.5655,58.8065],[-69.642,58.791],[-69.684,58.8055],[-69.72,58.8675],[-69.6785,58.895],[-69.672,58.9275],[-69.72,58.936],[-69.7045,58.963],[-69.7295,58.983],[-69.7965,58.9815],[-69.8395,59.0455],[-69.8775,59.052],[-69.863,59.005],[-69.874,58.976],[-69.8225,58.946],[-69.8035,58.919],[-69.816,58.8815],[-69.8015,58.854],[-69.8355,58.834],[-69.8905,58.833],[-69.9595,58.8145],[-70.0345,58.8125],[-70.0725,58.792],[-70.1715,58.7755],[-70.1365,58.7565],[-70.0585,58.7575],[-70.0415,58.7375],[-69.9175,58.7745],[-69.932,58.7445],[-69.928,58.703],[-69.841,58.715],[-69.8015,58.69],[-69.877,58.6445],[-69.834,58.604],[-69.7955,58.5985],[-69.7795,58.6295],[-69.742,58.653],[-69.703,58.6995],[-69.6505,58.701],[-69.608,58.7605],[-69.487,58.792],[-69.418,58.8295],[-69.378,58.8695],[-69.2565,58.899],[-69.1885,58.895],[-69.125,58.902],[-68.9795,58.902],[-68.993,58.8815],[-68.895,58.878],[-68.787,58.9225],[-68.7285,58.903],[-68.642,58.8975],[-68.5405,58.861],[-68.5,58.833],[-68.4105,58.824],[-68.3615,58.7835],[-68.383,58.734],[-68.381,58.701],[-68.329,58.6755],[-68.35,58.6215],[-68.333,58.59],[-68.2915,58.598],[-68.2745,58.567],[-68.2915,58.5345],[-68.252,58.5275],[-68.191,58.5465],[-68.2205,58.4845],[-68.205,58.4455],[-68.2225,58.4255],[-68.2435,58.3535],[-68.315,58.251],[-68.35,58.1705],[-68.342,58.1445],[-68.3765,58.113],[-68.477,58.0435],[-68.52,58.031],[-68.719,58.0135],[-68.8485,57.9765],[-68.97,57.9605],[-69.0475,57.915],[-69.141,57.8985],[-69.2235,57.862],[-69.3695,57.7705],[-69.1445,57.8695],[-69.1095,57.8935],[-69.041,57.9085],[-68.9495,57.941],[-68.756,57.973],[-68.6865,57.9935],[-68.607,57.9975],[-68.4685,58.0205],[-68.4175,58.0385],[-68.3905,58.072],[-68.3385,58.09],[-68.31,58.121],[-68.307,58.1765],[-68.2925,58.222],[-68.2515,58.2365],[-68.22,58.3285],[-68.1875,58.364],[-68.1915,58.3905],[-68.1705,58.422],[-68.1765,58.482],[-68.137,58.5235],[-68.0275,58.5215],[-68.027,58.552],[-68.006,58.5795],[-67.9535,58.5445],[-67.965,58.5185],[-67.89,58.4985],[-67.9175,58.453],[-67.924,58.4115],[-67.91,58.3675],[-67.8615,58.3265],[-67.8685,58.2895],[-67.9005,58.256],[-68.0025,58.203],[-68.0825,58.1555],[-68.1235,58.0985],[-68.068,58.113],[-67.9905,58.1505],[-67.9725,58.1895],[-67.926,58.226],[-67.8625,58.2375],[-67.8645,58.259],[-67.8005,58.2985],[-67.8235,58.3355],[-67.821,58.399],[-67.787,58.4425],[-67.787,58.47],[-67.719,58.46],[-67.6755,58.4235],[-67.708,58.3835],[-67.6915,58.36],[-67.7295,58.3335],[-67.7135,58.2885],[-67.6755,58.2795],[-67.649,58.252],[-67.6545,58.221],[-67.694,58.172],[-67.7015,58.1415],[-67.6705,58.072],[-67.6905,58.0275],[-67.7305,57.9835],[-67.7385,57.943],[-67.7015,57.938],[-67.7065,57.991],[-67.6565,58.031],[-67.639,58.065],[-67.6625,58.116],[-67.573,58.2265],[-67.537,58.234],[-67.465,58.285],[-67.3635,58.286],[-67.332,58.324],[-67.232,58.3395],[-67.16,58.38],[-67.112,58.36],[-67.076,58.369],[-67.064,58.393],[-67.0805,58.422],[-67.006,58.4365],[-66.9465,58.4985],[-66.8835,58.4865],[-66.8965,58.4495],[-66.8605,58.44],[-66.811,58.465],[-66.807,58.498],[-66.615,58.498],[-66.6695,58.54],[-66.624,58.5515],[-66.629,58.593],[-66.5885,58.6315],[-66.5535,58.71],[-66.4685,58.722],[-66.476,58.75],[-66.444,58.833],[-66.391,58.8515],[-66.2945,58.8035],[-66.2525,58.795],[-66.194,58.749],[-66.116,58.7265],[-66.101,58.683],[-66.0625,58.6505],[-66.027,58.6575],[-66.005,58.6345],[-65.937,58.6095],[-65.9605,58.5695],[-66.0065,58.526],[-66.0185,58.491],[-65.993,58.431],[-65.999,58.4085],[-66.0725,58.3795],[-66.095,58.36],[-66.0535,58.333],[-66.035,58.3765],[-65.969,58.397],[-65.9575,58.433],[-65.9255,58.4595],[-65.985,58.4775],[-65.9625,58.504],[-65.905,58.538],[-65.9005,58.5665],[-65.864,58.598],[-65.875,58.6285],[-65.938,58.649],[-65.9615,58.688],[-66.0145,58.6905],[-66.0355,58.71],[-66.043,58.7575],[-66.1085,58.779],[-66.0395,58.8475],[-66.012,58.857],[-65.971,58.8265],[-65.945,58.8415],[-65.8595,58.833],[-65.7995,58.8535],[-65.802,58.8675],[-65.9365,58.8815],[-65.982,58.917],[-65.8615,58.943],[-65.854,58.961],[-65.886,58.993],[-65.8695,59.0085],[-65.7935,59.005],[-65.6835,59.053],[-65.6055,59.0135],[-65.507,58.988],[-65.5155,59.013],[-65.5605,59.0215],[-65.594,59.046],[-65.529,59.0665],[-65.4435,59.045],[-65.3495,59.04],[-65.3495,59.0645],[-65.4255,59.0635],[-65.467,59.083],[-65.529,59.094],[-65.5815,59.075],[-65.6425,59.0735],[-65.6655,59.114],[-65.7175,59.1585],[-65.71,59.1855],[-65.7325,59.2155],[-65.7425,59.268],[-65.68,59.264],[-65.568,59.246],[-65.5435,59.2645],[-65.4915,59.265],[-65.566,59.3075],[-65.5805,59.3645],[-65.5105,59.3585],[-65.372,59.28],[-65.4055,59.34],[-65.447,59.367],[-65.433,59.403],[-65.4065,59.4175],[-65.498,59.4365],[-65.4705,59.45],[-65.5455,59.4745],[-65.5265,59.4895],[-65.423,59.4705],[-65.364,59.485],[-65.1855,59.463],[-65.1815,59.476],[-65.3135,59.5095],[-65.3925,59.512],[-65.429,59.532],[-65.489,59.626],[-65.5195,59.7025],[-65.5465,59.7315],[-65.4665,59.7715],[-65.4175,59.8155],[-65.311,59.846],[-65.214,59.821],[-65.166,59.7925],[-65.1415,59.806],[-65.195,59.8345],[-65.2265,59.8755],[-65.1945,59.8875],[-65.1405,59.8715],[-65.138,59.9],[-65.21,59.9155],[-65.141,59.9315],[-65.1285,59.9775],[-65.075,59.9895],[-65.1175,60.0085],[-65.1285,60.0465],[-65.0685,60.0465],[-65.025,60.081],[-65.063,60.1045],[-64.9915,60.129],[-64.9515,60.1935],[-64.894,60.1955],[-64.8805,60.219],[-64.9575,60.259],[-64.8845,60.282],[-64.847,60.3135],[-64.849,60.3655],[-64.7785,60.3615],[-64.687,60.335],[-64.6275,60.3465],[-64.5315,60.304],[-64.653,60.2925],[-64.703,60.2945],[-64.8085,60.281],[-64.8445,60.264],[-64.843,60.219],[-64.749,60.1735],[-64.6695,60.1835],[-64.636,60.1745],[-64.599,60.118],[-64.6175,60.1065],[-64.724,60.106],[-64.705,60.064],[-64.817,60.0395],[-64.8775,60.0595],[-64.904,60.048],[-64.8355,59.964],[-64.79,59.9715],[-64.751,59.9555],[-64.6635,59.9405],[-64.6545,59.9165],[-64.6705,59.8835],[-64.737,59.892],[-64.7675,59.88],[-64.7475,59.843],[-64.814,59.819],[-64.8105,59.772],[-64.7745,59.699],[-64.885,59.664],[-64.902,59.6415],[-64.8935,59.5645],[-64.7785,59.518],[-64.775,59.4975],[-64.7315,59.4565],[-64.672,59.4505],[-64.579,59.4775],[-64.4845,59.518],[-64.414,59.529],[-64.3495,59.505],[-64.3555,59.484],[-64.492,59.4365],[-64.486,59.3995],[-64.537,59.3725],[-64.5055,59.3415],[-64.5385,59.2855],[-64.5125,59.2605],[-64.533,59.2115],[-64.528,59.1855],[-64.498,59.1655],[-64.4895,59.1055],[-64.4445,59.082],[-64.365,59.0735],[-64.305,59.0345],[-64.292,59.0075],[-64.3185,58.992],[-64.414,58.982],[-64.5765,59.018],[-64.6555,59.03],[-64.716,59.0655],[-64.754,59.065],[-64.824,59.037],[-64.8635,58.9935],[-64.8405,58.9565],[-64.882,58.935],[-64.8225,58.9115],[-64.7915,58.9135],[-64.733,58.941],[-64.7015,58.9425],[-64.605,58.8965],[-64.568,58.8875],[-64.4715,58.896],[-64.4015,58.884],[-64.3105,58.8845],[-64.2585,58.85],[-64.27,58.8075],[-64.2615,58.782],[-64.157,58.751],[-64.1265,58.7525],[-64,58.817],[-64,58.6845],[-64.0595,58.669],[-64.086,58.638],[-64.099,58.592],[-64.078,58.552],[-64.0525,58.533],[-64,58.529],[-64,58.4225],[-64.051,58.3725],[-64.1325,58.3585],[-64.167,58.339],[-64.191,58.264],[-64.242,58.22],[-64.351,58.2065],[-64.3895,58.1875],[-64.4285,58.097],[-64.4045,58.0645],[-64.347,58.066],[-64.2765,58.0475],[-64.2215,58.045],[-64.2145,57.9775],[-64.1645,57.918],[-64.094,57.806],[-64.054,57.768],[-64.019,57.778],[-64,57.8125],[-64,56.8515],[-64,56.814],[-64,56.7855],[-64.0835,56.7655],[-64.1155,56.7315],[-64.124,56.6895],[-64.106,56.6695],[-64.037,56.6275],[-64,56.5795],[-64,56.419],[-64.1455,56.436],[-64.164,56.4145],[-64.124,56.3985],[-64.108,56.3755],[-64.1145,56.322],[-64.1365,56.3035],[-64.091,56.263],[-64.055,56.256],[-64,56.2625],[-64,56.1645],[-64.0185,56.1365],[-64.0215,56.09],[-64,56.072],[-64,54.607],[-64.0515,54.607],[-64.1135,54.631],[-64.181,54.711],[-64.2445,54.733],[-64.314,54.7655],[-64.3925,54.789],[-64.458,54.7945],[-64.538,54.74],[-64.5765,54.7275],[-64.689,54.7365],[-64.7145,54.729],[-64.7675,54.738],[-64.7765,54.7675],[-64.7585,54.8165],[-64.782,54.835],[-64.8475,54.8495],[-64.8715,54.8895],[-64.9405,54.9295],[-65.103,54.957],[-65.163,54.9295],[-65.221,54.851],[-65.296,54.8255],[-65.3175,54.8365],[-65.3995,54.824],[-65.4725,54.842],[-65.4815,54.8165],[-65.4455,54.78],[-65.4455,54.7455],[-65.48,54.731],[-65.5455,54.7255],[-65.6255,54.749],[-65.662,54.72],[-65.698,54.723],[-65.7345,54.7595],[-65.819,54.8165],[-65.84,54.842],[-65.8485,54.897],[-65.8735,54.9135],[-65.9495,54.926],[-65.9945,54.9255],[-66.029,54.9115],[-66.0595,54.919],[-66.134,54.9655],[-66.197,54.977],[-66.2545,54.998],[-66.422,55.1375],[-66.479,55.1605],[-66.559,55.2405],[-66.588,55.2555],[-66.677,55.258],[-66.6995,55.307],[-66.7705,55.339],[-66.832,55.3345],[-66.812,55.293],[-66.701,55.2205],[-66.694,55.1925],[-66.735,55.1815],[-66.7625,55.104],[-66.717,55.043],[-66.661,54.984],[-66.728,54.96],[-66.729,54.9385],[-66.6385,54.8515],[-66.607,54.804],[-66.6425,54.781],[-66.7045,54.784],[-66.7205,54.767],[-66.7015,54.74],[-66.737,54.734],[-66.785,54.746],[-66.936,54.799],[-66.9935,54.837],[-67.016,54.885],[-67.0445,54.905],[-67.107,54.9215],[-67.1965,54.9745],[-67.297,55.006],[-67.3085,55.027],[-67.274,55.066],[-67.379,55.0885],[-67.435,55.0635],[-67.4435,55.035],[-67.423,54.997],[-67.316,54.894],[-67.2645,54.8355],[-67.086,54.732],[-67.086,54.6805],[-67.1545,54.6155],[-67.1925,54.612],[-67.261,54.5705],[-67.2335,54.5155],[-67.268,54.4845],[-67.3405,54.512],[-67.4265,54.5705],[-67.4985,54.5945],[-67.5155,54.574],[-67.495,54.5395],[-67.509,54.488],[-67.605,54.471],[-67.6325,54.4845],[-67.667,54.4605],[-67.7495,54.426],[-67.746,54.3435],[-67.691,54.3055],[-67.674,54.2645],[-67.6395,54.23],[-67.6395,54.189],[-67.705,54.1545],[-67.7425,54.1545],[-67.791,54.0995],[-67.808,54.034],[-67.746,53.9825],[-67.6155,53.924],[-67.595,53.8585],[-67.5225,53.838],[-67.5125,53.814],[-67.5775,53.7965],[-67.574,53.766],[-67.5295,53.759],[-67.5125,53.7315],[-67.4125,53.6935],[-67.399,53.635],[-67.323,53.5665],[-67.1855,53.542],[-67.1135,53.525],[-67.031,53.5145],[-66.89,53.415],[-66.986,53.384],[-67.01,53.353],[-66.962,53.2945],[-66.969,53.188],[-66.993,53.1675],[-66.9825,53.1055],[-66.9965,53.0815],[-67.048,53.0745],[-67.0515,53.1225],[-67.12,53.1225],[-67.1685,53.1535],[-67.2405,53.1675],[-67.299,53.157],[-67.3265,53.133],[-67.3575,53.1295],[-67.385,53.1055],[-67.368,53.016],[-67.3405,52.978],[-67.3335,52.9435],[-67.347,52.916],[-67.3025,52.868],[-67.261,52.861],[-67.2025,52.827],[-67.165,52.82],[-67.134,52.858],[-67.0615,52.875],[-67.041,52.775],[-66.948,52.7375],[-66.8655,52.6615],[-66.852,52.7305],[-66.8245,52.7235],[-66.814,52.6925],[-66.7695,52.679],[-66.759,52.7065],[-66.7695,52.765],[-66.7075,52.772],[-66.656,52.796],[-66.6455,52.827],[-66.6455,52.8885],[-66.625,52.937],[-66.5495,52.9405],[-66.508,52.9575],[-66.4635,52.9955],[-66.4565,53.0295],[-66.4255,53.0365],[-66.3635,53.002],[-66.2915,52.9025],[-66.288,52.8475],[-66.391,52.8715],[-66.4015,52.844],[-66.3325,52.7375],[-66.2945,52.6375],[-66.312,52.61],[-66.374,52.6685],[-66.405,52.648],[-66.408,52.5895],[-66.374,52.5415],[-66.384,52.469],[-66.3635,52.4415],[-66.35,52.359],[-66.436,52.3765],[-66.4805,52.335],[-66.4565,52.266],[-66.4325,52.2285],[-66.408,52.218],[-66.374,52.1425],[-66.3015,52.132],[-66.264,52.156],[-66.2775,52.2215],[-66.3015,52.287],[-66.257,52.297],[-66.212,52.2525],[-66.195,52.2215],[-66.123,52.201],[-66.078,52.17],[-66.0885,52.091],[-66.0265,52.0805],[-65.992,52.06],[-65.9405,52.094],[-65.9025,52.0805],[-65.8235,52.108],[-65.7305,52.0875],[-65.6965,52.1045],[-65.655,52.108],[-65.662,52.0635],[-65.6825,52.0255],[-65.662,51.9875],[-65.614,52.0325],[-65.552,52.0325],[-65.5005,52.0975],[-65.459,52.0255],[-65.4145,51.984],[-65.3765,51.984],[-65.359,51.95],[-65.3935,51.898],[-65.3385,51.819],[-65.318,51.8535],[-65.2765,51.867],[-65.2215,51.826],[-65.184,51.8225],[-65.184,51.7745],[-65.132,51.757],[-65.0805,51.7505],[-65.0325,51.7605],[-64.957,51.723],[-64.9225,51.7295],[-64.919,51.7605],[-64.857,51.7745],[-64.771,51.764],[-64.6885,51.723],[-64.5785,51.6125],[-64.5305,51.592],[-64.479,51.6095],[-64.4065,51.654],[-64.3445,51.6675],[-64.2795,51.74],[-64.293,51.7845],[-64.3345,51.819],[-64.3375,51.874],[-64.362,51.967],[-64.3375,52.0115],[-64.276,51.967],[-64.2345,51.9805],[-64.2725,52.039],[-64.252,52.115],[-64.2105,52.1285],[-64.1725,52.115],[-64.1555,52.132],[-64.2105,52.2215],[-64.221,52.266],[-64.207,52.304],[-64.166,52.321],[-64.128,52.3865],[-64.128,52.428],[-64.1415,52.49],[-64.19,52.5725],[-64.1625,52.5965],[-64.166,52.6755],[-64.1245,52.696],[-64.1075,52.72],[-64,52.7345],[-64,52.5545],[-64.0435,52.52],[-64.081,52.4735],[-64.029,52.398],[-64,52.369],[-64,50.3045],[-64.096,50.291],[-64.145,50.2675],[-64.2475,50.2705],[-64.3485,50.288],[-64.39,50.31],[-64.47,50.3225],[-64.5325,50.2985],[-64.6295,50.284],[-64.8885,50.2745],[-64.938,50.283],[-65.034,50.284],[-65.151,50.299],[-65.1915,50.2875],[-65.2585,50.3225],[-65.3,50.309],[-65.457,50.3015],[-65.5315,50.284],[-65.6245,50.277],[-65.737,50.2575],[-65.8385,50.2605],[-65.929,50.293],[-65.964,50.293],[-65.995,50.278],[-66.0465,50.226],[-66.105,50.228],[-66.1095,50.1975],[-66.162,50.196],[-66.213,50.2175],[-66.252,50.22],[-66.357,50.2015],[-66.4045,50.218],[-66.413,50.264],[-66.468,50.2685],[-66.543,50.216],[-66.541,50.1845],[-66.512,50.1645],[-66.4715,50.174],[-66.466,50.1425],[-66.533,50.1585],[-66.5635,50.157],[-66.6355,50.185],[-66.6225,50.151],[-66.666,50.135],[-66.701,50.1065],[-66.746,50.0535],[-66.814,50.0275],[-66.912,50.0115],[-66.951,49.9865],[-66.979,49.945],[-66.966,49.9155],[-66.9915,49.903],[-67.0265,49.8425],[-67.045,49.8285],[-67.091,49.8495],[-67.1315,49.8315],[-67.166,49.788],[-67.1845,49.7395],[-67.17,49.678],[-67.231,49.6115],[-67.245,49.568],[-67.2315,49.514],[-67.245,49.459],[-67.268,49.4335],[-67.3765,49.339],[-67.401,49.3295],[-67.5495,49.331],[-67.674,49.315],[-67.7355,49.315],[-67.814,49.28],[-67.9445,49.2945],[-68.0265,49.2865],[-68.0545,49.2945],[-68.0825,49.26],[-68.1225,49.2715],[-68.1645,49.2055],[-68.229,49.192],[-68.301,49.192],[-68.254,49.167],[-68.1905,49.1675],[-68.181,49.1245],[-68.2195,49.112],[-68.3255,49.0985],[-68.3765,49.069],[-68.4445,49.0615],[-68.382,49.1],[-68.372,49.1405],[-68.4065,49.1635],[-68.4035,49.1845],[-68.4335,49.196],[-68.407,49.123],[-68.452,49.096],[-68.515,49.07],[-68.595,49.055],[-68.6345,49.017],[-68.636,48.9655],[-68.699,48.945],[-68.6435,48.9175],[-68.784,48.911],[-68.815,48.883],[-68.883,48.847],[-68.9495,48.826],[-68.9595,48.801],[-68.991,48.7825],[-69.0375,48.7805],[-69.0695,48.756],[-69.118,48.6305],[-69.1445,48.6005],[-69.1915,48.5885],[-69.2295,48.592],[-69.268,48.5435],[-69.288,48.4995],[-69.2895,48.4645],[-69.3255,48.4255],[-69.4045,48.3625],[-69.4465,48.296],[-69.4925,48.282],[-69.582,48.2255],[-69.6545,48.163],[-69.713,48.1445],[-69.747,48.1565],[-69.7985,48.1565],[-69.837,48.175],[-69.8825,48.221],[-69.985,48.2785],[-70.1445,48.2735],[-70.211,48.315],[-70.2835,48.3335],[-70.369,48.374],[-70.435,48.363],[-70.6345,48.397],[-70.693,48.393],[-70.747,48.4275],[-70.792,48.438],[-70.824,48.4315],[-70.8775,48.4495],[-70.9735,48.4515],[-70.8875,48.4215],[-70.8325,48.415],[-70.7885,48.3955],[-70.792,48.3795],[-70.8385,48.3645],[-70.8915,48.3625],[-70.8655,48.324],[-70.827,48.3255],[-70.782,48.3485],[-70.7445,48.3555],[-70.6005,48.3565],[-70.5455,48.3625],[-70.4775,48.3565],[-70.443,48.343],[-70.3925,48.338],[-70.3345,48.321],[-70.324,48.301],[-70.2875,48.3075],[-70.2305,48.273],[-70.163,48.245],[-70.0925,48.235],[-70.0275,48.253],[-69.925,48.222],[-69.87,48.1565],[-69.818,48.1345],[-69.736,48.1225],[-69.7745,48.075],[-69.795,47.9885],[-69.826,47.97],[-69.847,47.9],[-69.894,47.8515],[-69.932,47.773],[-69.98,47.7465],[-70.017,47.7085],[-70.0995,47.668],[-70.1305,47.6675],[-70.137,47.6425],[-70.1995,47.5955],[-70.206,47.5405],[-70.237,47.4955],[-70.302,47.4695],[-70.3755,47.4615],[-70.459,47.4305],[-70.497,47.4295],[-70.507,47.3795],[-70.534,47.3595],[-70.5975,47.2495],[-70.6345,47.218],[-70.715,47.1175],[-70.7915,47.0725],[-70.9205,47.037],[-70.957,47.0205],[-71.191,46.858],[-71.232,46.7985],[-71.3025,46.759],[-71.354,46.739],[-71.463,46.7345],[-71.515,46.7245],[-71.593,46.701],[-71.644,46.693],[-71.694,46.6745],[-71.772,46.67],[-71.8035,46.6815],[-71.8805,46.6905],[-71.972,46.6295],[-72.0555,46.5945],[-72.142,46.5805],[-72.228,46.5535],[-72.258,46.471],[-72.297,46.451],[-72.337,46.4435],[-72.3925,46.419],[-72.4625,46.4025],[-72.6025,46.3015],[-72.6675,46.284],[-72.738,46.2865],[-72.8445,46.265],[-72.9945,46.211],[-72.986,46.1955],[-73.022,46.1095],[-73.0715,46.0895],[-73.1585,46.075],[-73.1795,46.053],[-73.204,45.9835],[-73.2625,45.902],[-73.29,45.875],[-73.356,45.8415],[-73.3725,45.811],[-73.4205,45.765],[-73.4955,45.728],[-73.6775,45.708],[-73.7555,45.6765],[-73.8625,45.5925],[-73.9095,45.5345],[-73.946,45.524],[-73.979,45.4985],[-74.0435,45.484],[-74.105,45.485],[-74.1475,45.4945],[-74.19,45.5285],[-74.215,45.5325],[-74.307,45.5255],[-74.2775,45.503],[-74.1265,45.4655],[-74.0775,45.4565],[-74.0145,45.4205],[-73.9615,45.354],[-74.0135,45.3285],[-74.1095,45.3275],[-74.1535,45.32],[-74.1995,45.2725],[-74.307,45.2325],[-74.356,45.2255],[-74.478,45.317],[-74.3935,45.5725],[-74.457,45.595],[-74.5455,45.609],[-74.6435,45.656],[-74.6965,45.6415],[-74.775,45.6325],[-74.9375,45.6375],[-74.9665,45.633],[-75.053,45.596],[-75.2835,45.5765],[-75.3605,45.5435],[-75.593,45.4795],[-75.6565,45.4755],[-75.707,45.4555],[-75.7525,45.4075],[-75.7755,45.394],[-75.841,45.387],[-75.882,45.3995],[-75.9595,45.4685],[-76.0095,45.488],[-76.049,45.5155],[-76.1285,45.5295],[-76.223,45.52],[-76.25,45.491],[-76.2885,45.474],[-76.3435,45.4735],[-76.433,45.522],[-76.596,45.5555],[-76.6475,45.581],[-76.6665,45.6215],[-76.6985,45.6615],[-76.707,45.708],[-76.7255,45.7315],[-76.7545,45.741],[-76.7735,45.7795],[-76.781,45.8435],[-76.7975,45.8755],[-76.857,45.8945],[-76.9025,45.8925],[-76.9295,45.8685],[-76.918,45.8115],[-76.9635,45.7885],[-77.0165,45.796],[-77.1385,45.84],[-77.2265,45.891],[-77.2825,45.9475],[-77.2895,46.0005],[-77.358,46.059],[-77.408,46.078],[-77.469,46.115],[-77.6585,46.184],[-77.7225,46.1935],[-77.921,46.2355],[-78.0455,46.238],[-78.111,46.2625],[-78.2435,46.2725],[-78.3205,46.266],[-78.345,46.289],[-78.4225,46.2935],[-78.694,46.3365],[-78.72,46.347],[-78.754,46.4015],[-78.891,46.47],[-78.964,46.533],[-78.9915,46.5735],[-79.014,46.6385],[-79.0735,46.6765],[-79.096,46.7045],[-79.1635,46.824],[-79.2505,46.8895],[-79.292,46.929],[-79.3565,47.015],[-79.4315,47.087],[-79.447,47.1315],[-79.4365,47.225],[-79.4455,47.2745],[-79.469,47.305],[-79.554,47.3915],[-79.5805,47.452],[-79.573,47.484],[-79.5165,47.5655],[-79.513,47.597],[-79.521,47.8195],[-79.521,48.323],[-79.521,48.661],[-79.521,48.8865],[-79.521,49.337],[-79.521,49.675],[-79.521,49.9005],[-79.521,50.238],[-79.521,50.689],[-79.521,50.943]]],[[[-69.102,59.1315],[-69.065,59.0945],[-69.082,59.0615],[-69.147,59.038],[-69.2315,58.9805],[-69.219,58.9635],[-69.3635,58.9635],[-69.3225,59.005],[-69.3225,59.029],[-69.286,59.07],[-69.354,59.1405],[-69.235,59.153],[-69.102,59.1315]]],[[[-73.995,45.32],[-73.929,45.317],[-74.003,45.2685],[-74.081,45.253],[-74.1395,45.251],[-74.1625,45.288],[-74.121,45.309],[-74.0435,45.3055],[-73.995,45.32]]],[[[-73.889,45.3965],[-73.915,45.366],[-73.9485,45.3695],[-73.975,45.3915],[-73.974,45.4155],[-73.9175,45.41],[-73.889,45.3965]]],[[[-73.8575,45.5495],[-73.8635,45.568],[-73.759,45.6525],[-73.718,45.676],[-73.666,45.692],[-73.6385,45.689],[-73.5855,45.7005],[-73.573,45.686],[-73.6365,45.6495],[-73.6845,45.5875],[-73.7315,45.557],[-73.78,45.547],[-73.8575,45.5495]]],[[[-73.4995,45.71],[-73.469,45.7055],[-73.507,45.5955],[-73.5405,45.548],[-73.5415,45.4825],[-73.5885,45.448],[-73.619,45.4425],[-73.717,45.4645],[-73.795,45.467],[-73.925,45.43],[-73.9625,45.449],[-73.8705,45.4965],[-73.8435,45.5225],[-73.78,45.5245],[-73.7165,45.5445],[-73.668,45.5755],[-73.6205,45.6385],[-73.4995,45.71]]],[[[-70.8435,47.033],[-70.8155,47.0235],[-70.8155,46.999],[-70.862,46.946],[-70.9525,46.8955],[-71.031,46.863],[-71.114,46.8595],[-71.1245,46.877],[-71.085,46.9055],[-70.9935,46.95],[-70.8855,47.0265],[-70.8435,47.033]]],[[[-64.319,49.791],[-64.3355,49.8155],[-64.367,49.8255],[-64.4245,49.8085],[-64.4705,49.8525],[-64.5105,49.868],[-64.4905,49.891],[-64.4515,49.9095],[-64.351,49.9275],[-64.269,49.9295],[-64.2135,49.9525],[-64.133,49.95],[-64,49.918],[-64,49.697],[-64.059,49.7145],[-64.178,49.741],[-64.3025,49.779],[-64.319,49.791]]],[[[-70.37,47.427],[-70.33,47.4185],[-70.374,47.384],[-70.4115,47.37],[-70.4335,47.396],[-70.37,47.427]]],[[[-67.5585,58.411],[-67.526,58.347],[-67.531,58.297],[-67.582,58.2785],[-67.636,58.291],[-67.662,58.327],[-67.658,58.364],[-67.6365,58.402],[-67.593,58.422],[-67.5585,58.411]]],[[[-68.9955,59.0165],[-68.9745,58.9895],[-69.0155,58.9725],[-69.1205,58.9575],[-69.061,59.011],[-68.9955,59.0165]]],[[[-69.922,61.013],[-69.9495,60.9655],[-70.004,60.935],[-70.012,60.997],[-69.9565,61.035],[-69.922,61.013]]],[[[-71.561,61.3335],[-71.488,61.337],[-71.4865,61.302],[-71.5865,61.302],[-71.561,61.3335]]],[[[-72.0915,61.8945],[-71.994,61.8705],[-72.059,61.8505],[-72.131,61.889],[-72.0915,61.8945]]]]},"properties":{"name":"Québec"}},{"type":"Feature","geometry":{"type":"Polygon","coordinates":[[[-73.3515,45.0045],[-73.0005,45.0065],[-72.6015,45.0085],[-72.302,45.01],[-71.8035,45.012],[-71.506,45.0135],[-71.532,45],[-71.528,44.9505],[-71.5055,44.9195],[-71.5145,44.895],[-71.606,44.8015],[-71.6305,44.7655],[-71.635,44.7405],[-71.611,44.7105],[-71.6,44.678],[-71.55,44.5965],[-71.559,44.5765],[-71.5935,44.57],[-71.5985,44.515],[-71.652,44.4765],[-71.678,44.446],[-71.7915,44.3985],[-71.8405,44.357],[-71.8835,44.345],[-71.9835,44.339],[-72.02,44.3175],[-72.0425,44.2815],[-72.0495,44.231],[-72.049,44.143],[-72.0695,44.0725],[-72.118,44.001],[-72.1005,43.9735],[-72.181,43.885],[-72.189,43.842],[-72.2135,43.7845],[-72.3065,43.72],[-72.325,43.6335],[-72.347,43.5965],[-72.3815,43.572],[-72.398,43.5315],[-72.4055,43.3605],[-72.4035,43.3],[-72.4335,43.263],[-72.4355,43.2205],[-72.453,43.169],[-72.4495,43.108],[-72.4805,42.989],[-72.522,42.9755],[-72.5355,42.9145],[-72.5555,42.878],[-72.55,42.833],[-72.5355,42.812],[-72.4735,42.7585],[-72.467,42.7295],[-72.909,42.7415],[-73.2655,42.7455],[-73.288,42.7975],[-73.2665,42.8635],[-73.257,43.2025],[-73.247,43.552],[-73.277,43.578],[-73.3015,43.624],[-73.357,43.622],[-73.381,43.5805],[-73.4085,43.571],[-73.4235,43.5945],[-73.4205,43.6485],[-73.3685,43.7475],[-73.3655,43.798],[-73.3865,43.827],[-73.3795,43.8815],[-73.401,43.92],[-73.41,44.006],[-73.4385,44.053],[-73.39,44.161],[-73.3735,44.2105],[-73.33,44.235],[-73.319,44.304],[-73.3325,44.364],[-73.2965,44.4305],[-73.2945,44.4695],[-73.31,44.5],[-73.3665,44.574],[-73.376,44.6525],[-73.36,44.6905],[-73.338,44.801],[-73.3755,44.844],[-73.3745,44.8745],[-73.3485,44.9125],[-73.3375,44.9555],[-73.3515,45.0045]]]},"properties":{"name":"Vermont"}},{"type":"Feature","geometry":{"type":"Polygon","coordinates":[[[-71.506,45.0135],[-71.505,45.053],[-71.4565,45.111],[-71.4415,45.1505],[-71.4065,45.205],[-71.439,45.2335],[-71.395,45.2415],[-71.3345,45.2885],[-71.2935,45.2925],[-71.2095,45.255],[-71.1415,45.2525],[-71.085,45.3045],[-71.05,44.823],[-71.0305,44.5555],[-70.999,44.1275],[-70.9835,43.9135],[-70.958,43.562],[-70.9675,43.4905],[-70.9635,43.4505],[-70.9765,43.415],[-70.9725,43.383],[-70.8665,43.271],[-70.817,43.24],[-70.8145,43.209],[-70.825,43.1615],[-70.8065,43.1365],[-70.744,43.084],[-70.7095,43.065],[-70.7285,43.0115],[-70.782,42.949],[-70.8145,42.8775],[-70.85,42.8705],[-70.9255,42.8865],[-71.0225,42.8545],[-71.0835,42.817],[-71.1515,42.8095],[-71.196,42.752],[-71.2455,42.7365],[-71.3065,42.701],[-71.8265,42.7135],[-72.467,42.7295],[-72.4735,42.7585],[-72.5355,42.812],[-72.55,42.833],[-72.5555,42.878],[-72.5355,42.9145],[-72.522,42.9755],[-72.4805,42.989],[-72.4495,43.108],[-72.453,43.169],[-72.4355,43.2205],[-72.4335,43.263],[-72.4035,43.3],[-72.4055,43.3605],[-72.398,43.5315],[-72.3815,43.572],[-72.347,43.5965],[-72.325,43.6335],[-72.3065,43.72],[-72.2135,43.7845],[-72.189,43.842],[-72.181,43.885],[-72.1005,43.9735],[-72.118,44.001],[-72.0695,44.0725],[-72.049,44.143],[-72.0495,44.231],[-72.0425,44.2815],[-72.02,44.3175],[-71.9835,44.339],[-71.8835,44.345],[-71.8405,44.357],[-71.7915,44.3985],[-71.678,44.446],[-71.652,44.4765],[-71.5985,44.515],[-71.5935,44.57],[-71.559,44.5765],[-71.55,44.5965],[-71.6,44.678],[-71.611,44.7105],[-71.635,44.7405],[-71.6305,44.7655],[-71.606,44.8015],[-71.5145,44.895],[-71.5055,44.9195],[-71.528,44.9505],[-71.532,45],[-71.506,45.0135]]]},"properties":{"name":"New Hampshire"}},{"type":"Feature","geometry":{"type":"MultiPolygon","coordinates":[[[[-71.085,45.3045],[-71.0545,45.3105],[-71.0165,45.343],[-70.968,45.3445],[-70.9515,45.332],[-70.907,45.246],[-70.8745,45.2455],[-70.8725,45.274],[-70.8355,45.31],[-70.834,45.393],[-70.813,45.4235],[-70.772,45.43],[-70.6965,45.3885],[-70.6535,45.3955],[-70.6505,45.4275],[-70.723,45.471],[-70.7305,45.508],[-70.687,45.5725],[-70.5895,45.652],[-70.473,45.7035],[-70.439,45.706],[-70.4075,45.7315],[-70.404,45.771],[-70.417,45.794],[-70.39,45.825],[-70.3125,45.8675],[-70.283,45.8905],[-70.2625,45.923],[-70.263,45.957],[-70.304,45.9685],[-70.317,45.999],[-70.293,46.054],[-70.3115,46.072],[-70.2645,46.1065],[-70.244,46.141],[-70.281,46.212],[-70.236,46.2885],[-70.202,46.3055],[-70.1885,46.3585],[-70.153,46.373],[-70.0745,46.4195],[-70.062,46.4455],[-70.0235,46.6615],[-70.008,46.704],[-69.8095,46.9015],[-69.448,47.2605],[-69.2675,47.44],[-69.222,47.4595],[-69.0695,47.432],[-69.054,47.4185],[-69.066,47.3295],[-69.0635,47.291],[-69.04,47.249],[-68.906,47.19],[-68.8895,47.1905],[-68.762,47.237],[-68.718,47.245],[-68.644,47.2455],[-68.585,47.2825],[-68.5395,47.3],[-68.4665,47.3055],[-68.4355,47.2915],[-68.3855,47.3015],[-68.382,47.328],[-68.348,47.3585],[-68.2995,47.368],[-68.2465,47.3605],[-68.197,47.3415],[-68.156,47.3065],[-68.1015,47.286],[-68.0395,47.245],[-67.993,47.223],[-67.9625,47.1975],[-67.9435,47.1645],[-67.899,47.139],[-67.8705,47.1075],[-67.8135,47.082],[-67.805,47.0355],[-67.8,46.767],[-67.795,46.498],[-67.7895,46.229],[-67.7845,45.96],[-67.7595,45.9285],[-67.799,45.8755],[-67.773,45.828],[-67.811,45.7665],[-67.8,45.7],[-67.762,45.68],[-67.7175,45.6855],[-67.705,45.664],[-67.6605,45.6375],[-67.6075,45.62],[-67.552,45.6105],[-67.45,45.611],[-67.422,45.569],[-67.426,45.5335],[-67.493,45.493],[-67.4825,45.4555],[-67.429,45.387],[-67.4345,45.3505],[-67.475,45.2825],[-67.4715,45.2665],[-67.4275,45.2365],[-67.3905,45.193],[-67.3565,45.166],[-67.319,45.154],[-67.2845,45.1695],[-67.277,45.195],[-67.2425,45.2025],[-67.176,45.1785],[-67.154,45.119],[-67.1005,45.0695],[-67.1045,45.038],[-67.077,45.021],[-67.052,44.9835],[-67.0625,44.9315],[-67.113,44.9155],[-67.1385,44.8905],[-67.185,44.917],[-67.2035,44.905],[-67.163,44.8665],[-67.1305,44.8645],[-67.1145,44.847],[-67.0745,44.871],[-67.066,44.8225],[-67.0435,44.834],[-67.0435,44.894],[-66.9915,44.8435],[-66.9775,44.8155],[-67.0325,44.767],[-67.0735,44.767],[-67.113,44.7165],[-67.169,44.671],[-67.2245,44.644],[-67.269,44.655],[-67.2805,44.6315],[-67.327,44.6575],[-67.311,44.6825],[-67.332,44.7095],[-67.3895,44.6825],[-67.3715,44.6575],[-67.382,44.624],[-67.4045,44.6055],[-67.4505,44.6195],[-67.4725,44.603],[-67.539,44.646],[-67.566,44.61],[-67.575,44.5535],[-67.569,44.5385],[-67.612,44.5265],[-67.6385,44.5315],[-67.649,44.5685],[-67.6835,44.548],[-67.714,44.501],[-67.74,44.5105],[-67.752,44.538],[-67.7405,44.588],[-67.7555,44.5895],[-67.786,44.542],[-67.8065,44.5755],[-67.837,44.5775],[-67.846,44.5515],[-67.875,44.542],[-67.8525,44.5085],[-67.8525,44.4825],[-67.885,44.467],[-67.8995,44.422],[-67.937,44.4085],[-67.989,44.4665],[-67.9745,44.3955],[-68.015,44.3935],[-68.0195,44.3765],[-68.0605,44.3285],[-68.0975,44.3855],[-68.1125,44.4415],[-68.1115,44.48],[-68.158,44.497],[-68.158,44.461],[-68.1895,44.4695],[-68.2175,44.501],[-68.2545,44.4935],[-68.2585,44.5205],[-68.308,44.529],[-68.3135,44.5105],[-68.27,44.486],[-68.317,44.451],[-68.3545,44.466],[-68.3865,44.4245],[-68.423,44.405],[-68.4235,44.471],[-68.432,44.4865],[-68.478,44.4935],[-68.46,44.462],[-68.4645,44.4345],[-68.5045,44.4135],[-68.563,44.4005],[-68.542,44.357],[-68.56,44.3185],[-68.526,44.295],[-68.513,44.2465],[-68.5415,44.2375],[-68.6335,44.2965],[-68.6835,44.2945],[-68.732,44.3285],[-68.756,44.3345],[-68.821,44.3145],[-68.804,44.369],[-68.7535,44.3675],[-68.766,44.397],[-68.816,44.402],[-68.8005,44.4455],[-68.7425,44.5375],[-68.746,44.555],[-68.8015,44.5605],[-68.8275,44.479],[-68.8795,44.4685],[-68.9195,44.4415],[-68.9865,44.421],[-68.973,44.384],[-68.9445,44.349],[-68.9455,44.317],[-68.999,44.295],[-69.036,44.2325],[-69.0535,44.185],[-69.0885,44.1365],[-69.087,44.0865],[-69.0535,44.0895],[-69.076,44.0525],[-69.119,44.041],[-69.142,43.9985],[-69.1915,43.993],[-69.2035,43.9705],[-69.1915,43.952],[-69.2635,43.93],[-69.2595,43.9555],[-69.229,43.991],[-69.2385,44.0075],[-69.299,43.9505],[-69.314,43.9865],[-69.3695,43.9725],[-69.347,44.008],[-69.37,44.0215],[-69.4305,43.993],[-69.448,43.9675],[-69.479,43.8805],[-69.5145,43.8555],[-69.5675,43.9415],[-69.529,44.0045],[-69.545,44.012],[-69.586,43.9485],[-69.595,43.883],[-69.578,43.8555],[-69.61,43.8395],[-69.6395,43.8445],[-69.669,43.867],[-69.6495,43.8975],[-69.657,43.9555],[-69.6365,44.0035],[-69.657,44.009],[-69.759,43.8865],[-69.732,43.8695],[-69.7075,43.827],[-69.7305,43.776],[-69.758,43.7595],[-69.7805,43.863],[-69.794,43.8975],[-69.8075,43.983],[-69.802,44.0145],[-69.8175,44.0365],[-69.8645,43.9975],[-69.883,43.9635],[-69.8215,43.961],[-69.802,43.8605],[-69.801,43.825],[-69.7805,43.7635],[-69.7875,43.7375],[-69.8395,43.7095],[-69.858,43.7545],[-69.8445,43.827],[-69.91,43.8015],[-69.942,43.8415],[-69.973,43.7995],[-69.983,43.7675],[-70.0095,43.767],[-69.9625,43.821],[-69.986,43.863],[-70.0115,43.8555],[-70.0395,43.83],[-70.109,43.8065],[-70.1825,43.757],[-70.2085,43.7155],[-70.239,43.7],[-70.2325,43.664],[-70.198,43.6095],[-70.205,43.561],[-70.246,43.55],[-70.2715,43.557],[-70.2925,43.5345],[-70.3255,43.5495],[-70.3565,43.527],[-70.3705,43.4865],[-70.3625,43.445],[-70.3825,43.3935],[-70.4035,43.39],[-70.4545,43.3505],[-70.5195,43.3395],[-70.5815,43.275],[-70.569,43.229],[-70.631,43.147],[-70.66,43.094],[-70.687,43.092],[-70.7145,43.122],[-70.744,43.084],[-70.8065,43.1365],[-70.825,43.1615],[-70.8145,43.209],[-70.817,43.24],[-70.8665,43.271],[-70.9725,43.383],[-70.9765,43.415],[-70.9635,43.4505],[-70.9675,43.4905],[-70.958,43.562],[-70.9835,43.9135],[-70.999,44.1275],[-71.0305,44.5555],[-71.05,44.823],[-71.085,45.3045]]],[[[-69.664,43.789],[-69.689,43.828],[-69.647,43.8375],[-69.664,43.789]]],[[[-69.6695,43.956],[-69.7005,43.87],[-69.7305,43.8905],[-69.694,43.9455],[-69.6695,43.956]]],[[[-68.607,44.0885],[-68.599,44.047],[-68.608,44.0235],[-68.6625,44.0195],[-68.651,44.065],[-68.607,44.0885]]],[[[-68.811,44.1485],[-68.8635,44.12],[-68.9285,44.142],[-68.857,44.181],[-68.8205,44.1785],[-68.811,44.1485]]],[[[-68.3905,44.163],[-68.4035,44.134],[-68.4325,44.129],[-68.4545,44.151],[-68.4895,44.1405],[-68.5065,44.16],[-68.4165,44.1825],[-68.3905,44.163]]],[[[-68.9205,44.237],[-68.9335,44.2435],[-68.9245,44.3075],[-68.8855,44.2995],[-68.9205,44.237]]],[[[-68.4895,44.3475],[-68.4975,44.3205],[-68.53,44.331],[-68.5245,44.3595],[-68.4895,44.3475]]],[[[-68.8685,44.3815],[-68.8595,44.358],[-68.9035,44.319],[-68.9165,44.332],[-68.9115,44.366],[-68.8685,44.3815]]],[[[-67.5665,44.461],[-67.5845,44.444],[-67.616,44.5055],[-67.582,44.5145],[-67.5665,44.461]]],[[[-67.045,44.927],[-67.0295,44.9445],[-66.986,44.91],[-67.012,44.8995],[-67.045,44.927]]],[[[-68.848,44.0955],[-68.773,44.082],[-68.7745,44.062],[-68.8155,44.032],[-68.8695,44.0485],[-68.868,44.0795],[-68.91,44.0955],[-68.884,44.114],[-68.848,44.0955]]],[[[-68.642,44.26],[-68.623,44.25],[-68.6085,44.213],[-68.6565,44.199],[-68.623,44.1715],[-68.682,44.1525],[-68.7165,44.1675],[-68.711,44.1905],[-68.7245,44.219],[-68.6905,44.219],[-68.6905,44.26],[-68.642,44.26]]],[[[-68.245,44.4245],[-68.242,44.405],[-68.1855,44.357],[-68.1765,44.3285],[-68.199,44.3085],[-68.241,44.2945],[-68.32,44.285],[-68.2965,44.25],[-68.326,44.226],[-68.348,44.24],[-68.414,44.2585],[-68.435,44.3],[-68.4015,44.372],[-68.3675,44.3865],[-68.355,44.4235],[-68.316,44.437],[-68.274,44.4395],[-68.245,44.4245]]]]},"properties":{"name":"Maine"}},{"type":"Feature","geometry":{"type":"MultiPolygon","coordinates":[[[[-67.176,45.1785],[-67.2425,45.2025],[-67.277,45.195],[-67.2845,45.1695],[-67.319,45.154],[-67.3565,45.166],[-67.3905,45.193],[-67.4275,45.2365],[-67.4715,45.2665],[-67.475,45.2825],[-67.4345,45.3505],[-67.429,45.387],[-67.4825,45.4555],[-67.493,45.493],[-67.426,45.5335],[-67.422,45.569],[-67.45,45.611],[-67.552,45.6105],[-67.6075,45.62],[-67.6605,45.6375],[-67.705,45.664],[-67.7175,45.6855],[-67.762,45.68],[-67.8,45.7],[-67.811,45.7665],[-67.773,45.828],[-67.799,45.8755],[-67.7595,45.9285],[-67.7845,45.96],[-67.7895,46.229],[-67.795,46.498],[-67.8,46.767],[-67.805,47.0355],[-67.8135,47.082],[-67.8705,47.1075],[-67.899,47.139],[-67.9435,47.1645],[-67.9625,47.1975],[-67.993,47.223],[-68.0395,47.245],[-68.1015,47.286],[-68.156,47.3065],[-68.197,47.3415],[-68.2465,47.3605],[-68.2995,47.368],[-68.348,47.3585],[-68.382,47.328],[-68.3855,47.3015],[-68.4355,47.2915],[-68.4665,47.3055],[-68.5395,47.3],[-68.585,47.2825],[-68.644,47.2455],[-68.718,47.245],[-68.762,47.237],[-68.8895,47.1905],[-68.906,47.19],[-69.04,47.249],[-69.0635,47.291],[-68.9835,47.315],[-68.8365,47.344],[-68.7645,47.3625],[-68.584,47.422],[-68.5525,47.437],[-68.465,47.501],[-68.408,47.5365],[-68.387,47.5585],[-68.378,47.608],[-68.378,47.9285],[-68.1135,47.9285],[-68.1135,47.9975],[-67.613,47.9975],[-67.606,47.938],[-67.497,47.912],[-67.407,47.877],[-67.3915,47.85],[-67.351,47.8495],[-67.32,47.896],[-67.234,47.8935],[-67.203,47.8855],[-67.144,47.8965],[-67.073,47.9265],[-67.0295,47.927],[-66.9615,47.8945],[-66.939,47.917],[-66.9495,47.9485],[-66.9385,47.968],[-66.894,47.992],[-66.843,47.997],[-66.7315,47.9865],[-66.686,48.0075],[-66.6135,48.011],[-66.5575,48.038],[-66.386,48.075],[-66.3555,48.0695],[-66.362,48.0405],[-66.319,48.011],[-66.262,48.006],[-66.177,47.979],[-65.971,47.924],[-65.866,47.917],[-65.818,47.9075],[-65.772,47.883],[-65.741,47.8485],[-65.6895,47.7245],[-65.629,47.6705],[-65.669,47.6565],[-65.6355,47.6225],[-65.591,47.669],[-65.567,47.6775],[-65.4775,47.6835],[-65.4375,47.706],[-65.3635,47.762],[-65.285,47.7815],[-65.2095,47.8195],[-65.0255,47.8495],[-64.978,47.842],[-65.0545,47.803],[-65.0735,47.78],[-64.99,47.7905],[-64.906,47.8105],[-64.8265,47.8155],[-64.786,47.7935],[-64.7895,47.7715],[-64.842,47.748],[-64.786,47.739],[-64.731,47.7655],[-64.68,47.7415],[-64.685,47.7225],[-64.7575,47.6865],[-64.8125,47.6775],[-64.7995,47.6425],[-64.829,47.606],[-64.892,47.5615],[-64.909,47.52],[-64.874,47.52],[-64.868,47.4855],[-64.906,47.3945],[-64.928,47.3935],[-64.9605,47.345],[-64.9595,47.2945],[-65.043,47.275],[-65.0615,47.252],[-65.0985,47.2365],[-65.1225,47.2025],[-65.3315,47.1005],[-65.2845,47.081],[-65.203,47.0945],[-65.213,47.052],[-65.149,47.0535],[-65.063,47.0905],[-65.015,47.0885],[-64.9985,47.065],[-64.965,47.063],[-64.937,47.088],[-64.9085,47.093],[-64.8255,47.089],[-64.8065,46.9855],[-64.8525,46.9625],[-64.895,46.9165],[-64.906,46.887],[-64.895,46.832],[-64.865,46.783],[-64.792,46.7245],[-64.8395,46.717],[-64.852,46.701],[-64.7135,46.687],[-64.7055,46.652],[-64.72,46.5765],[-64.6905,46.5385],[-64.6685,46.471],[-64.636,46.451],[-64.6135,46.4195],[-64.6275,46.3335],[-64.589,46.3355],[-64.5585,46.369],[-64.5235,46.3215],[-64.5635,46.2795],[-64.5595,46.224],[-64.514,46.2395],[-64.4055,46.238],[-64.3705,46.2235],[-64.347,46.2315],[-64.2535,46.2345],[-64.185,46.21],[-64.1515,46.1665],[-64.1195,46.1825],[-64.0825,46.1595],[-64.0495,46.179],[-64,46.1845],[-64,46.06],[-64.0725,46.06],[-64.084,46.0225],[-64.0425,45.992],[-64.0515,45.977],[-64.1195,45.9765],[-64.1595,45.964],[-64.1985,45.9155],[-64.2445,45.8815],[-64.2735,45.8355],[-64.3215,45.878],[-64.347,45.8885],[-64.369,45.8465],[-64.4195,45.791],[-64.464,45.773],[-64.481,45.728],[-64.514,45.7205],[-64.5265,45.7425],[-64.5085,45.766],[-64.4905,45.8165],[-64.5315,45.847],[-64.5485,45.8835],[-64.5725,45.8855],[-64.5855,45.826],[-64.676,45.7515],[-64.7565,45.628],[-64.785,45.613],[-64.8175,45.6375],[-64.883,45.6335],[-64.943,45.608],[-64.9945,45.559],[-65.1845,45.5105],[-65.315,45.459],[-65.489,45.3715],[-65.5195,45.3645],[-65.545,45.3295],[-65.629,45.3125],[-65.6975,45.285],[-65.7525,45.2445],[-65.7825,45.262],[-65.8885,45.214],[-65.9095,45.2105],[-65.9955,45.2305],[-66.0185,45.2715],[-66.0395,45.285],[-66.136,45.3125],[-66.0335,45.3705],[-66.002,45.3985],[-66.0055,45.4595],[-66.0585,45.4225],[-66.1005,45.354],[-66.164,45.352],[-66.197,45.334],[-66.1665,45.2975],[-66.1285,45.279],[-66.071,45.2745],[-66.06,45.258],[-66.116,45.2365],[-66.142,45.203],[-66.1895,45.178],[-66.2485,45.1855],[-66.284,45.15],[-66.343,45.1445],[-66.358,45.1165],[-66.393,45.111],[-66.429,45.0835],[-66.4645,45.0835],[-66.4605,45.1145],[-66.491,45.1555],[-66.55,45.1405],[-66.66,45.0845],[-66.718,45.08],[-66.746,45.0645],[-66.797,45.066],[-66.781,45.097],[-66.8415,45.0875],[-66.889,45.0605],[-66.9085,45.0985],[-66.8695,45.144],[-66.916,45.1545],[-66.9435,45.19],[-66.9815,45.171],[-67.021,45.1685],[-67.04,45.144],[-67.0495,45.0965],[-67.0865,45.0975],[-67.125,45.144],[-67.1365,45.1965],[-67.176,45.1785]]],[[[-66.901,44.8895],[-66.931,44.87],[-66.939,44.8385],[-66.975,44.8605],[-66.9335,44.9415],[-66.905,44.956],[-66.892,44.922],[-66.901,44.8895]]],[[[-66.9635,44.961],[-66.9855,44.926],[-67.017,44.979],[-66.974,45.0185],[-66.939,45.025],[-66.9635,44.961]]],[[[-66.8615,44.727],[-66.826,44.7875],[-66.7915,44.799],[-66.757,44.7775],[-66.7615,44.7545],[-66.721,44.663],[-66.692,44.643],[-66.6905,44.62],[-66.7285,44.623],[-66.743,44.6535],[-66.7835,44.661],[-66.839,44.6505],[-66.867,44.63],[-66.876,44.6065],[-66.906,44.606],[-66.8845,44.689],[-66.8615,44.727]]],[[[-64.5045,47.89],[-64.509,47.8445],[-64.539,47.807],[-64.5935,47.7655],[-64.654,47.747],[-64.6965,47.7595],[-64.655,47.783],[-64.654,47.802],[-64.6965,47.821],[-64.6965,47.842],[-64.6585,47.8755],[-64.5955,47.8855],[-64.559,47.8695],[-64.52,47.8735],[-64.5045,47.89]]],[[[-64.546,47.9715],[-64.526,48.0205],[-64.4845,48.02],[-64.4725,47.9635],[-64.508,47.9285],[-64.5685,47.907],[-64.594,47.9145],[-64.546,47.9715]]]]},"properties":{"name":"New Brunswick"}},{"type":"Feature","geometry":{"type":"MultiPolygon","coordinates":[[[[-82.8205,37],[-82.727,37.038],[-82.704,37.0685],[-82.708,37.113],[-82.6815,37.137],[-82.6325,37.164],[-82.3755,37.2655],[-82.3515,37.2785],[-81.965,37.5385],[-81.954,37.5],[-81.978,37.485],[-81.9775,37.465],[-81.931,37.431],[-81.9325,37.3795],[-81.8755,37.3405],[-81.824,37.2865],[-81.7715,37.283],[-81.717,37.2415],[-81.6445,37.2095],[-81.584,37.205],[-81.5455,37.213],[-81.494,37.2575],[-81.424,37.2715],[-81.3965,37.291],[-81.3795,37.322],[-81.3425,37.334],[-81.302,37.296],[-81.25,37.2695],[-81.224,37.2445],[-81.132,37.2805],[-81.0285,37.291],[-80.992,37.3045],[-80.9485,37.295],[-80.8825,37.326],[-80.865,37.3465],[-80.881,37.3965],[-80.846,37.425],[-80.7995,37.4205],[-80.7845,37.401],[-80.731,37.385],[-80.6415,37.428],[-80.528,37.4685],[-80.487,37.468],[-80.481,37.4425],[-80.4525,37.4295],[-80.416,37.4545],[-80.2945,37.509],[-80.286,37.53],[-80.3075,37.548],[-80.3015,37.5705],[-80.2305,37.6105],[-80.2335,37.6395],[-80.2855,37.667],[-80.285,37.685],[-80.22,37.7815],[-80.207,37.815],[-80,38.0015],[-79.9435,38.0885],[-79.921,38.145],[-79.9165,38.179],[-79.848,38.235],[-79.816,38.2535],[-79.792,38.28],[-79.7995,38.3055],[-79.7655,38.3585],[-79.731,38.375],[-79.721,38.4045],[-79.6925,38.442],[-79.688,38.501],[-79.6625,38.5345],[-79.654,38.5805],[-79.636,38.592],[-79.5525,38.5675],[-79.505,38.505],[-79.5045,38.4785],[-79.2975,38.425],[-79.28,38.4305],[-79.2025,38.515],[-79.19,38.534],[-79.162,38.6125],[-79.146,38.6375],[-79.0965,38.672],[-79.086,38.7285],[-79.041,38.7975],[-78.988,38.8455],[-78.8805,38.787],[-78.862,38.793],[-78.743,38.93],[-78.7115,38.9155],[-78.6605,38.9345],[-78.6315,38.9725],[-78.581,38.9895],[-78.55,39.024],[-78.549,39.043],[-78.4925,39.101],[-78.453,39.1255],[-78.414,39.1665],[-78.4195,39.201],[-78.404,39.278],[-78.359,39.3315],[-78.351,39.3595],[-78.3575,39.4095],[-78.322,39.451],[-77.8355,39.144],[-77.7345,39.331],[-77.6645,39.324],[-77.5585,39.299],[-77.528,39.2655],[-77.4665,39.244],[-77.4595,39.2075],[-77.5075,39.1695],[-77.515,39.1525],[-77.496,39.124],[-77.4215,39.074],[-77.3335,39.0675],[-77.2725,39.048],[-77.2505,39.0295],[-77.2335,38.9865],[-77.1465,38.9645],[-77.12,38.934],[-77.097,38.908],[-77.0685,38.902],[-77.035,38.861],[-77.044,38.8395],[-77.0385,38.7965],[-77.0475,38.7765],[-77.048,38.7155],[-77.1175,38.706],[-77.138,38.6505],[-77.135,38.6365],[-77.187,38.621],[-77.23,38.6565],[-77.2585,38.594],[-77.258,38.5695],[-77.285,38.5565],[-77.2875,38.53],[-77.3265,38.451],[-77.292,38.3405],[-77.249,38.33],[-77.1665,38.348],[-77.1335,38.367],[-77.0855,38.3685],[-77.041,38.396],[-77.015,38.3725],[-77.0145,38.3305],[-77.03,38.3075],[-77.0005,38.2775],[-76.9655,38.267],[-76.954,38.21],[-76.913,38.199],[-76.882,38.177],[-76.83,38.1655],[-76.797,38.1695],[-76.7565,38.161],[-76.7395,38.1365],[-76.6815,38.159],[-76.6475,38.145],[-76.6145,38.1505],[-76.607,38.113],[-76.5345,38.075],[-76.5205,38.053],[-76.5305,38.025],[-76.485,38.022],[-76.469,38.001],[-76.408,37.9695],[-76.373,37.9605],[-76.248,37.9035],[-76.236,37.8595],[-76.25,37.823],[-76.2995,37.851],[-76.325,37.8485],[-76.298,37.796],[-76.294,37.7715],[-76.317,37.732],[-76.284,37.6995],[-76.339,37.669],[-76.318,37.637],[-76.3495,37.628],[-76.4045,37.6445],[-76.4465,37.671],[-76.469,37.7085],[-76.4895,37.6585],[-76.517,37.669],[-76.5245,37.6995],[-76.5715,37.7515],[-76.5835,37.7775],[-76.6625,37.8285],[-76.713,37.847],[-76.7695,37.9145],[-76.8325,37.943],[-76.8505,37.982],[-76.8955,38.0075],[-76.9155,38.07],[-76.9625,38.111],[-77.017,38.117],[-77.0475,38.16],[-77.126,38.176],[-77.1265,38.1555],[-77.076,38.145],[-77.0555,38.1495],[-77.0315,38.104],[-76.9605,38.0895],[-76.9215,38.053],[-76.9225,37.981],[-76.88,37.9695],[-76.866,37.942],[-76.788,37.883],[-76.767,37.842],[-76.716,37.788],[-76.675,37.7885],[-76.6685,37.7555],[-76.6135,37.7395],[-76.58,37.698],[-76.571,37.653],[-76.552,37.627],[-76.522,37.615],[-76.443,37.6185],[-76.4045,37.594],[-76.284,37.5695],[-76.319,37.553],[-76.366,37.549],[-76.3565,37.522],[-76.3015,37.494],[-76.2445,37.4495],[-76.249,37.3635],[-76.2575,37.3355],[-76.2985,37.335],[-76.3215,37.3865],[-76.366,37.3845],[-76.3965,37.4295],[-76.4095,37.408],[-76.4425,37.391],[-76.4425,37.372],[-76.4035,37.35],[-76.372,37.288],[-76.3785,37.2725],[-76.4575,37.261],[-76.496,37.249],[-76.5095,37.2695],[-76.582,37.3305],[-76.6425,37.409],[-76.681,37.4275],[-76.73,37.4945],[-76.781,37.5355],[-76.794,37.4985],[-76.7645,37.487],[-76.722,37.427],[-76.6765,37.395],[-76.606,37.296],[-76.468,37.214],[-76.403,37.234],[-76.3735,37.22],[-76.3795,37.1855],[-76.3465,37.1755],[-76.298,37.1445],[-76.2915,37.13],[-76.3255,37.114],[-76.322,37.096],[-76.2815,37.104],[-76.27,37.0695],[-76.296,37.0135],[-76.368,37],[-76.436,37],[-76.453,37.03],[-76.524,37.0575],[-76.546,37.0895],[-76.563,37.086],[-76.611,37.1195],[-76.62,37.1445],[-76.611,37.1725],[-76.6175,37.199],[-76.655,37.234],[-76.73,37.22],[-76.878,37.269],[-76.908,37.2475],[-76.9315,37.2455],[-76.982,37.3125],[-77.0035,37.323],[-77.0455,37.2985],[-77.091,37.328],[-77.1345,37.317],[-77.1785,37.3295],[-77.22,37.3285],[-77.2505,37.35],[-77.2745,37.3165],[-77.175,37.2885],[-77.089,37.2885],[-77.067,37.2665],[-77.017,37.295],[-76.995,37.288],[-76.9815,37.249],[-76.8935,37.2065],[-76.802,37.2065],[-76.763,37.1645],[-76.718,37.15],[-76.689,37.1885],[-76.67,37.185],[-76.6555,37.105],[-76.673,37.067],[-76.6595,37.0435],[-76.5715,37.0275],[-76.557,37],[-82.8205,37]]],[[[-75.3775,38.015],[-75.4215,37.988],[-75.4345,37.962],[-75.4195,37.92],[-75.439,37.906],[-75.425,37.875],[-75.4465,37.8675],[-75.4925,37.831],[-75.5315,37.788],[-75.5605,37.744],[-75.627,37.674],[-75.706,37.58],[-75.7335,37.536],[-75.7715,37.4905],[-75.8185,37.454],[-75.8285,37.3905],[-75.855,37.3975],[-75.8875,37.357],[-75.9235,37.2445],[-75.936,37.135],[-75.9665,37.135],[-76.001,37.1945],[-75.996,37.24],[-76.017,37.258],[-76,37.3035],[-76.0105,37.3165],[-75.985,37.372],[-75.956,37.416],[-75.973,37.435],[-75.954,37.467],[-75.926,37.4785],[-75.952,37.516],[-75.938,37.5375],[-75.894,37.5625],[-75.9345,37.5765],[-75.911,37.595],[-75.9215,37.6105],[-75.8715,37.6295],[-75.8865,37.6445],[-75.861,37.669],[-75.8185,37.6725],[-75.824,37.6965],[-75.7885,37.7275],[-75.812,37.741],[-75.7775,37.7665],[-75.798,37.796],[-75.6945,37.8025],[-75.708,37.833],[-75.6745,37.8615],[-75.671,37.8925],[-75.6895,37.904],[-75.743,37.912],[-75.6945,37.9395],[-75.646,37.9495],[-75.648,37.9655],[-75.6235,37.9945],[-75.3775,38.015]]],[[[-75.622,37.571],[-75.602,37.5625],[-75.6595,37.483],[-75.6745,37.486],[-75.622,37.571]]],[[[-75.2435,38.0245],[-75.3135,37.919],[-75.3185,37.9405],[-75.305,37.9735],[-75.263,38.0225],[-75.2435,38.0245]]],[[[-75.904,37.129],[-75.893,37.1405],[-75.906,37.1945],[-75.9055,37.2345],[-75.8895,37.2805],[-75.8585,37.2825],[-75.854,37.261],[-75.883,37.2185],[-75.8575,37.194],[-75.816,37.186],[-75.8495,37.1635],[-75.8865,37.123],[-75.904,37.129]]]]},"properties":{"name":"Virginia"}},{"type":"Feature","geometry":{"type":"Polygon","coordinates":[[[-77.023,38.803],[-77.016,38.8545],[-77.026,38.8725],[-77.0685,38.902],[-77.097,38.908],[-77.12,38.934],[-77.042,38.996],[-76.9095,38.893],[-77.023,38.803]]]},"properties":{"name":"District of Columbia"}},{"type":"Feature","geometry":{"type":"MultiPolygon","coordinates":[[[[-75.648,37.9655],[-75.6725,37.972],[-75.7865,37.976],[-75.858,37.931],[-75.8675,37.967],[-75.8865,37.988],[-75.8465,38.0395],[-75.8185,38.0425],[-75.7565,38.0925],[-75.8335,38.089],[-75.8145,38.135],[-75.848,38.152],[-75.9415,38.1555],[-75.9285,38.1935],[-75.856,38.2195],[-75.9065,38.271],[-75.891,38.315],[-75.849,38.374],[-75.8735,38.3715],[-75.9315,38.317],[-75.9555,38.258],[-75.9925,38.304],[-75.99,38.326],[-75.9625,38.336],[-75.965,38.3735],[-75.9905,38.362],[-76.037,38.3095],[-76.0195,38.2945],[-76.0285,38.242],[-76.049,38.2395],[-76.081,38.284],[-76.1175,38.2985],[-76.1335,38.323],[-76.193,38.383],[-76.221,38.3835],[-76.221,38.344],[-76.2825,38.422],[-76.2955,38.4555],[-76.319,38.474],[-76.3045,38.5025],[-76.2545,38.48],[-76.2425,38.521],[-76.182,38.543],[-76.172,38.566],[-76.2105,38.5825],[-76.2425,38.5565],[-76.2735,38.5565],[-76.2785,38.577],[-76.2565,38.5975],[-76.2775,38.6245],[-76.182,38.618],[-76.1425,38.6075],[-76.115,38.588],[-76.0925,38.5935],[-76.0535,38.568],[-76.0115,38.5655],[-75.97,38.6065],[-76.024,38.593],[-76.105,38.625],[-76.0925,38.659],[-76.135,38.646],[-76.1455,38.665],[-76.1985,38.675],[-76.2365,38.715],[-76.228,38.7355],[-76.2545,38.749],[-76.2735,38.7145],[-76.3265,38.718],[-76.3405,38.7285],[-76.3045,38.8225],[-76.2595,38.839],[-76.2125,38.8075],[-76.212,38.788],[-76.173,38.7565],[-76.1315,38.773],[-76.109,38.8005],[-76.177,38.7855],[-76.1945,38.814],[-76.188,38.8465],[-76.106,38.878],[-76.1545,38.8955],[-76.198,38.8785],[-76.193,38.9285],[-76.208,38.944],[-76.247,38.951],[-76.2635,38.9325],[-76.329,38.9165],[-76.3285,38.865],[-76.3745,38.8415],[-76.3565,38.9485],[-76.322,39.0065],[-76.295,39.0275],[-76.285,38.9895],[-76.216,38.9745],[-76.151,39.009],[-76.147,39.0295],[-76.168,39.0565],[-76.141,39.07],[-76.077,39.1285],[-76.088,39.1385],[-76.1305,39.118],[-76.175,39.124],[-76.2125,39.052],[-76.231,39.0585],[-76.2425,39.127],[-76.2725,39.1515],[-76.213,39.262],[-76.1805,39.288],[-76.175,39.316],[-76.1335,39.3305],[-76.1055,39.372],[-76.028,39.3625],[-75.9315,39.365],[-75.86,39.362],[-75.864,39.3795],[-75.9045,39.3745],[-76.0065,39.3805],[-76.0345,39.393],[-75.974,39.451],[-75.9345,39.4745],[-75.869,39.4805],[-75.894,39.5085],[-75.8515,39.5385],[-75.856,39.5775],[-75.905,39.5215],[-75.966,39.4815],[-75.9995,39.4855],[-75.947,39.5655],[-75.979,39.5675],[-76.0085,39.5485],[-76.083,39.558],[-76.1205,39.495],[-76.065,39.471],[-76.074,39.449],[-76.1225,39.411],[-76.2095,39.3645],[-76.2295,39.3975],[-76.216,39.4675],[-76.253,39.454],[-76.267,39.379],[-76.245,39.3495],[-76.284,39.3105],[-76.2915,39.357],[-76.3115,39.403],[-76.325,39.4075],[-76.4015,39.3925],[-76.3365,39.369],[-76.3415,39.3405],[-76.4245,39.3235],[-76.4235,39.3055],[-76.3905,39.2715],[-76.417,39.264],[-76.4425,39.297],[-76.4835,39.3105],[-76.4475,39.2565],[-76.403,39.228],[-76.449,39.195],[-76.4925,39.2275],[-76.5645,39.265],[-76.5635,39.216],[-76.5365,39.2115],[-76.5175,39.1765],[-76.4335,39.131],[-76.4195,39.0895],[-76.4255,39.074],[-76.469,39.0835],[-76.4765,39.064],[-76.41,39.038],[-76.3985,39.0145],[-76.4725,38.995],[-76.512,39.022],[-76.5515,39.077],[-76.571,39.0385],[-76.5435,39.0315],[-76.486,38.9865],[-76.4595,38.912],[-76.5215,38.887],[-76.539,38.8565],[-76.5315,38.839],[-76.493,38.8445],[-76.504,38.8075],[-76.5515,38.7755],[-76.5505,38.755],[-76.5215,38.725],[-76.5295,38.676],[-76.509,38.628],[-76.512,38.5275],[-76.4955,38.496],[-76.4355,38.438],[-76.396,38.3915],[-76.393,38.3535],[-76.4195,38.3215],[-76.4715,38.3355],[-76.469,38.364],[-76.4835,38.392],[-76.543,38.4095],[-76.6025,38.4445],[-76.6365,38.474],[-76.6475,38.5055],[-76.672,38.6545],[-76.684,38.6535],[-76.6745,38.5585],[-76.6735,38.486],[-76.657,38.4505],[-76.586,38.399],[-76.5105,38.368],[-76.494,38.33],[-76.4505,38.293],[-76.4065,38.3085],[-76.3735,38.299],[-76.3965,38.267],[-76.3875,38.227],[-76.334,38.1635],[-76.3205,38.139],[-76.3405,38.1205],[-76.324,38.044],[-76.3515,38.0575],[-76.396,38.103],[-76.434,38.132],[-76.4265,38.159],[-76.4485,38.176],[-76.469,38.139],[-76.504,38.166],[-76.5305,38.1385],[-76.548,38.1835],[-76.563,38.1985],[-76.6165,38.2235],[-76.6975,38.238],[-76.7545,38.2275],[-76.804,38.2535],[-76.8155,38.3365],[-76.8275,38.363],[-76.856,38.355],[-76.839,38.3025],[-76.839,38.257],[-76.922,38.2915],[-76.9235,38.315],[-76.9735,38.3445],[-77.0215,38.4615],[-77.06,38.4285],[-77.105,38.4115],[-77.107,38.4675],[-77.134,38.4535],[-77.1135,38.433],[-77.1455,38.3885],[-77.2035,38.3645],[-77.2555,38.3935],[-77.258,38.451],[-77.267,38.494],[-77.2275,38.557],[-77.1845,38.605],[-77.121,38.624],[-77.0965,38.683],[-77.0455,38.7005],[-77.0245,38.741],[-77.023,38.803],[-76.9095,38.893],[-77.042,38.996],[-77.12,38.934],[-77.1465,38.9645],[-77.2335,38.9865],[-77.2505,39.0295],[-77.2725,39.048],[-77.3335,39.0675],[-77.4215,39.074],[-77.496,39.124],[-77.515,39.1525],[-77.5075,39.1695],[-77.4595,39.2075],[-77.4665,39.244],[-77.528,39.2655],[-77.5585,39.299],[-77.6645,39.324],[-77.7345,39.331],[-77.7515,39.351],[-77.739,39.406],[-77.7475,39.423],[-77.7935,39.4385],[-77.791,39.484],[-77.86,39.5155],[-77.8805,39.564],[-77.8375,39.581],[-77.847,39.6115],[-77.8825,39.6155],[-77.969,39.6015],[-78.011,39.618],[-78.087,39.6785],[-78.133,39.7015],[-78.1845,39.7045],[-78.2135,39.6935],[-78.28,39.6355],[-78.3405,39.642],[-78.386,39.628],[-78.434,39.624],[-78.406,39.594],[-78.4545,39.5865],[-78.438,39.5515],[-78.469,39.5335],[-78.5405,39.5415],[-78.5775,39.529],[-78.683,39.546],[-78.745,39.5755],[-78.739,39.6085],[-78.7785,39.637],[-78.8135,39.5865],[-78.808,39.5685],[-78.8445,39.5575],[-78.8775,39.5215],[-78.969,39.4505],[-79.0145,39.47],[-79.0645,39.4825],[-79.1025,39.4675],[-79.127,39.4305],[-79.1795,39.3865],[-79.2545,39.35],[-79.298,39.303],[-79.3475,39.2955],[-79.4595,39.217],[-79.488,39.21],[-79.4775,39.722],[-79.1315,39.7215],[-78.785,39.7215],[-78.439,39.7215],[-77.862,39.7215],[-77.631,39.7215],[-77.1695,39.7215],[-76.708,39.7215],[-76.3615,39.7215],[-75.7885,39.7215],[-75.7885,39.6475],[-75.764,39.355],[-75.7595,39.2815],[-75.7345,38.9895],[-75.712,38.698],[-75.6935,38.4605],[-75.4745,38.4535],[-75.084,38.4535],[-75.104,38.395],[-75.148,38.4135],[-75.1255,38.3605],[-75.0925,38.351],[-75.1045,38.316],[-75.1545,38.241],[-75.1975,38.2325],[-75.22,38.2475],[-75.2425,38.227],[-75.257,38.168],[-75.2905,38.111],[-75.334,38.1115],[-75.3775,38.015],[-75.6235,37.9945],[-75.648,37.9655]]],[[[-76.007,37.9545],[-76.0185,37.9545],[-76.033,37.9545],[-76.044,37.9545],[-76.0515,37.994],[-76.0175,38.0385],[-75.987,38.019],[-75.9815,37.993],[-75.994,37.954],[-76.007,37.9545]]],[[[-76.033,38.1485],[-76.0835,38.1605],[-76.079,38.183],[-76.0485,38.2005],[-76.024,38.1785],[-76.033,38.1485]]],[[[-75.263,38.0225],[-75.2,38.104],[-75.1795,38.168],[-75.1145,38.28],[-75.1025,38.273],[-75.1385,38.219],[-75.171,38.1485],[-75.1895,38.09],[-75.2435,38.0245],[-75.263,38.0225]]]]},"properties":{"name":"Maryland"}},{"type":"Feature","geometry":{"type":"Polygon","coordinates":[[[-75.084,38.4535],[-75.4745,38.4535],[-75.6935,38.4605],[-75.712,38.698],[-75.7345,38.9895],[-75.7595,39.2815],[-75.764,39.355],[-75.7885,39.6475],[-75.7885,39.7215],[-75.7755,39.7225],[-75.731,39.7825],[-75.678,39.815],[-75.6015,39.838],[-75.495,39.833],[-75.4245,39.8065],[-75.4765,39.772],[-75.4875,39.7315],[-75.551,39.666],[-75.587,39.656],[-75.605,39.6165],[-75.5655,39.577],[-75.5545,39.541],[-75.588,39.463],[-75.528,39.4035],[-75.491,39.3535],[-75.4345,39.315],[-75.4075,39.2705],[-75.394,39.2245],[-75.405,39.172],[-75.4045,39.1305],[-75.394,39.0555],[-75.3425,39.02],[-75.315,38.984],[-75.3105,38.928],[-75.2445,38.86],[-75.1665,38.7945],[-75.1305,38.783],[-75.0845,38.796],[-75.066,38.678],[-75.0865,38.6935],[-75.121,38.684],[-75.1305,38.643],[-75.1215,38.6215],[-75.19,38.6065],[-75.208,38.59],[-75.192,38.567],[-75.152,38.5885],[-75.126,38.59],[-75.0955,38.5665],[-75.0565,38.5865],[-75.0575,38.5525],[-75.044,38.454],[-75.0575,38.4535],[-75.084,38.4535]]]},"properties":{"name":"Delaware"}},{"type":"Feature","geometry":{"type":"MultiPolygon","coordinates":[[[[-75.0235,40.0165],[-74.975,40.0365],[-74.936,40.0705],[-74.8725,40.091],[-74.838,40.115],[-74.77,40.13],[-74.7285,40.163],[-74.7395,40.185],[-74.818,40.2415],[-74.8955,40.3235],[-74.9475,40.359],[-74.9745,40.4145],[-75.0135,40.4035],[-75.036,40.415],[-75.0645,40.454],[-75.0715,40.532],[-75.089,40.5585],[-75.1395,40.5705],[-75.182,40.5705],[-75.1955,40.619],[-75.191,40.678],[-75.198,40.7005],[-75.1805,40.7425],[-75.1885,40.7585],[-75.1605,40.7905],[-75.1055,40.7955],[-75.0935,40.838],[-75.0675,40.855],[-75.061,40.8915],[-75.1395,40.982],[-75.129,40.998],[-75.0825,41.026],[-75.027,41.047],[-74.986,41.086],[-74.9825,41.102],[-74.938,41.1275],[-74.8865,41.181],[-74.8445,41.273],[-74.7905,41.311],[-74.78,41.328],[-74.699,41.3565],[-74.402,41.219],[-73.907,40.991],[-73.918,40.9315],[-73.9545,40.8585],[-74.0145,40.766],[-74.032,40.714],[-74.071,40.687],[-74.096,40.655],[-74.131,40.645],[-74.15,40.664],[-74.2095,40.634],[-74.2215,40.572],[-74.2605,40.552],[-74.264,40.5135],[-74.2825,40.4975],[-74.2565,40.46],[-74.197,40.441],[-74.12,40.4455],[-74.0325,40.4215],[-73.993,40.4025],[-73.998,40.441],[-73.979,40.4495],[-73.971,40.3945],[-73.9725,40.3275],[-73.992,40.227],[-74.0255,40.111],[-74.0725,39.8755],[-74.1005,39.783],[-74.072,39.973],[-74.0575,40.012],[-74.1035,40.014],[-74.122,39.9975],[-74.1025,39.971],[-74.11,39.9215],[-74.137,39.891],[-74.1275,39.8485],[-74.166,39.8065],[-74.1865,39.772],[-74.19,39.744],[-74.1635,39.735],[-74.1675,39.6995],[-74.199,39.676],[-74.211,39.651],[-74.2435,39.6435],[-74.2565,39.6115],[-74.291,39.605],[-74.3285,39.576],[-74.3215,39.5295],[-74.359,39.55],[-74.387,39.5445],[-74.4015,39.5025],[-74.38,39.4875],[-74.3965,39.447],[-74.433,39.456],[-74.462,39.4265],[-74.4135,39.357],[-74.503,39.318],[-74.521,39.3305],[-74.482,39.3645],[-74.5095,39.379],[-74.555,39.3295],[-74.5505,39.3105],[-74.6145,39.3125],[-74.6425,39.289],[-74.579,39.268],[-74.621,39.223],[-74.6545,39.2015],[-74.7015,39.1245],[-74.7085,39.0975],[-74.7455,39.0545],[-74.788,39.039],[-74.7835,39.015],[-74.8035,38.9875],[-74.875,38.9445],[-74.933,38.9265],[-74.9675,38.936],[-74.9525,39.0075],[-74.8945,39.1075],[-74.8875,39.147],[-74.9065,39.1795],[-74.9385,39.1925],[-75.022,39.1895],[-75.0265,39.2105],[-75.0925,39.2075],[-75.129,39.1875],[-75.1595,39.1985],[-75.167,39.2345],[-75.234,39.2735],[-75.2495,39.297],[-75.3035,39.3035],[-75.321,39.3335],[-75.3595,39.338],[-75.4775,39.441],[-75.5315,39.478],[-75.5105,39.5595],[-75.5575,39.621],[-75.51,39.6525],[-75.501,39.6885],[-75.4635,39.7195],[-75.462,39.748],[-75.44,39.777],[-75.3675,39.824],[-75.311,39.843],[-75.229,39.8545],[-75.144,39.875],[-75.0985,39.9065],[-75.12,39.9405],[-75.079,39.9535],[-75.0235,40.0165]]],[[[-74.359,39.447],[-74.3515,39.47],[-74.318,39.454],[-74.331,39.426],[-74.359,39.4015],[-74.3865,39.4065],[-74.359,39.447]]],[[[-74.133,39.7145],[-74.148,39.666],[-74.2565,39.522],[-74.24,39.5755],[-74.16,39.6855],[-74.133,39.7145]]]]},"properties":{"name":"New Jersey"}},{"type":"Feature","geometry":{"type":"Polygon","coordinates":[[[-73.643,41.001],[-73.723,41.1035],[-73.484,41.218],[-73.5445,41.295],[-73.5195,41.5915],[-73.4805,42.0545],[-72.8615,42.037],[-72.8075,42.033],[-72.8065,42.007],[-72.7635,42.01],[-72.7575,42.033],[-72.5575,42.0315],[-72.211,42.0265],[-71.8015,42.0215],[-71.801,42.011],[-71.7955,41.519],[-71.8045,41.4155],[-71.83,41.3915],[-71.845,41.3215],[-71.8605,41.3205],[-71.898,41.3465],[-71.973,41.3435],[-72.036,41.318],[-72.0835,41.352],[-72.1105,41.311],[-72.1945,41.324],[-72.288,41.283],[-72.347,41.3075],[-72.37,41.2765],[-72.4335,41.29],[-72.475,41.281],[-72.508,41.2565],[-72.605,41.284],[-72.662,41.274],[-72.6865,41.2565],[-72.7275,41.27],[-72.7795,41.27],[-72.806,41.258],[-72.843,41.2585],[-72.8925,41.245],[-72.906,41.3005],[-72.9675,41.2565],[-73.014,41.2065],[-73.0535,41.2115],[-73.0945,41.1915],[-73.1085,41.1485],[-73.134,41.147],[-73.17,41.1695],[-73.209,41.1565],[-73.2715,41.1175],[-73.3325,41.1135],[-73.3795,41.1],[-73.4235,41.0775],[-73.565,41.019],[-73.643,41.001]]]},"properties":{"name":"Connecticut"}},{"type":"Feature","geometry":{"type":"MultiPolygon","coordinates":[[[[-71.237,41.7095],[-71.2605,41.651],[-71.302,41.6595],[-71.309,41.722],[-71.3555,41.7465],[-71.3705,41.792],[-71.395,41.8055],[-71.3915,41.7425],[-71.3675,41.724],[-71.3845,41.674],[-71.4185,41.6945],[-71.447,41.677],[-71.414,41.653],[-71.4125,41.6125],[-71.443,41.5745],[-71.4245,41.539],[-71.426,41.4685],[-71.455,41.406],[-71.4975,41.3665],[-71.5305,41.3765],[-71.599,41.3675],[-71.754,41.331],[-71.829,41.317],[-71.8605,41.3205],[-71.845,41.3215],[-71.83,41.3915],[-71.8045,41.4155],[-71.7955,41.519],[-71.801,42.011],[-71.439,42.0165],[-71.387,42.016],[-71.3805,41.908],[-71.3375,41.8905],[-71.3405,41.797],[-71.324,41.778],[-71.268,41.75],[-71.237,41.7095]]],[[[-71.122,41.513],[-71.186,41.4685],[-71.202,41.5025],[-71.1955,41.521],[-71.207,41.558],[-71.207,41.646],[-71.194,41.677],[-71.131,41.661],[-71.142,41.6065],[-71.131,41.5955],[-71.122,41.513]]],[[[-71.315,41.581],[-71.337,41.5925],[-71.336,41.6265],[-71.357,41.6315],[-71.3555,41.66],[-71.3035,41.6265],[-71.315,41.581]]],[[[-71.5595,41.201],[-71.549,41.152],[-71.5995,41.146],[-71.608,41.1805],[-71.5825,41.204],[-71.5595,41.201]]],[[[-71.358,41.558],[-71.3715,41.4825],[-71.401,41.4685],[-71.3955,41.5265],[-71.3775,41.578],[-71.358,41.558]]],[[[-71.2855,41.5815],[-71.258,41.6405],[-71.2205,41.6605],[-71.2325,41.606],[-71.238,41.5005],[-71.265,41.496],[-71.303,41.4665],[-71.358,41.4725],[-71.309,41.4955],[-71.3225,41.5305],[-71.309,41.568],[-71.2855,41.5815]]]]},"properties":{"name":"Rhode Island"}},{"type":"Feature","geometry":{"type":"MultiPolygon","coordinates":[[[[-71.194,41.677],[-71.186,41.722],[-71.221,41.7315],[-71.237,41.7095],[-71.268,41.75],[-71.324,41.778],[-71.3405,41.797],[-71.3375,41.8905],[-71.3805,41.908],[-71.387,42.016],[-71.439,42.0165],[-71.801,42.011],[-71.8015,42.0215],[-72.211,42.0265],[-72.5575,42.0315],[-72.7575,42.033],[-72.7635,42.01],[-72.8065,42.007],[-72.8075,42.033],[-72.8615,42.037],[-73.4805,42.0545],[-73.507,42.079],[-73.4355,42.2785],[-73.2655,42.7455],[-72.909,42.7415],[-72.467,42.7295],[-71.8265,42.7135],[-71.3065,42.701],[-71.2455,42.7365],[-71.196,42.752],[-71.1515,42.8095],[-71.0835,42.817],[-71.0225,42.8545],[-70.9255,42.8865],[-70.85,42.8705],[-70.8145,42.8775],[-70.807,42.835],[-70.8535,42.817],[-70.801,42.7925],[-70.8195,42.7185],[-70.757,42.657],[-70.7015,42.6535],[-70.659,42.6845],[-70.598,42.665],[-70.602,42.6485],[-70.6475,42.6045],[-70.6865,42.6065],[-70.709,42.582],[-70.8105,42.563],[-70.8615,42.547],[-70.838,42.499],[-70.885,42.473],[-70.9155,42.4695],[-70.9745,42.4165],[-70.9835,42.3765],[-71.0145,42.339],[-71.0425,42.332],[-71.0385,42.308],[-70.999,42.284],[-70.963,42.28],[-70.9555,42.2435],[-70.926,42.2505],[-70.88,42.2765],[-70.784,42.2595],[-70.7165,42.212],[-70.7135,42.1755],[-70.696,42.164],[-70.653,42.109],[-70.631,42.0925],[-70.628,42.059],[-70.656,42.058],[-70.665,42.0105],[-70.715,42.0025],[-70.655,41.957],[-70.566,41.9555],[-70.545,41.9405],[-70.524,41.8685],[-70.533,41.816],[-70.5045,41.79],[-70.439,41.756],[-70.3265,41.7315],[-70.3155,41.7155],[-70.2745,41.715],[-70.1915,41.747],[-70.07,41.7735],[-70.0215,41.791],[-70,41.8165],[-70.002,41.882],[-70.0215,41.907],[-69.9865,41.914],[-70.038,41.9415],[-70.052,41.935],[-70.0685,41.8935],[-70.08,41.995],[-70.1,42.0375],[-70.1655,42.064],[-70.19,42.0495],[-70.2315,42.057],[-70.2295,42.0805],[-70.192,42.086],[-70.1465,42.081],[-70.081,42.0585],[-70.051,42.04],[-69.982,41.9535],[-69.9435,41.8575],[-69.939,41.832],[-69.9565,41.808],[-69.934,41.793],[-69.9325,41.741],[-69.939,41.674],[-69.978,41.682],[-70.137,41.6605],[-70.1855,41.6605],[-70.24,41.6435],[-70.261,41.646],[-70.319,41.6325],[-70.366,41.633],[-70.3915,41.619],[-70.4285,41.632],[-70.459,41.5915],[-70.5045,41.5635],[-70.596,41.553],[-70.6585,41.5215],[-70.6525,41.578],[-70.652,41.654],[-70.6585,41.722],[-70.7105,41.748],[-70.722,41.7015],[-70.7745,41.646],[-70.9075,41.615],[-70.9315,41.5805],[-70.925,41.5505],[-70.971,41.5375],[-71.04,41.507],[-71.0495,41.552],[-71.122,41.513],[-71.131,41.5955],[-71.142,41.6065],[-71.131,41.661],[-71.194,41.677]]],[[[-70.054,41.3925],[-70.029,41.386],[-70.0055,41.3425],[-69.958,41.2755],[-69.967,41.2495],[-70.001,41.2395],[-70.1375,41.247],[-70.2565,41.293],[-70.241,41.301],[-70.098,41.2905],[-70.046,41.3075],[-70.0325,41.3395],[-70.037,41.373],[-70.054,41.3925]]],[[[-70.5005,41.3935],[-70.4555,41.4295],[-70.446,41.4135],[-70.4465,41.3675],[-70.4655,41.3605],[-70.5005,41.3935]]],[[[-70.5765,41.428],[-70.5175,41.4135],[-70.5075,41.3625],[-70.525,41.359],[-70.666,41.357],[-70.724,41.3425],[-70.776,41.3045],[-70.8045,41.3125],[-70.846,41.354],[-70.782,41.354],[-70.7545,41.3725],[-70.7155,41.4205],[-70.66,41.4565],[-70.605,41.474],[-70.556,41.4685],[-70.5465,41.4445],[-70.5765,41.428]]],[[[-69.973,41.6535],[-69.9595,41.6325],[-69.976,41.6125],[-70.002,41.554],[-70.0215,41.5505],[-69.981,41.6275],[-69.973,41.6535]]]]},"properties":{"name":"Massachusetts"}},{"type":"Feature","geometry":{"type":"MultiPolygon","coordinates":[[[[-94.803,60],[-95.251,60],[-95.701,60],[-96.151,60],[-96.601,60],[-97.051,60],[-97.501,60],[-97.951,60],[-98.401,60],[-98.8515,60],[-99.3015,60],[-99.7515,60],[-100.2015,60],[-100.6515,60],[-101.1015,60],[-101.5515,60],[-102,60],[-102,62],[-93.339,62],[-93.217,61.9585],[-93.3675,61.955],[-93.31,61.926],[-93.2795,61.897],[-93.3365,61.8965],[-93.496,61.94],[-93.5975,61.954],[-93.5945,61.934],[-93.4915,61.8895],[-93.5835,61.887],[-93.598,61.854],[-93.502,61.856],[-93.385,61.787],[-93.287,61.794],[-93.246,61.784],[-93.2715,61.7365],[-93.303,61.752],[-93.367,61.7535],[-93.436,61.772],[-93.4525,61.757],[-93.3955,61.7255],[-93.443,61.691],[-93.519,61.6835],[-93.69,61.6155],[-93.7595,61.5685],[-93.795,61.555],[-93.838,61.5615],[-93.8775,61.5205],[-93.985,61.458],[-93.926,61.3905],[-93.8705,61.393],[-93.8275,61.3625],[-93.8335,61.3285],[-93.9215,61.3035],[-93.9925,61.3055],[-94.0745,61.326],[-94.096,61.311],[-94.033,61.28],[-94.007,61.238],[-94.017,61.201],[-94.0805,61.178],[-94.0405,61.163],[-94.0665,61.1335],[-93.986,61.1005],[-94.033,61.081],[-94.119,61.0725],[-94.1605,61.034],[-94.17,60.9955],[-94.232,60.9305],[-94.2425,60.9035],[-94.3515,60.858],[-94.4095,60.764],[-94.4095,60.7095],[-94.492,60.649],[-94.4885,60.6235],[-94.5205,60.5845],[-94.52,60.547],[-94.5715,60.5275],[-94.6885,60.553],[-94.7385,60.5395],[-94.6425,60.512],[-94.68,60.4745],[-94.6155,60.3925],[-94.6435,60.337],[-94.712,60.2655],[-94.6815,60.197],[-94.7145,60.154],[-94.703,60.1055],[-94.7185,60.079],[-94.76,60.0685],[-94.759,60.0465],[-94.803,60]]],[[[-66.079,62],[-66.04,61.9585],[-65.9885,61.9615],[-65.9505,61.897],[-66.0335,61.8895],[-66.063,61.875],[-66.17,61.8765],[-66.2745,61.858],[-66.3375,61.875],[-66.4055,61.877],[-66.486,61.8985],[-66.555,61.9075],[-66.5915,61.9305],[-66.6625,61.9375],[-66.615,61.965],[-66.705,61.969],[-66.7515,62],[-66.079,62]]],[[[-64.519,60.3195],[-64.594,60.3475],[-64.7035,60.3615],[-64.7505,60.374],[-64.8245,60.4155],[-64.8615,60.4655],[-64.827,60.4855],[-64.727,60.478],[-64.6415,60.4925],[-64.5605,60.4495],[-64.5665,60.431],[-64.4875,60.402],[-64.4225,60.3975],[-64.4325,60.3725],[-64.49,60.361],[-64.519,60.3195]]],[[[-67.881,60.497],[-67.8405,60.4895],[-67.8265,60.4655],[-67.847,60.4165],[-67.9085,60.377],[-67.96,60.3325],[-67.956,60.302],[-68.061,60.294],[-68.111,60.2685],[-68.1725,60.2575],[-68.2045,60.2265],[-68.284,60.2175],[-68.321,60.197],[-68.375,60.1965],[-68.4195,60.2095],[-68.439,60.2595],[-68.38,60.376],[-68.3075,60.47],[-68.2415,60.5855],[-68.1305,60.5965],[-68.028,60.5825],[-67.999,60.586],[-67.9465,60.5305],[-67.881,60.497]]],[[[-64.6105,60.69],[-64.5975,60.65],[-64.6255,60.6145],[-64.692,60.6155],[-64.6105,60.69]]],[[[-78.2435,60.835],[-78.2305,60.813],[-78.3365,60.7585],[-78.5045,60.7385],[-78.5885,60.7145],[-78.6795,60.7115],[-78.6915,60.7205],[-78.628,60.7525],[-78.6035,60.7795],[-78.251,60.8275],[-78.2435,60.835]]],[[[-64.8405,61.3515],[-64.9005,61.3405],[-64.915,61.362],[-64.9755,61.3495],[-64.977,61.379],[-64.9225,61.403],[-64.972,61.4165],[-65.076,61.4185],[-65.136,61.456],[-65.1795,61.4685],[-65.193,61.5025],[-65.263,61.5095],[-65.308,61.5365],[-65.3545,61.54],[-65.486,61.5995],[-65.4705,61.6445],[-65.429,61.6625],[-65.0465,61.6975],[-64.9755,61.6805],[-64.717,61.6635],[-64.774,61.635],[-64.778,61.6185],[-64.684,61.6185],[-64.65,61.6045],[-64.7235,61.5435],[-64.6825,61.534],[-64.675,61.508],[-64.6965,61.458],[-64.721,61.4385],[-64.7825,61.424],[-64.7865,61.3955],[-64.8405,61.3515]]],[[[-65.7035,61.793],[-65.6785,61.7685],[-65.721,61.7575],[-65.772,61.787],[-65.8135,61.7595],[-65.875,61.7665],[-65.9465,61.801],[-65.7915,61.8725],[-65.7235,61.8445],[-65.7035,61.793]]],[[[-93.0255,61.9165],[-92.982,61.8895],[-92.984,61.868],[-93.059,61.83],[-93.0875,61.8355],[-93.1485,61.883],[-93.216,61.8815],[-93.2245,61.9065],[-93.194,61.925],[-93.104,61.9225],[-93.0665,61.938],[-93.0255,61.9165]]],[[[-65.241,61.9205],[-65.1625,61.9515],[-65.0665,61.9305],[-65.03,61.888],[-64.9605,61.884],[-64.9575,61.8325],[-64.892,61.833],[-64.828,61.761],[-64.9015,61.7275],[-64.9575,61.7325],[-65.038,61.7685],[-65.1475,61.784],[-65.1695,61.815],[-65.222,61.8345],[-65.255,61.891],[-65.241,61.9205]]],[[[-79.3875,62],[-79.4025,61.958],[-79.4565,61.897],[-79.5185,61.848],[-79.5485,61.7595],[-79.6165,61.7045],[-79.639,61.6605],[-79.7245,61.6125],[-79.75,61.586],[-79.8105,61.574],[-79.8545,61.582],[-79.95,61.6835],[-80.041,61.7175],[-80.06,61.746],[-80.1805,61.7745],[-80.261,61.8565],[-80.259,61.8895],[-80.2855,61.9305],[-80.2605,62],[-79.3875,62]]],[[[-79.8415,53.1455],[-79.799,53.122],[-79.795,53.1055],[-79.8495,53.085],[-79.93,53.0945],[-79.9365,53.1255],[-79.9165,53.1705],[-79.8555,53.1695],[-79.8415,53.1455]]],[[[-79.95,53.352],[-79.9565,53.323],[-79.9175,53.2975],[-79.9235,53.2755],[-79.984,53.265],[-80.018,53.2735],[-80.046,53.3095],[-80.086,53.3305],[-80.043,53.366],[-79.948,53.3665],[-79.95,53.352]]],[[[-79.978,56.202],[-80.064,56.1875],[-80.102,56.1975],[-80.098,56.24],[-80.0525,56.2835],[-80.06,56.3045],[-80.0005,56.326],[-79.8915,56.3295],[-79.8635,56.355],[-79.86,56.386],[-79.7445,56.366],[-79.6745,56.3845],[-79.642,56.366],[-79.7155,56.309],[-79.978,56.202]]],[[[-79.5935,56.771],[-79.5105,56.7835],[-79.4805,56.723],[-79.4875,56.6635],[-79.5155,56.6675],[-79.565,56.6205],[-79.5835,56.649],[-79.5475,56.7275],[-79.5935,56.771]]],[[[-79.903,56.894],[-79.8515,56.939],[-79.795,56.9515],[-79.756,56.9165],[-79.7235,56.8205],[-79.751,56.793],[-79.791,56.796],[-79.786,56.826],[-79.8125,56.8965],[-79.878,56.885],[-79.903,56.894]]],[[[-79.793,57.4285],[-79.8465,57.4735],[-79.8115,57.4855],[-79.78,57.528],[-79.8255,57.539],[-79.772,57.601],[-79.728,57.617],[-79.7015,57.5735],[-79.6965,57.5295],[-79.723,57.502],[-79.78,57.511],[-79.793,57.4285]]],[[[-80.471,59.491],[-80.4645,59.4705],[-80.519,59.444],[-80.5535,59.45],[-80.471,59.491]]],[[[-80.225,59.7315],[-80.149,59.71],[-80.156,59.683],[-80.221,59.6625],[-80.256,59.6265],[-80.317,59.6135],[-80.326,59.6485],[-80.296,59.6625],[-80.225,59.7315]]],[[[-80.1085,59.765],[-80.099,59.8015],[-80.18,59.758],[-80.129,59.8275],[-80.043,59.878],[-79.948,59.882],[-79.8815,59.861],[-79.9365,59.813],[-79.99,59.796],[-80.019,59.772],[-80.0665,59.76],[-80.1085,59.765]]],[[[-79.395,52.0835],[-79.3485,52.105],[-79.2835,52.0965],[-79.2515,52.077],[-79.3205,52.0335],[-79.3365,51.9635],[-79.414,51.9385],[-79.5155,51.9465],[-79.584,51.933],[-79.6215,51.939],[-79.656,51.9875],[-79.6355,52.0215],[-79.584,52.015],[-79.5335,52.0295],[-79.4945,52.0595],[-79.444,52.066],[-79.395,52.0835]]],[[[-80.7595,52.919],[-80.6785,52.7805],[-80.6695,52.742],[-80.744,52.7],[-80.7845,52.723],[-81.027,52.7525],[-81.152,52.803],[-81.2865,52.844],[-81.469,52.8615],[-81.6495,52.9035],[-81.7925,52.942],[-81.9515,52.9745],[-82.016,53.0105],[-82.0625,53.023],[-81.944,53.1435],[-81.883,53.18],[-81.858,53.185],[-81.7805,53.18],[-81.666,53.207],[-81.615,53.214],[-81.495,53.213],[-81.4245,53.229],[-81.174,53.2125],[-81.123,53.202],[-80.9685,53.101],[-80.948,53.0695],[-80.879,53.032],[-80.7795,52.9485],[-80.7595,52.919]]],[[[-79.286,54.9135],[-79.019,54.941],[-79.036,54.927],[-79.1515,54.9025],[-79.2415,54.898],[-79.3125,54.882],[-79.402,54.852],[-79.6035,54.829],[-79.758,54.78],[-79.7625,54.7955],[-79.6975,54.841],[-79.654,54.8545],[-79.4695,54.8895],[-79.368,54.893],[-79.286,54.9135]]],[[[-77.312,55.619],[-77.237,55.632],[-77.319,55.582],[-77.3775,55.5605],[-77.526,55.4655],[-77.5865,55.436],[-77.619,55.4375],[-77.4485,55.534],[-77.413,55.5625],[-77.3665,55.5785],[-77.312,55.619]]],[[[-79.0055,56.017],[-78.9365,56.0245],[-78.9985,55.9825],[-79.0215,55.9535],[-79.049,55.8795],[-79.09,55.857],[-79.028,55.9925],[-79.0135,56.059],[-78.9505,56.0785],[-78.9505,56.0375],[-79.0055,56.017]]],[[[-78.7575,56.168],[-78.7775,56.1725],[-78.8335,56.133],[-78.9365,56.1195],[-78.9195,56.1715],[-78.8405,56.2485],[-78.847,56.278],[-78.8145,56.31],[-78.825,56.3585],[-78.798,56.379],[-78.7575,56.435],[-78.6995,56.449],[-78.6625,56.421],[-78.6635,56.353],[-78.649,56.291],[-78.6555,56.236],[-78.6815,56.197],[-78.7575,56.168]]],[[[-79.546,56.044],[-79.4745,56.1025],[-79.493,56.1315],[-79.546,56.133],[-79.584,56.1105],[-79.723,55.9785],[-79.83,55.8985],[-79.867,55.8435],[-79.9125,55.843],[-79.949,55.889],[-80.0255,55.9005],[-79.9875,55.9555],[-79.949,55.968],[-79.737,56.1615],[-79.551,56.2665],[-79.505,56.3325],[-79.4675,56.4285],[-79.4615,56.4795],[-79.4785,56.524],[-79.446,56.555],[-79.4155,56.497],[-79.435,56.414],[-79.4815,56.347],[-79.4825,56.2865],[-79.5155,56.2325],[-79.604,56.1615],[-79.4495,56.2035],[-79.4095,56.233],[-79.361,56.3485],[-79.325,56.395],[-79.299,56.48],[-79.285,56.661],[-79.2585,56.682],[-79.204,56.685],[-79.1345,56.6345],[-79.19,56.643],[-79.2475,56.6315],[-79.2555,56.5955],[-79.235,56.5515],[-79.131,56.544],[-79.1175,56.491],[-79.0935,56.459],[-79.0575,56.437],[-79.0115,56.428],[-78.958,56.4345],[-78.9225,56.408],[-78.926,56.3605],[-78.947,56.319],[-78.943,56.291],[-78.981,56.2325],[-79.111,56.087],[-78.99,56.2625],[-78.97,56.343],[-79.0425,56.366],[-79.056,56.3485],[-79.1005,56.233],[-79.0595,56.202],[-79.1125,56.14],[-79.197,56.01],[-79.128,56.161],[-79.1315,56.205],[-79.1555,56.236],[-79.19,56.213],[-79.2485,56.145],[-79.355,55.978],[-79.381,55.962],[-79.4695,55.8795],[-79.5095,55.865],[-79.554,55.8685],[-79.6455,55.8965],[-79.739,55.812],[-79.767,55.818],[-79.632,55.941],[-79.546,56.044]]],[[[-79.906,56.867],[-79.858,56.8655],[-79.8175,56.8315],[-79.838,56.7945],[-79.888,56.749],[-79.9395,56.7605],[-79.9515,56.785],[-79.944,56.8395],[-79.906,56.867]]],[[[-77.9215,58.333],[-77.818,58.309],[-77.6975,58.2555],[-77.7385,58.2505],[-77.9495,58.3265],[-77.9215,58.333]]],[[[-78.6415,58.6285],[-78.683,58.621],[-78.6805,58.683],[-78.6075,58.6345],[-78.6415,58.6285]]],[[[-79.4055,52.261],[-79.401,52.241],[-79.475,52.2375],[-79.485,52.2535],[-79.4055,52.261]]],[[[-78.734,52.445],[-78.755,52.422],[-78.8015,52.4175],[-78.8145,52.435],[-78.734,52.445]]],[[[-79.5845,52.555],[-79.5815,52.54],[-79.6395,52.5325],[-79.6125,52.5775],[-79.5845,52.555]]],[[[-76.7305,56.161],[-76.721,56.1255],[-76.775,56.1035],[-76.773,56.1655],[-76.7305,56.161]]],[[[-77.487,56.442],[-77.5025,56.3865],[-77.537,56.397],[-77.487,56.442]]],[[[-76.6235,56.6815],[-76.619,56.587],[-76.6555,56.5875],[-76.6235,56.6815]]],[[[-76.652,57.0715],[-76.701,57.0825],[-76.7315,57.1865],[-76.6985,57.192],[-76.6535,57.129],[-76.6715,57.0985],[-76.652,57.0715]]],[[[-78.2685,57.1985],[-78.3245,57.172],[-78.3825,57.178],[-78.3115,57.2085],[-78.2685,57.1985]]],[[[-78.3365,57.305],[-78.4155,57.2795],[-78.481,57.2915],[-78.381,57.329],[-78.3365,57.305]]],[[[-76.791,57.336],[-76.8175,57.391],[-76.7715,57.3905],[-76.7455,57.36],[-76.75,57.3265],[-76.733,57.2935],[-76.764,57.285],[-76.791,57.336]]],[[[-78.629,58.7795],[-78.705,58.7795],[-78.683,58.802],[-78.629,58.7795]]],[[[-80.5185,59.6945],[-80.5105,59.6835],[-80.5515,59.6495],[-80.5805,59.6695],[-80.5185,59.6945]]]]},"properties":{"name":"Nunavut"}},{"type":"Feature","geometry":{"type":"MultiPolygon","coordinates":[[[[-64.5315,60.304],[-64.464,60.291],[-64.4165,60.2595],[-64.4535,60.2505],[-64.495,60.2725],[-64.5865,60.293],[-64.6365,60.293],[-64.681,60.2785],[-64.7295,60.235],[-64.617,60.2725],[-64.539,60.2655],[-64.4855,60.24],[-64.483,60.2195],[-64.543,60.1935],[-64.5155,60.1765],[-64.4595,60.198],[-64.41,60.1975],[-64.3805,60.17],[-64.399,60.151],[-64.498,60.115],[-64.463,60.0875],[-64.6325,60.0715],[-64.689,60.0435],[-64.8125,60.008],[-64.8065,59.9845],[-64.5865,60.06],[-64.502,60.057],[-64.4515,60.066],[-64.3985,60.121],[-64.3675,60.118],[-64.3755,60.081],[-64.4135,60.071],[-64.374,60.04],[-64.393,60.0145],[-64.488,60.0035],[-64.4165,59.985],[-64.395,59.9565],[-64.4175,59.9325],[-64.502,59.912],[-64.4765,59.9005],[-64.4235,59.9235],[-64.369,59.9275],[-64.3635,59.958],[-64.3025,60.01],[-64.329,60.028],[-64.326,60.06],[-64.2205,60.0465],[-64.171,60.0225],[-64.148,59.9845],[-64.2745,59.9635],[-64.1825,59.9155],[-64.1265,59.9075],[-64.162,59.861],[-64.176,59.796],[-64.1925,59.7785],[-64.2595,59.7885],[-64.2645,59.765],[-64.2125,59.716],[-64.148,59.683],[-64.038,59.683],[-64,59.6885],[-64,59.6475],[-64.0595,59.6215],[-64.073,59.5745],[-64.04,59.562],[-64.032,59.61],[-64,59.624],[-64,59.3905],[-64,59.0525],[-64,58.817],[-64.1265,58.7525],[-64.157,58.751],[-64.2615,58.782],[-64.27,58.8075],[-64.2585,58.85],[-64.3105,58.8845],[-64.4015,58.884],[-64.4715,58.896],[-64.568,58.8875],[-64.605,58.8965],[-64.7015,58.9425],[-64.733,58.941],[-64.7915,58.9135],[-64.8225,58.9115],[-64.882,58.935],[-64.8405,58.9565],[-64.8635,58.9935],[-64.824,59.037],[-64.754,59.065],[-64.716,59.0655],[-64.6555,59.03],[-64.5765,59.018],[-64.414,58.982],[-64.3185,58.992],[-64.292,59.0075],[-64.305,59.0345],[-64.365,59.0735],[-64.4445,59.082],[-64.4895,59.1055],[-64.498,59.1655],[-64.528,59.1855],[-64.533,59.2115],[-64.5125,59.2605],[-64.5385,59.2855],[-64.5055,59.3415],[-64.537,59.3725],[-64.486,59.3995],[-64.492,59.4365],[-64.3555,59.484],[-64.3495,59.505],[-64.414,59.529],[-64.4845,59.518],[-64.579,59.4775],[-64.672,59.4505],[-64.7315,59.4565],[-64.775,59.4975],[-64.7785,59.518],[-64.8935,59.5645],[-64.902,59.6415],[-64.885,59.664],[-64.7745,59.699],[-64.8105,59.772],[-64.814,59.819],[-64.7475,59.843],[-64.7675,59.88],[-64.737,59.892],[-64.6705,59.8835],[-64.6545,59.9165],[-64.6635,59.9405],[-64.751,59.9555],[-64.79,59.9715],[-64.8355,59.964],[-64.904,60.048],[-64.8775,60.0595],[-64.817,60.0395],[-64.705,60.064],[-64.724,60.106],[-64.6175,60.1065],[-64.599,60.118],[-64.636,60.1745],[-64.6695,60.1835],[-64.749,60.1735],[-64.843,60.219],[-64.8445,60.264],[-64.8085,60.281],[-64.703,60.2945],[-64.653,60.2925],[-64.5315,60.304]]],[[[-64,52.369],[-64.029,52.398],[-64.081,52.4735],[-64.0435,52.52],[-64,52.5545],[-64,52.369]]],[[[-64,52.7345],[-64.1075,52.72],[-64.1245,52.696],[-64.166,52.6755],[-64.1625,52.5965],[-64.19,52.5725],[-64.1415,52.49],[-64.128,52.428],[-64.128,52.3865],[-64.166,52.321],[-64.207,52.304],[-64.221,52.266],[-64.2105,52.2215],[-64.1555,52.132],[-64.1725,52.115],[-64.2105,52.1285],[-64.252,52.115],[-64.2725,52.039],[-64.2345,51.9805],[-64.276,51.967],[-64.3375,52.0115],[-64.362,51.967],[-64.3375,51.874],[-64.3345,51.819],[-64.293,51.7845],[-64.2795,51.74],[-64.3445,51.6675],[-64.4065,51.654],[-64.479,51.6095],[-64.5305,51.592],[-64.5785,51.6125],[-64.6885,51.723],[-64.771,51.764],[-64.857,51.7745],[-64.919,51.7605],[-64.9225,51.7295],[-64.957,51.723],[-65.0325,51.7605],[-65.0805,51.7505],[-65.132,51.757],[-65.184,51.7745],[-65.184,51.8225],[-65.2215,51.826],[-65.2765,51.867],[-65.318,51.8535],[-65.3385,51.819],[-65.3935,51.898],[-65.359,51.95],[-65.3765,51.984],[-65.4145,51.984],[-65.459,52.0255],[-65.5005,52.0975],[-65.552,52.0325],[-65.614,52.0325],[-65.662,51.9875],[-65.6825,52.0255],[-65.662,52.0635],[-65.655,52.108],[-65.6965,52.1045],[-65.7305,52.0875],[-65.8235,52.108],[-65.9025,52.0805],[-65.9405,52.094],[-65.992,52.06],[-66.0265,52.0805],[-66.0885,52.091],[-66.078,52.17],[-66.123,52.201],[-66.195,52.2215],[-66.212,52.2525],[-66.257,52.297],[-66.3015,52.287],[-66.2775,52.2215],[-66.264,52.156],[-66.3015,52.132],[-66.374,52.1425],[-66.408,52.218],[-66.4325,52.2285],[-66.4565,52.266],[-66.4805,52.335],[-66.436,52.3765],[-66.35,52.359],[-66.3635,52.4415],[-66.384,52.469],[-66.374,52.5415],[-66.408,52.5895],[-66.405,52.648],[-66.374,52.6685],[-66.312,52.61],[-66.2945,52.6375],[-66.3325,52.7375],[-66.4015,52.844],[-66.391,52.8715],[-66.288,52.8475],[-66.2915,52.9025],[-66.3635,53.002],[-66.4255,53.0365],[-66.4565,53.0295],[-66.4635,52.9955],[-66.508,52.9575],[-66.5495,52.9405],[-66.625,52.937],[-66.6455,52.8885],[-66.6455,52.827],[-66.656,52.796],[-66.7075,52.772],[-66.7695,52.765],[-66.759,52.7065],[-66.7695,52.679],[-66.814,52.6925],[-66.8245,52.7235],[-66.852,52.7305],[-66.8655,52.6615],[-66.948,52.7375],[-67.041,52.775],[-67.0615,52.875],[-67.134,52.858],[-67.165,52.82],[-67.2025,52.827],[-67.261,52.861],[-67.3025,52.868],[-67.347,52.916],[-67.3335,52.9435],[-67.3405,52.978],[-67.368,53.016],[-67.385,53.1055],[-67.3575,53.1295],[-67.3265,53.133],[-67.299,53.157],[-67.2405,53.1675],[-67.1685,53.1535],[-67.12,53.1225],[-67.0515,53.1225],[-67.048,53.0745],[-66.9965,53.0815],[-66.9825,53.1055],[-66.993,53.1675],[-66.969,53.188],[-66.962,53.2945],[-67.01,53.353],[-66.986,53.384],[-66.89,53.415],[-67.031,53.5145],[-67.1135,53.525],[-67.1855,53.542],[-67.323,53.5665],[-67.399,53.635],[-67.4125,53.6935],[-67.5125,53.7315],[-67.5295,53.759],[-67.574,53.766],[-67.5775,53.7965],[-67.5125,53.814],[-67.5225,53.838],[-67.595,53.8585],[-67.6155,53.924],[-67.746,53.9825],[-67.808,54.034],[-67.791,54.0995],[-67.7425,54.1545],[-67.705,54.1545],[-67.6395,54.189],[-67.6395,54.23],[-67.674,54.2645],[-67.691,54.3055],[-67.746,54.3435],[-67.7495,54.426],[-67.667,54.4605],[-67.6325,54.4845],[-67.605,54.471],[-67.509,54.488],[-67.495,54.5395],[-67.5155,54.574],[-67.4985,54.5945],[-67.4265,54.5705],[-67.3405,54.512],[-67.268,54.4845],[-67.2335,54.5155],[-67.261,54.5705],[-67.1925,54.612],[-67.1545,54.6155],[-67.086,54.6805],[-67.086,54.732],[-67.2645,54.8355],[-67.316,54.894],[-67.423,54.997],[-67.4435,55.035],[-67.435,55.0635],[-67.379,55.0885],[-67.274,55.066],[-67.3085,55.027],[-67.297,55.006],[-67.1965,54.9745],[-67.107,54.9215],[-67.0445,54.905],[-67.016,54.885],[-66.9935,54.837],[-66.936,54.799],[-66.785,54.746],[-66.737,54.734],[-66.7015,54.74],[-66.7205,54.767],[-66.7045,54.784],[-66.6425,54.781],[-66.607,54.804],[-66.6385,54.8515],[-66.729,54.9385],[-66.728,54.96],[-66.661,54.984],[-66.717,55.043],[-66.7625,55.104],[-66.735,55.1815],[-66.694,55.1925],[-66.701,55.2205],[-66.812,55.293],[-66.832,55.3345],[-66.7705,55.339],[-66.6995,55.307],[-66.677,55.258],[-66.588,55.2555],[-66.559,55.2405],[-66.479,55.1605],[-66.422,55.1375],[-66.2545,54.998],[-66.197,54.977],[-66.134,54.9655],[-66.0595,54.919],[-66.029,54.9115],[-65.9945,54.9255],[-65.9495,54.926],[-65.8735,54.9135],[-65.8485,54.897],[-65.84,54.842],[-65.819,54.8165],[-65.7345,54.7595],[-65.698,54.723],[-65.662,54.72],[-65.6255,54.749],[-65.5455,54.7255],[-65.48,54.731],[-65.4455,54.7455],[-65.4455,54.78],[-65.4815,54.8165],[-65.4725,54.842],[-65.3995,54.824],[-65.3175,54.8365],[-65.296,54.8255],[-65.221,54.851],[-65.163,54.9295],[-65.103,54.957],[-64.9405,54.9295],[-64.8715,54.8895],[-64.8475,54.8495],[-64.782,54.835],[-64.7585,54.8165],[-64.7765,54.7675],[-64.7675,54.738],[-64.7145,54.729],[-64.689,54.7365],[-64.5765,54.7275],[-64.538,54.74],[-64.458,54.7945],[-64.3925,54.789],[-64.314,54.7655],[-64.2445,54.733],[-64.181,54.711],[-64.1135,54.631],[-64.0515,54.607],[-64,54.607],[-64,52.7345]]],[[[-64,56.072],[-64.0215,56.09],[-64.0185,56.1365],[-64,56.1645],[-64,56.072]]],[[[-64,56.2625],[-64.055,56.256],[-64.091,56.263],[-64.1365,56.3035],[-64.1145,56.322],[-64.108,56.3755],[-64.124,56.3985],[-64.164,56.4145],[-64.1455,56.436],[-64,56.419],[-64,56.2625]]],[[[-64,56.5795],[-64.037,56.6275],[-64.106,56.6695],[-64.124,56.6895],[-64.1155,56.7315],[-64.0835,56.7655],[-64,56.7855],[-64,56.5795]]],[[[-64,57.8125],[-64.019,57.778],[-64.054,57.768],[-64.094,57.806],[-64.1645,57.918],[-64.2145,57.9775],[-64.2215,58.045],[-64.2765,58.0475],[-64.347,58.066],[-64.4045,58.0645],[-64.4285,58.097],[-64.3895,58.1875],[-64.351,58.2065],[-64.242,58.22],[-64.191,58.264],[-64.167,58.339],[-64.1325,58.3585],[-64.051,58.3725],[-64,58.4225],[-64,57.8125]]],[[[-64,58.529],[-64.0525,58.533],[-64.078,58.552],[-64.099,58.592],[-64.086,58.638],[-64.0595,58.669],[-64,58.6845],[-64,58.529]]],[[[-64.079,59.7995],[-64,59.774],[-64,59.724],[-64.052,59.7235],[-64.107,59.7035],[-64.1415,59.724],[-64.1915,59.7335],[-64.196,59.761],[-64.1555,59.7865],[-64.1305,59.842],[-64.102,59.863],[-64.0595,59.841],[-64.032,59.8055],[-64.079,59.7995]]],[[[-64.4325,60.3725],[-64.4775,60.334],[-64.519,60.3195],[-64.49,60.361],[-64.4325,60.3725]]]]},"properties":{"name":"Newfoundland and Labrador"}},{"type":"Feature","geometry":{"type":"MultiPolygon","coordinates":[[[[-64.0425,45.992],[-64,46.003],[-64,45.392],[-64.066,45.413],[-64.1825,45.409],[-64.276,45.392],[-64.3125,45.402],[-64.388,45.3675],[-64.436,45.3815],[-64.459,45.4],[-64.576,45.4155],[-64.62,45.4085],[-64.6725,45.389],[-64.707,45.3605],[-64.7175,45.3245],[-64.7585,45.2995],[-64.774,45.333],[-64.86,45.353],[-64.9355,45.351],[-64.9285,45.383],[-64.902,45.43],[-64.854,45.4575],[-64.833,45.484],[-64.649,45.559],[-64.6455,45.5865],[-64.5425,45.6315],[-64.4845,45.6765],[-64.457,45.683],[-64.429,45.71],[-64.439,45.7385],[-64.398,45.7565],[-64.3805,45.7925],[-64.3055,45.8265],[-64.2945,45.805],[-64.3315,45.777],[-64.3275,45.7545],[-64.2875,45.7645],[-64.294,45.784],[-64.2705,45.8135],[-64.2735,45.8355],[-64.2445,45.8815],[-64.1985,45.9155],[-64.1595,45.964],[-64.1195,45.9765],[-64.0515,45.977],[-64.0425,45.992]]],[[[-64,44.6555],[-64.057,44.639],[-64.062,44.5865],[-64.0365,44.571],[-64.0115,44.5115],[-64.041,44.5225],[-64.076,44.4765],[-64.1175,44.4875],[-64.128,44.555],[-64.162,44.5795],[-64.1975,44.5805],[-64.2275,44.537],[-64.281,44.558],[-64.305,44.536],[-64.3015,44.5025],[-64.3175,44.4765],[-64.354,44.456],[-64.3395,44.415],[-64.2755,44.4155],[-64.3125,44.381],[-64.347,44.3675],[-64.3395,44.3325],[-64.305,44.3205],[-64.289,44.299],[-64.2375,44.299],[-64.269,44.267],[-64.3125,44.2645],[-64.364,44.299],[-64.3675,44.264],[-64.4255,44.234],[-64.4345,44.208],[-64.483,44.174],[-64.498,44.141],[-64.552,44.1595],[-64.5945,44.158],[-64.5995,44.135],[-64.5545,44.13],[-64.546,44.1175],[-64.561,44.08],[-64.594,44.0795],[-64.649,44.059],[-64.6695,44.0355],[-64.667,43.998],[-64.6965,43.99],[-64.7445,43.958],[-64.8155,43.954],[-64.8335,43.914],[-64.797,43.895],[-64.8125,43.853],[-64.8855,43.839],[-64.8815,43.812],[-64.9065,43.805],[-64.95,43.867],[-64.964,43.8605],[-64.935,43.8125],[-64.949,43.7755],[-64.97,43.759],[-64.997,43.7695],[-65.0165,43.727],[-65.0345,43.7125],[-65.077,43.711],[-65.0965,43.736],[-65.1785,43.71],[-65.1935,43.7245],[-65.2115,43.772],[-65.249,43.7545],[-65.2245,43.719],[-65.2505,43.6735],[-65.2895,43.6745],[-65.327,43.6965],[-65.3135,43.7435],[-65.3515,43.737],[-65.3345,43.6705],[-65.346,43.5875],[-65.392,43.5665],[-65.416,43.5715],[-65.4625,43.5275],[-65.484,43.5245],[-65.4705,43.48],[-65.5425,43.528],[-65.5455,43.556],[-65.566,43.574],[-65.6675,43.5],[-65.7195,43.509],[-65.778,43.568],[-65.782,43.5875],[-65.7715,43.669],[-65.82,43.7095],[-65.853,43.764],[-65.877,43.7695],[-65.9095,43.819],[-65.9565,43.7855],[-66.0015,43.804],[-65.9635,43.7375],[-66.005,43.7235],[-66.031,43.7365],[-66.0775,43.7405],[-66.093,43.7665],[-66.1215,43.7435],[-66.1335,43.8095],[-66.111,43.8475],[-66.149,43.8525],[-66.17,43.8945],[-66.1495,43.932],[-66.163,43.9755],[-66.149,44.0025],[-66.1835,44.084],[-66.2105,44.1055],[-66.1875,44.171],[-66.142,44.231],[-66.1135,44.3435],[-66.095,44.374],[-66.0465,44.4065],[-66.0325,44.437],[-65.966,44.489],[-65.9275,44.506],[-65.848,44.5565],[-65.849,44.587],[-65.913,44.5795],[-65.9425,44.5835],[-66.0285,44.5205],[-66.187,44.3945],[-66.1805,44.4345],[-65.999,44.5795],[-65.889,44.631],[-65.786,44.6965],[-65.763,44.6725],[-65.7485,44.607],[-65.6925,44.6205],[-65.594,44.689],[-65.5365,44.7365],[-65.6155,44.709],[-65.6765,44.6965],[-65.742,44.668],[-65.7585,44.6825],[-65.7235,44.7275],[-65.621,44.779],[-65.457,44.8545],[-65.3975,44.895],[-65.3585,44.9045],[-65.2315,44.955],[-65.1805,44.993],[-65.022,45.06],[-64.863,45.1395],[-64.714,45.1925],[-64.644,45.201],[-64.5755,45.2195],[-64.5105,45.2285],[-64.4155,45.2715],[-64.3955,45.3015],[-64.4155,45.3265],[-64.3485,45.3195],[-64.3205,45.283],[-64.3515,45.248],[-64.3675,45.1965],[-64.357,45.171],[-64.388,45.149],[-64.3675,45.126],[-64.3055,45.149],[-64.2235,45.1085],[-64.1515,45.05],[-64.1475,44.9975],[-64.122,45.0025],[-64.1195,45.062],[-64.184,45.1145],[-64.1995,45.1485],[-64.166,45.1595],[-64.1655,45.186],[-64.115,45.216],[-64,45.2455],[-64,44.6555]]],[[[-65.608,43.4835],[-65.605,43.514],[-65.56,43.511],[-65.574,43.4765],[-65.6105,43.428],[-65.656,43.463],[-65.608,43.4835]]],[[[-66.2315,44.387],[-66.2045,44.381],[-66.2385,44.3385],[-66.3275,44.258],[-66.286,44.325],[-66.2315,44.387]]]]},"properties":{"name":"Nova Scotia"}},{"type":"Feature","geometry":{"type":"Polygon","coordinates":[[[-64,46.401],[-64.1345,46.4155],[-64.1145,46.4435],[-64.1145,46.5125],[-64.108,46.5445],[-64.062,46.57],[-64.079,46.598],[-64.0725,46.642],[-64.131,46.599],[-64.197,46.618],[-64.2305,46.6355],[-64.3225,46.6355],[-64.383,46.628],[-64.4025,46.642],[-64.417,46.683],[-64.4015,46.723],[-64.3695,46.759],[-64.2725,46.825],[-64.2595,46.8665],[-64.2315,46.9035],[-64.1625,46.956],[-64.0525,47.0215],[-64,47.065],[-64,46.871],[-64.038,46.821],[-64.079,46.8025],[-64.0935,46.78],[-64.072,46.758],[-64.035,46.745],[-64,46.753],[-64,46.401]]]},"properties":{"name":"Prince Edward Island"}},{"type":"Feature","geometry":{"type":"Polygon","coordinates":[[[-102,45.942],[-101.6815,45.942],[-101.2155,45.942],[-100.7495,45.942],[-100.2835,45.942],[-99.818,45.942],[-99.352,45.942],[-99.119,45.942],[-98.653,45.942],[-98.187,45.942],[-97.954,45.942],[-97.488,45.942],[-97.0225,45.942],[-96.5565,45.942],[-96.572,45.917],[-96.581,45.856],[-96.638,45.7635],[-96.686,45.7285],[-96.759,45.6985],[-96.8465,45.643],[-96.863,45.601],[-96.7665,45.512],[-96.708,45.4215],[-96.688,45.409],[-96.609,45.403],[-96.5665,45.3935],[-96.493,45.3475],[-96.4535,45.2965],[-96.4535,45.038],[-96.4535,44.5985],[-96.4535,44.379],[-96.4535,43.9395],[-96.4535,43.5],[-96.5955,43.499],[-96.5925,43.4425],[-96.5355,43.3855],[-96.5365,43.299],[-96.5785,43.2775],[-96.556,43.2545],[-96.5645,43.2235],[-96.481,43.2165],[-96.471,43.1975],[-96.4555,43.1215],[-96.474,43.069],[-96.5075,43.0455],[-96.499,43.018],[-96.511,42.9655],[-96.5375,42.932],[-96.542,42.896],[-96.5635,42.8445],[-96.583,42.838],[-96.6225,42.7885],[-96.638,42.751],[-96.5975,42.7005],[-96.544,42.6705],[-96.523,42.649],[-96.54,42.6275],[-96.504,42.6],[-96.482,42.5535],[-96.4825,42.5185],[-96.6115,42.5345],[-96.6395,42.556],[-96.6525,42.5915],[-96.6935,42.615],[-96.706,42.64],[-96.6915,42.6645],[-96.709,42.6775],[-96.7995,42.687],[-96.8395,42.732],[-96.857,42.74],[-96.947,42.745],[-96.9925,42.769],[-97.0515,42.784],[-97.1275,42.7895],[-97.1715,42.81],[-97.238,42.8645],[-97.301,42.887],[-97.5005,42.86],[-97.5995,42.8735],[-97.661,42.854],[-97.7295,42.8675],[-97.7705,42.86],[-97.839,42.8715],[-97.8865,42.8575],[-97.911,42.8095],[-97.942,42.7885],[-98.007,42.784],[-98.0785,42.8025],[-98.1045,42.8285],[-98.243,42.8725],[-98.326,42.921],[-98.349,42.9235],[-98.454,42.9745],[-98.485,43],[-99.088,43],[-99.429,43],[-99.7695,43],[-100.1105,43],[-100.451,43],[-100.962,43.0005],[-101.4735,43.0005],[-102,43.0005],[-102,45.942]]]},"properties":{"name":"South Dakota"}},{"type":"Feature","geometry":{"type":"Polygon","coordinates":[[[-102,43.0005],[-101.4735,43.0005],[-100.962,43.0005],[-100.451,43],[-100.1105,43],[-99.7695,43],[-99.429,43],[-99.088,43],[-98.485,43],[-98.454,42.9745],[-98.349,42.9235],[-98.326,42.921],[-98.243,42.8725],[-98.1045,42.8285],[-98.0785,42.8025],[-98.007,42.784],[-97.942,42.7885],[-97.911,42.8095],[-97.8865,42.8575],[-97.839,42.8715],[-97.7705,42.86],[-97.7295,42.8675],[-97.661,42.854],[-97.5995,42.8735],[-97.5005,42.86],[-97.301,42.887],[-97.238,42.8645],[-97.1715,42.81],[-97.1275,42.7895],[-97.0515,42.784],[-96.9925,42.769],[-96.947,42.745],[-96.857,42.74],[-96.8395,42.732],[-96.7995,42.687],[-96.709,42.6775],[-96.6915,42.6645],[-96.706,42.64],[-96.6935,42.615],[-96.6525,42.5915],[-96.6395,42.556],[-96.6115,42.5345],[-96.4825,42.5185],[-96.4385,42.513],[-96.3975,42.4965],[-96.3835,42.4555],[-96.402,42.369],[-96.3685,42.3385],[-96.3425,42.3],[-96.335,42.26],[-96.3515,42.2055],[-96.328,42.166],[-96.2765,42.1365],[-96.2655,42.1195],[-96.2605,42.058],[-96.2325,42.029],[-96.1545,41.988],[-96.143,41.948],[-96.1565,41.919],[-96.133,41.866],[-96.074,41.819],[-96.064,41.796],[-96.0815,41.7395],[-96.079,41.7205],[-96.101,41.6895],[-96.102,41.647],[-96.0915,41.6065],[-96.078,41.599],[-96.082,41.55],[-96.061,41.5375],[-96.02,41.551],[-95.9875,41.534],[-96.0065,41.4925],[-95.9865,41.474],[-95.931,41.465],[-95.9345,41.4025],[-95.958,41.3385],[-95.879,41.318],[-95.8845,41.2895],[-95.917,41.2665],[-95.924,41.2075],[-95.8655,41.184],[-95.876,41.167],[-95.8625,41.1055],[-95.8825,41.071],[-95.8645,41.043],[-95.871,41.012],[-95.8385,40.9825],[-95.84,40.9385],[-95.825,40.889],[-95.842,40.828],[-95.8275,40.794],[-95.8625,40.7585],[-95.8695,40.729],[-95.8445,40.688],[-95.773,40.6605],[-95.763,40.639],[-95.7675,40.6005],[-95.768,40.5485],[-95.696,40.5185],[-95.698,40.482],[-95.664,40.434],[-95.6595,40.3985],[-95.629,40.3455],[-95.65,40.311],[-95.595,40.3105],[-95.5465,40.262],[-95.4955,40.254],[-95.4675,40.238],[-95.485,40.201],[-95.437,40.1425],[-95.404,40.114],[-95.4175,40.0845],[-95.4195,40.045],[-95.3615,40.0265],[-95.3175,40],[-95.946,40],[-96.3655,40],[-96.994,40],[-97.4135,40],[-98.042,40],[-98.461,40],[-99.09,40],[-99.719,40],[-100.138,40],[-100.557,40],[-100.9765,40],[-101.3955,40],[-102,40],[-102,43.0005]]]},"properties":{"name":"Nebraska"}},{"type":"Feature","geometry":{"type":"Polygon","coordinates":[[[-102,40],[-101.3955,40],[-100.9765,40],[-100.557,40],[-100.138,40],[-99.719,40],[-99.09,40],[-98.461,40],[-98.042,40],[-97.4135,40],[-96.994,40],[-96.3655,40],[-95.946,40],[-95.3175,40],[-95.2475,39.944],[-95.2145,39.937],[-95.191,39.9065],[-95.139,39.893],[-95.1125,39.8685],[-95.068,39.8655],[-95.002,39.903],[-94.948,39.9015],[-94.936,39.8515],[-94.8825,39.821],[-94.889,39.7795],[-94.8725,39.7535],[-94.891,39.7295],[-94.961,39.742],[-94.9805,39.696],[-95.0375,39.656],[-95.0605,39.6215],[-95.06,39.589],[-95.109,39.571],[-95.099,39.53],[-95.064,39.5085],[-95.0255,39.454],[-94.9575,39.42],[-94.944,39.3925],[-94.8995,39.385],[-94.9085,39.367],[-94.901,39.327],[-94.879,39.2875],[-94.835,39.2595],[-94.8295,39.2175],[-94.724,39.173],[-94.663,39.173],[-94.6525,39.1595],[-94.6125,39.153],[-94.6175,39.123],[-94.618,38.66],[-94.618,38.4045],[-94.618,37.8935],[-94.618,37.383],[-94.618,37],[-102,37],[-102,40]]]},"properties":{"name":"Kansas"}},{"type":"Feature","geometry":{"type":"Polygon","coordinates":[[[-96.4825,42.5185],[-96.482,42.5535],[-96.504,42.6],[-96.54,42.6275],[-96.523,42.649],[-96.544,42.6705],[-96.5975,42.7005],[-96.638,42.751],[-96.6225,42.7885],[-96.583,42.838],[-96.5635,42.8445],[-96.542,42.896],[-96.5375,42.932],[-96.511,42.9655],[-96.499,43.018],[-96.5075,43.0455],[-96.474,43.069],[-96.4555,43.1215],[-96.471,43.1975],[-96.481,43.2165],[-96.5645,43.2235],[-96.556,43.2545],[-96.5785,43.2775],[-96.5365,43.299],[-96.5355,43.3855],[-96.5925,43.4425],[-96.5955,43.499],[-96.4535,43.5],[-96.1285,43.5],[-95.803,43.5],[-95.1525,43.5005],[-94.8275,43.5005],[-94.177,43.5005],[-93.852,43.5005],[-93.2015,43.5005],[-92.876,43.5005],[-92.226,43.501],[-91.9005,43.501],[-91.25,43.501],[-91.251,43.4745],[-91.197,43.366],[-91.111,43.34],[-91.0865,43.3175],[-91.085,43.28],[-91.1035,43.2495],[-91.1565,43.1955],[-91.168,43.1605],[-91.1625,43.0905],[-91.1475,42.9965],[-91.1465,42.9505],[-91.1305,42.9115],[-91.102,42.885],[-91.086,42.853],[-91.0795,42.792],[-91.0455,42.742],[-91.0105,42.7165],[-90.9665,42.7015],[-90.7955,42.677],[-90.703,42.6555],[-90.6265,42.5445],[-90.6415,42.512],[-90.654,42.49],[-90.549,42.4175],[-90.463,42.376],[-90.432,42.3525],[-90.4145,42.3185],[-90.403,42.2455],[-90.3705,42.2305],[-90.349,42.207],[-90.2365,42.161],[-90.201,42.131],[-90.1695,42.1165],[-90.165,42.075],[-90.1405,42.0305],[-90.1495,41.9765],[-90.167,41.9415],[-90.1745,41.8795],[-90.201,41.8135],[-90.277,41.7745],[-90.305,41.7485],[-90.3465,41.665],[-90.339,41.65],[-90.3465,41.6055],[-90.4055,41.5745],[-90.441,41.5435],[-90.483,41.531],[-90.603,41.5105],[-90.6615,41.462],[-90.7045,41.451],[-90.9915,41.4335],[-91.031,41.4135],[-91.055,41.383],[-91.091,41.3],[-91.099,41.2565],[-91.0825,41.19],[-90.9975,41.1465],[-90.9685,41.116],[-90.9515,41.0755],[-90.9455,41.0295],[-90.949,40.982],[-90.9665,40.946],[-91.0655,40.8585],[-91.0935,40.8235],[-91.1015,40.764],[-91.127,40.7015],[-91.153,40.6725],[-91.188,40.6535],[-91.298,40.633],[-91.3835,40.5985],[-91.4125,40.564],[-91.411,40.5455],[-91.3745,40.51],[-91.3825,40.393],[-91.442,40.3795],[-91.4935,40.403],[-91.5385,40.441],[-91.5455,40.4685],[-91.617,40.506],[-91.6275,40.5295],[-91.682,40.551],[-91.6965,40.588],[-91.7305,40.619],[-91.944,40.6055],[-92.347,40.6],[-92.534,40.5955],[-93.095,40.5815],[-93.5615,40.5855],[-94.016,40.575],[-94.4785,40.573],[-94.922,40.5815],[-95.372,40.592],[-95.7675,40.6005],[-95.763,40.639],[-95.773,40.6605],[-95.8445,40.688],[-95.8695,40.729],[-95.8625,40.7585],[-95.8275,40.794],[-95.842,40.828],[-95.825,40.889],[-95.84,40.9385],[-95.8385,40.9825],[-95.871,41.012],[-95.8645,41.043],[-95.8825,41.071],[-95.8625,41.1055],[-95.876,41.167],[-95.8655,41.184],[-95.924,41.2075],[-95.917,41.2665],[-95.8845,41.2895],[-95.879,41.318],[-95.958,41.3385],[-95.9345,41.4025],[-95.931,41.465],[-95.9865,41.474],[-96.0065,41.4925],[-95.9875,41.534],[-96.02,41.551],[-96.061,41.5375],[-96.082,41.55],[-96.078,41.599],[-96.0915,41.6065],[-96.102,41.647],[-96.101,41.6895],[-96.079,41.7205],[-96.0815,41.7395],[-96.064,41.796],[-96.074,41.819],[-96.133,41.866],[-96.1565,41.919],[-96.143,41.948],[-96.1545,41.988],[-96.2325,42.029],[-96.2605,42.058],[-96.2655,42.1195],[-96.2765,42.1365],[-96.328,42.166],[-96.3515,42.2055],[-96.335,42.26],[-96.3425,42.3],[-96.3685,42.3385],[-96.402,42.369],[-96.3835,42.4555],[-96.3975,42.4965],[-96.4385,42.513],[-96.4825,42.5185]]]},"properties":{"name":"Iowa"}},{"type":"Feature","geometry":{"type":"Polygon","coordinates":[[[-95.3175,40],[-95.3615,40.0265],[-95.4195,40.045],[-95.4175,40.0845],[-95.404,40.114],[-95.437,40.1425],[-95.485,40.201],[-95.4675,40.238],[-95.4955,40.254],[-95.5465,40.262],[-95.595,40.3105],[-95.65,40.311],[-95.629,40.3455],[-95.6595,40.3985],[-95.664,40.434],[-95.698,40.482],[-95.696,40.5185],[-95.768,40.5485],[-95.7675,40.6005],[-95.372,40.592],[-94.922,40.5815],[-94.4785,40.573],[-94.016,40.575],[-93.5615,40.5855],[-93.095,40.5815],[-92.534,40.5955],[-92.347,40.6],[-91.944,40.6055],[-91.7305,40.619],[-91.6965,40.588],[-91.682,40.551],[-91.6275,40.5295],[-91.617,40.506],[-91.5455,40.4685],[-91.5385,40.441],[-91.4935,40.403],[-91.442,40.3795],[-91.473,40.358],[-91.496,40.3135],[-91.518,40.2215],[-91.519,40.175],[-91.4925,40.0095],[-91.446,39.948],[-91.442,39.9065],[-91.4495,39.8655],[-91.3915,39.8035],[-91.375,39.7355],[-91.355,39.711],[-91.1045,39.533],[-91.0765,39.4995],[-91.051,39.4525],[-90.8195,39.32],[-90.774,39.279],[-90.73,39.201],[-90.73,39.146],[-90.7025,39.101],[-90.719,39.0665],[-90.7045,39.041],[-90.7025,38.9955],[-90.6575,38.921],[-90.6265,38.8905],[-90.5855,38.878],[-90.542,38.894],[-90.479,38.959],[-90.4285,38.9675],[-90.375,38.944],[-90.282,38.9265],[-90.1835,38.8825],[-90.1435,38.857],[-90.127,38.8305],[-90.1705,38.765],[-90.198,38.744],[-90.1965,38.638],[-90.2135,38.607],[-90.264,38.543],[-90.315,38.4315],[-90.363,38.369],[-90.378,38.3375],[-90.382,38.3005],[-90.373,38.2545],[-90.3465,38.207],[-90.291,38.169],[-90.243,38.113],[-90.188,38.0835],[-90.111,38.0165],[-90.0755,38.008],[-90.005,37.9625],[-89.968,37.963],[-89.9225,37.9525],[-89.8885,37.932],[-89.832,37.8845],[-89.722,37.837],[-89.6975,37.8095],[-89.669,37.7545],[-89.647,37.7335],[-89.5495,37.6975],[-89.531,37.6665],[-89.5165,37.614],[-89.527,37.562],[-89.502,37.507],[-89.451,37.4405],[-89.4415,37.3985],[-89.4585,37.3625],[-89.523,37.3065],[-89.5235,37.268],[-89.474,37.244],[-89.4725,37.214],[-89.4415,37.165],[-89.4015,37.12],[-89.387,37.0915],[-89.3935,37.0625],[-89.327,37.014],[-89.287,37.0005],[-89.273,37.026],[-89.298,37.049],[-89.302,37.081],[-89.26,37.083],[-89.246,37.0455],[-89.2085,37.0215],[-89.201,37],[-94.618,37],[-94.618,37.383],[-94.618,37.8935],[-94.618,38.4045],[-94.618,38.66],[-94.6175,39.123],[-94.6125,39.153],[-94.6525,39.1595],[-94.663,39.173],[-94.724,39.173],[-94.8295,39.2175],[-94.835,39.2595],[-94.879,39.2875],[-94.901,39.327],[-94.9085,39.367],[-94.8995,39.385],[-94.944,39.3925],[-94.9575,39.42],[-95.0255,39.454],[-95.064,39.5085],[-95.099,39.53],[-95.109,39.571],[-95.06,39.589],[-95.0605,39.6215],[-95.0375,39.656],[-94.9805,39.696],[-94.961,39.742],[-94.891,39.7295],[-94.8725,39.7535],[-94.889,39.7795],[-94.8825,39.821],[-94.936,39.8515],[-94.948,39.9015],[-95.002,39.903],[-95.068,39.8655],[-95.1125,39.8685],[-95.139,39.893],[-95.191,39.9065],[-95.2145,39.937],[-95.2475,39.944],[-95.3175,40]]]},"properties":{"name":"Missouri"}},{"type":"Feature","geometry":{"type":"MultiPolygon","coordinates":[[[[-87.804,42.492],[-88.1555,42.4945],[-88.51,42.497],[-88.8645,42.4995],[-89.396,42.503],[-89.928,42.507],[-90.2825,42.5095],[-90.6415,42.512],[-90.6265,42.5445],[-90.703,42.6555],[-90.7955,42.677],[-90.9665,42.7015],[-91.0105,42.7165],[-91.0455,42.742],[-91.0795,42.792],[-91.086,42.853],[-91.102,42.885],[-91.1305,42.9115],[-91.1465,42.9505],[-91.1475,42.9965],[-91.1625,43.0905],[-91.168,43.1605],[-91.1565,43.1955],[-91.1035,43.2495],[-91.085,43.28],[-91.0865,43.3175],[-91.111,43.34],[-91.197,43.366],[-91.251,43.4745],[-91.25,43.501],[-91.243,43.537],[-91.251,43.5895],[-91.247,43.631],[-91.255,43.667],[-91.2425,43.7215],[-91.249,43.769],[-91.281,43.821],[-91.2795,43.8735],[-91.295,43.919],[-91.361,43.945],[-91.392,43.9795],[-91.4035,44.0075],[-91.426,44.0225],[-91.4785,44.0295],[-91.541,44.0655],[-91.6375,44.0655],[-91.6625,44.0735],[-91.7785,44.1495],[-91.817,44.1625],[-91.837,44.182],[-91.912,44.289],[-91.95,44.3355],[-92.1025,44.437],[-92.156,44.4515],[-92.2725,44.466],[-92.305,44.49],[-92.331,44.533],[-92.394,44.5795],[-92.429,44.5895],[-92.5845,44.608],[-92.628,44.6275],[-92.661,44.6605],[-92.7315,44.7115],[-92.82,44.758],[-92.7785,44.82],[-92.772,44.847],[-92.779,44.8915],[-92.7585,44.9255],[-92.772,45.011],[-92.8025,45.078],[-92.7555,45.1065],[-92.751,45.149],[-92.773,45.1875],[-92.7635,45.2645],[-92.751,45.2995],[-92.7085,45.3325],[-92.6965,45.374],[-92.6675,45.4085],[-92.6675,45.4455],[-92.7175,45.491],[-92.751,45.559],[-92.7895,45.57],[-92.883,45.576],[-92.9015,45.6115],[-92.895,45.687],[-92.882,45.716],[-92.7955,45.7755],[-92.7675,45.805],[-92.772,45.834],[-92.732,45.8885],[-92.704,45.913],[-92.6005,45.951],[-92.5665,45.957],[-92.522,45.992],[-92.4655,45.9975],[-92.429,46.0325],[-92.3635,46.0275],[-92.338,46.063],[-92.2925,46.0835],[-92.292,46.321],[-92.2915,46.6595],[-92.2355,46.6585],[-92.2075,46.674],[-92.193,46.715],[-92.157,46.7295],[-92.1405,46.7555],[-92.111,46.768],[-92.059,46.724],[-91.9635,46.6905],[-91.9395,46.69],[-91.793,46.706],[-91.57,46.7645],[-91.4905,46.7725],[-91.4145,46.7945],[-91.401,46.7865],[-91.353,46.8185],[-91.2745,46.8535],[-91.225,46.8845],[-91.19,46.8615],[-91.128,46.8595],[-91.0995,46.8895],[-91.0535,46.898],[-91.045,46.9165],[-90.966,46.95],[-90.8945,46.95],[-90.8845,46.9685],[-90.8395,46.9645],[-90.799,46.9455],[-90.7615,46.8975],[-90.7935,46.8615],[-90.8185,46.8165],[-90.8545,46.799],[-90.874,46.742],[-90.863,46.701],[-90.9275,46.647],[-90.956,46.6075],[-90.901,46.602],[-90.781,46.637],[-90.755,46.651],[-90.73,46.684],[-90.662,46.6445],[-90.57,46.607],[-90.4975,46.5945],[-90.4545,46.577],[-90.4095,46.589],[-90.3925,46.548],[-90.334,46.5545],[-90.318,46.5355],[-90.2305,46.5085],[-90.205,46.486],[-90.1185,46.3405],[-89.5355,46.228],[-89.119,46.148],[-88.8375,46.0355],[-88.762,46.0285],[-88.7245,46.034],[-88.642,46.008],[-88.5375,46.026],[-88.492,46.009],[-88.46,46.009],[-88.418,45.9935],[-88.379,45.9965],[-88.336,45.9775],[-88.278,45.973],[-88.2275,45.9585],[-88.1875,45.9595],[-88.115,45.9245],[-88.0865,45.868],[-88.122,45.8265],[-88.1025,45.798],[-88.0725,45.7875],[-87.998,45.787],[-87.97,45.7665],[-87.9095,45.7605],[-87.835,45.715],[-87.8025,45.687],[-87.8205,45.6525],[-87.7965,45.622],[-87.7915,45.5955],[-87.8215,45.5615],[-87.804,45.51],[-87.812,45.4845],[-87.8685,45.44],[-87.882,45.3775],[-87.8405,45.357],[-87.7685,45.3595],[-87.695,45.3875],[-87.655,45.3615],[-87.682,45.3245],[-87.7265,45.244],[-87.735,45.1995],[-87.7265,45.183],[-87.6535,45.121],[-87.5995,45.105],[-87.6325,45.061],[-87.6365,45.007],[-87.6875,44.9775],[-87.777,44.963],[-87.823,44.949],[-87.852,44.9225],[-87.841,44.8935],[-87.8585,44.8665],[-87.9135,44.8205],[-87.939,44.764],[-87.9715,44.7405],[-87.9955,44.6965],[-87.989,44.675],[-88.0205,44.6385],[-88.0325,44.5675],[-87.9955,44.5455],[-87.9445,44.5425],[-87.9225,44.553],[-87.9045,44.5935],[-87.8385,44.6345],[-87.767,44.6565],[-87.7195,44.7085],[-87.7285,44.7235],[-87.66,44.813],[-87.5895,44.856],[-87.5545,44.8455],[-87.516,44.875],[-87.4935,44.864],[-87.45,44.886],[-87.4195,44.8675],[-87.3715,44.819],[-87.328,44.8035],[-87.3295,44.7815],[-87.3655,44.6925],[-87.3925,44.651],[-87.4405,44.607],[-87.4855,44.526],[-87.5195,44.3805],[-87.55,44.313],[-87.543,44.278],[-87.496,44.2205],[-87.5135,44.179],[-87.55,44.1485],[-87.6075,44.1265],[-87.6375,44.1005],[-87.69,44.0125],[-87.7035,43.957],[-87.7245,43.9255],[-87.732,43.8235],[-87.7005,43.778],[-87.708,43.7375],[-87.7005,43.7095],[-87.726,43.6625],[-87.7875,43.5815],[-87.8035,43.538],[-87.7935,43.506],[-87.808,43.466],[-87.872,43.3735],[-87.9075,43.267],[-87.906,43.2315],[-87.885,43.178],[-87.9,43.124],[-87.872,43.096],[-87.8955,43.0405],[-87.893,43.0095],[-87.8655,43.004],[-87.841,42.9585],[-87.8385,42.877],[-87.8245,42.853],[-87.783,42.812],[-87.77,42.7715],[-87.7805,42.704],[-87.8105,42.6535],[-87.8025,42.6],[-87.8105,42.5685],[-87.804,42.492]]],[[[-90.531,46.95],[-90.5665,46.918],[-90.656,46.921],[-90.6355,46.9495],[-90.5465,46.967],[-90.531,46.95]]],[[[-90.771,46.944],[-90.7505,46.972],[-90.7165,46.9575],[-90.7005,46.931],[-90.73,46.9165],[-90.771,46.944]]],[[[-90.4095,47.0735],[-90.4105,47.0335],[-90.4755,47.002],[-90.46,47.0635],[-90.439,47.0815],[-90.4095,47.0735]]],[[[-90.5855,46.849],[-90.652,46.8345],[-90.676,46.8205],[-90.682,46.79],[-90.737,46.78],[-90.7815,46.757],[-90.797,46.7795],[-90.777,46.8005],[-90.701,46.8325],[-90.6775,46.853],[-90.6,46.8755],[-90.5855,46.849]]],[[[-86.995,45.224],[-87.033,45.242],[-87.055,45.1725],[-87.088,45.1425],[-87.0495,45.1145],[-87.0775,45.101],[-87.0875,45.066],[-87.1225,45.0695],[-87.139,45.039],[-87.184,44.9865],[-87.197,44.955],[-87.1735,44.9365],[-87.205,44.922],[-87.2315,44.8785],[-87.2965,44.8205],[-87.3375,44.8205],[-87.374,44.845],[-87.399,44.8825],[-87.4065,44.9225],[-87.393,44.965],[-87.3685,45.0005],[-87.2895,45.073],[-87.271,45.098],[-87.2665,45.131],[-87.235,45.1755],[-87.1875,45.168],[-87.1725,45.188],[-87.139,45.197],[-87.1115,45.265],[-87.088,45.27],[-87.071,45.3065],[-87.046,45.2925],[-86.983,45.292],[-86.995,45.224]]],[[[-86.854,45.387],[-86.872,45.3545],[-86.9645,45.343],[-86.9525,45.423],[-86.9205,45.4095],[-86.8645,45.416],[-86.854,45.387]]]]},"properties":{"name":"Wisconsin"}},{"type":"Feature","geometry":{"type":"Polygon","coordinates":[[[-89.201,37],[-89.2085,37.0215],[-89.246,37.0455],[-89.26,37.083],[-89.302,37.081],[-89.298,37.049],[-89.273,37.026],[-89.287,37.0005],[-89.327,37.014],[-89.3935,37.0625],[-89.387,37.0915],[-89.4015,37.12],[-89.4415,37.165],[-89.4725,37.214],[-89.474,37.244],[-89.5235,37.268],[-89.523,37.3065],[-89.4585,37.3625],[-89.4415,37.3985],[-89.451,37.4405],[-89.502,37.507],[-89.527,37.562],[-89.5165,37.614],[-89.531,37.6665],[-89.5495,37.6975],[-89.647,37.7335],[-89.669,37.7545],[-89.6975,37.8095],[-89.722,37.837],[-89.832,37.8845],[-89.8885,37.932],[-89.9225,37.9525],[-89.968,37.963],[-90.005,37.9625],[-90.0755,38.008],[-90.111,38.0165],[-90.188,38.0835],[-90.243,38.113],[-90.291,38.169],[-90.3465,38.207],[-90.373,38.2545],[-90.382,38.3005],[-90.378,38.3375],[-90.363,38.369],[-90.315,38.4315],[-90.264,38.543],[-90.2135,38.607],[-90.1965,38.638],[-90.198,38.744],[-90.1705,38.765],[-90.127,38.8305],[-90.1435,38.857],[-90.1835,38.8825],[-90.282,38.9265],[-90.375,38.944],[-90.4285,38.9675],[-90.479,38.959],[-90.542,38.894],[-90.5855,38.878],[-90.6265,38.8905],[-90.6575,38.921],[-90.7025,38.9955],[-90.7045,39.041],[-90.719,39.0665],[-90.7025,39.101],[-90.73,39.146],[-90.73,39.201],[-90.774,39.279],[-90.8195,39.32],[-91.051,39.4525],[-91.0765,39.4995],[-91.1045,39.533],[-91.355,39.711],[-91.375,39.7355],[-91.3915,39.8035],[-91.4495,39.8655],[-91.442,39.9065],[-91.446,39.948],[-91.4925,40.0095],[-91.519,40.175],[-91.518,40.2215],[-91.496,40.3135],[-91.473,40.358],[-91.442,40.3795],[-91.3825,40.393],[-91.3745,40.51],[-91.411,40.5455],[-91.4125,40.564],[-91.3835,40.5985],[-91.298,40.633],[-91.188,40.6535],[-91.153,40.6725],[-91.127,40.7015],[-91.1015,40.764],[-91.0935,40.8235],[-91.0655,40.8585],[-90.9665,40.946],[-90.949,40.982],[-90.9455,41.0295],[-90.9515,41.0755],[-90.9685,41.116],[-90.9975,41.1465],[-91.0825,41.19],[-91.099,41.2565],[-91.091,41.3],[-91.055,41.383],[-91.031,41.4135],[-90.9915,41.4335],[-90.7045,41.451],[-90.6615,41.462],[-90.603,41.5105],[-90.483,41.531],[-90.441,41.5435],[-90.4055,41.5745],[-90.3465,41.6055],[-90.339,41.65],[-90.3465,41.665],[-90.305,41.7485],[-90.277,41.7745],[-90.201,41.8135],[-90.1745,41.8795],[-90.167,41.9415],[-90.1495,41.9765],[-90.1405,42.0305],[-90.165,42.075],[-90.1695,42.1165],[-90.201,42.131],[-90.2365,42.161],[-90.349,42.207],[-90.3705,42.2305],[-90.403,42.2455],[-90.4145,42.3185],[-90.432,42.3525],[-90.463,42.376],[-90.549,42.4175],[-90.654,42.49],[-90.6415,42.512],[-90.2825,42.5095],[-89.928,42.507],[-89.396,42.503],[-88.8645,42.4995],[-88.51,42.497],[-88.1555,42.4945],[-87.804,42.492],[-87.812,42.3855],[-87.826,42.355],[-87.8225,42.2795],[-87.797,42.2055],[-87.763,42.157],[-87.7515,42.125],[-87.723,42.097],[-87.6875,42.085],[-87.6615,42.033],[-87.6485,41.9445],[-87.6185,41.8935],[-87.5945,41.82],[-87.5775,41.7885],[-87.521,41.7275],[-87.523,41.283],[-87.5245,40.993],[-87.526,40.7035],[-87.5275,40.4135],[-87.529,40.124],[-87.5305,39.834],[-87.5325,39.3615],[-87.597,39.335],[-87.6255,39.2995],[-87.598,39.2485],[-87.5985,39.2055],[-87.6635,39.1565],[-87.667,39.1185],[-87.6085,39.0735],[-87.5835,39.0015],[-87.5425,38.97],[-87.5365,38.9165],[-87.557,38.878],[-87.546,38.841],[-87.511,38.7635],[-87.548,38.683],[-87.5835,38.6795],[-87.615,38.6515],[-87.626,38.5975],[-87.6515,38.583],[-87.667,38.5565],[-87.6465,38.52],[-87.7005,38.4815],[-87.7625,38.461],[-87.7525,38.4215],[-87.783,38.3855],[-87.826,38.3605],[-87.8445,38.318],[-87.8825,38.314],[-87.9155,38.285],[-87.9455,38.299],[-87.968,38.2545],[-87.992,38.233],[-87.9925,38.21],[-87.934,38.16],[-87.9445,38.142],[-87.9755,38.1335],[-88.03,38.098],[-87.9825,38.094],[-87.9985,38.065],[-88.0455,38.0515],[-88.035,37.9735],[-88.0495,37.9615],[-88.038,37.9055],[-88.057,37.892],[-88.112,37.8985],[-88.046,37.8445],[-88.0455,37.8065],[-88.0605,37.751],[-88.1325,37.6995],[-88.1635,37.64],[-88.14,37.5935],[-88.105,37.563],[-88.083,37.5195],[-88.091,37.4915],[-88.123,37.4745],[-88.307,37.448],[-88.3655,37.4215],[-88.4275,37.418],[-88.465,37.409],[-88.4885,37.3845],[-88.508,37.3425],[-88.5125,37.3035],[-88.5035,37.267],[-88.434,37.1685],[-88.4335,37.1365],[-88.4545,37.096],[-88.4845,37.0725],[-88.5215,37.0675],[-88.561,37.077],[-88.633,37.115],[-88.907,37.22],[-88.9555,37.228],[-89.002,37.2235],[-89.0435,37.2085],[-89.0885,37.1745],[-89.1225,37.124],[-89.1785,37.0625],[-89.1765,37.036],[-89.1455,37],[-89.201,37]]]},"properties":{"name":"Illinois"}},{"type":"Feature","geometry":{"type":"Polygon","coordinates":[[[-89.1455,37],[-89.1765,37.036],[-89.1785,37.0625],[-89.1225,37.124],[-89.0885,37.1745],[-89.0435,37.2085],[-89.002,37.2235],[-88.9555,37.228],[-88.907,37.22],[-88.633,37.115],[-88.561,37.077],[-88.5215,37.0675],[-88.4845,37.0725],[-88.4545,37.096],[-88.4335,37.1365],[-88.434,37.1685],[-88.5035,37.267],[-88.5125,37.3035],[-88.508,37.3425],[-88.4885,37.3845],[-88.465,37.409],[-88.4275,37.418],[-88.3655,37.4215],[-88.307,37.448],[-88.123,37.4745],[-88.091,37.4915],[-88.083,37.5195],[-88.105,37.563],[-88.14,37.5935],[-88.1635,37.64],[-88.1325,37.6995],[-88.0605,37.751],[-88.0455,37.8065],[-88.0225,37.8095],[-87.9695,37.786],[-87.946,37.7885],[-87.8995,37.8295],[-87.93,37.889],[-87.9265,37.9235],[-87.8875,37.9285],[-87.838,37.8895],[-87.797,37.878],[-87.7285,37.892],[-87.7035,37.9055],[-87.6735,37.8985],[-87.68,37.837],[-87.657,37.825],[-87.627,37.8345],[-87.6015,37.857],[-87.591,37.8845],[-87.6185,37.9565],[-87.5855,37.966],[-87.5835,37.9395],[-87.549,37.9135],[-87.51,37.92],[-87.4265,37.9465],[-87.359,37.9215],[-87.323,37.8995],[-87.2555,37.878],[-87.22,37.859],[-87.165,37.847],[-87.153,37.816],[-87.118,37.7885],[-87.0865,37.8055],[-87.043,37.892],[-87.0195,37.919],[-86.988,37.933],[-86.9295,37.9375],[-86.855,37.984],[-86.819,37.995],[-86.773,37.924],[-86.742,37.904],[-86.707,37.8985],[-86.644,37.9015],[-86.663,37.864],[-86.6245,37.854],[-86.6035,37.8645],[-86.5895,37.9195],[-86.536,37.9285],[-86.5205,37.9535],[-86.5235,38.019],[-86.505,38.0495],[-86.461,38.0565],[-86.4395,38.0905],[-86.467,38.128],[-86.4505,38.1365],[-86.416,38.115],[-86.3505,38.1315],[-86.341,38.1545],[-86.3815,38.169],[-86.383,38.1945],[-86.3435,38.186],[-86.2825,38.142],[-86.286,38.1],[-86.275,38.07],[-86.1835,38.023],[-86.111,38.0155],[-86.0515,37.9695],[-86.032,37.994],[-85.96,38.008],[-85.9245,38.038],[-85.9145,38.0635],[-85.9055,38.1595],[-85.8915,38.202],[-85.851,38.236],[-85.816,38.289],[-85.77,38.27],[-85.7205,38.279],[-85.665,38.3095],[-85.6435,38.3435],[-85.6195,38.432],[-85.59,38.461],[-85.5265,38.4685],[-85.482,38.5075],[-85.429,38.5385],[-85.41,38.572],[-85.431,38.611],[-85.44,38.6725],[-85.455,38.7075],[-85.436,38.7345],[-85.321,38.7435],[-85.2575,38.741],[-85.186,38.6935],[-85.1455,38.7005],[-84.9995,38.7715],[-84.936,38.7925],[-84.9015,38.796],[-84.8195,38.7895],[-84.82,38.828],[-84.7855,38.878],[-84.784,38.893],[-84.849,38.901],[-84.8775,38.9195],[-84.833,38.957],[-84.828,38.9915],[-84.8705,39.0295],[-84.873,39.0615],[-84.8235,39.0975],[-84.721,39.143],[-84.637,39.0775],[-84.5945,39.074],[-84.5085,39.105],[-84.466,39.1115],[-84.444,39.102],[-84.408,39.057],[-84.322,39.0295],[-84.2965,39],[-84.2835,38.95],[-84.2475,38.9195],[-84.2315,38.8855],[-84.227,38.841],[-84.1955,38.8105],[-84.084,38.778],[-84.062,38.7755],[-83.9725,38.7895],[-83.866,38.762],[-83.8215,38.7135],[-83.754,38.66],[-83.7145,38.6385],[-83.6505,38.636],[-83.605,38.6895],[-83.5345,38.7075],[-83.4915,38.699],[-83.447,38.672],[-83.4115,38.6725],[-83.3685,38.66],[-83.305,38.6015],[-83.242,38.6235],[-83.1725,38.618],[-83.1335,38.628],[-83.102,38.6715],[-83.075,38.6795],[-83.031,38.716],[-82.985,38.724],[-82.924,38.7485],[-82.8865,38.745],[-82.88,38.691],[-82.856,38.625],[-82.8265,38.5865],[-82.7365,38.5545],[-82.698,38.5355],[-82.626,38.4775],[-82.5895,38.4195],[-82.594,38.376],[-82.5675,38.309],[-82.572,38.2475],[-82.5955,38.2385],[-82.602,38.2005],[-82.637,38.1715],[-82.631,38.153],[-82.556,38.068],[-82.5335,38.029],[-82.479,37.9905],[-82.4655,37.968],[-82.483,37.9415],[-82.4175,37.8875],[-82.399,37.823],[-82.3365,37.772],[-82.317,37.747],[-82.2965,37.6885],[-82.181,37.63],[-82.1365,37.5915],[-82.116,37.5635],[-82.037,37.5435],[-81.995,37.548],[-81.965,37.5385],[-82.3515,37.2785],[-82.3755,37.2655],[-82.6325,37.164],[-82.6815,37.137],[-82.708,37.113],[-82.704,37.0685],[-82.727,37.038],[-82.8205,37],[-89.1455,37]]]},"properties":{"name":"Kentucky"}},{"type":"Feature","geometry":{"type":"Polygon","coordinates":[[[-82.5895,38.4195],[-82.5525,38.4055],[-82.509,38.409],[-82.4245,38.433],[-82.3315,38.4435],[-82.3095,38.4785],[-82.288,38.5665],[-82.263,38.5975],[-82.1925,38.5955],[-82.1775,38.612],[-82.1925,38.6655],[-82.1875,38.7155],[-82.2115,38.7625],[-82.2085,38.786],[-82.173,38.8085],[-82.1435,38.858],[-82.1365,38.899],[-82.092,38.9685],[-82.0585,39.003],[-82.0265,39.022],[-82.003,39.0215],[-81.924,38.9785],[-81.904,38.9365],[-81.9275,38.893],[-81.9015,38.874],[-81.8485,38.9135],[-81.835,38.9495],[-81.812,38.951],[-81.7835,38.9325],[-81.7645,38.949],[-81.78,38.981],[-81.777,39.035],[-81.8105,39.057],[-81.819,39.076],[-81.7545,39.1055],[-81.755,39.1655],[-81.746,39.1935],[-81.698,39.237],[-81.6825,39.271],[-81.5695,39.2875],[-81.5545,39.344],[-81.479,39.4005],[-81.4205,39.4065],[-81.3885,39.362],[-81.345,39.3535],[-81.31,39.379],[-81.227,39.3985],[-81.1655,39.4425],[-81.126,39.4535],[-81.0875,39.502],[-81.0555,39.53],[-80.944,39.598],[-80.875,39.629],[-80.8625,39.6825],[-80.841,39.701],[-80.839,39.7335],[-80.871,39.771],[-80.841,39.7905],[-80.828,39.831],[-80.7945,39.877],[-80.8065,39.9095],[-80.7585,39.9295],[-80.7655,39.9535],[-80.7415,39.997],[-80.739,40.061],[-80.7245,40.1045],[-80.6945,40.1575],[-80.687,40.193],[-80.657,40.2555],[-80.6145,40.2865],[-80.6005,40.3235],[-80.6085,40.3795],[-80.627,40.4095],[-80.6015,40.4715],[-80.6365,40.537],[-80.677,40.589],[-80.6485,40.6195],[-80.5975,40.6265],[-80.5805,40.619],[-80.52,40.647],[-80.52,40.4015],[-80.5195,40.0805],[-80.5195,39.7215],[-80.259,39.7215],[-79.868,39.7215],[-79.4775,39.722],[-79.488,39.21],[-79.4595,39.217],[-79.3475,39.2955],[-79.298,39.303],[-79.2545,39.35],[-79.1795,39.3865],[-79.127,39.4305],[-79.1025,39.4675],[-79.0645,39.4825],[-79.0145,39.47],[-78.969,39.4505],[-78.8775,39.5215],[-78.8445,39.5575],[-78.808,39.5685],[-78.8135,39.5865],[-78.7785,39.637],[-78.739,39.6085],[-78.745,39.5755],[-78.683,39.546],[-78.5775,39.529],[-78.5405,39.5415],[-78.469,39.5335],[-78.438,39.5515],[-78.4545,39.5865],[-78.406,39.594],[-78.434,39.624],[-78.386,39.628],[-78.3405,39.642],[-78.28,39.6355],[-78.2135,39.6935],[-78.1845,39.7045],[-78.133,39.7015],[-78.087,39.6785],[-78.011,39.618],[-77.969,39.6015],[-77.8825,39.6155],[-77.847,39.6115],[-77.8375,39.581],[-77.8805,39.564],[-77.86,39.5155],[-77.791,39.484],[-77.7935,39.4385],[-77.7475,39.423],[-77.739,39.406],[-77.7515,39.351],[-77.7345,39.331],[-77.8355,39.144],[-78.322,39.451],[-78.3575,39.4095],[-78.351,39.3595],[-78.359,39.3315],[-78.404,39.278],[-78.4195,39.201],[-78.414,39.1665],[-78.453,39.1255],[-78.4925,39.101],[-78.549,39.043],[-78.55,39.024],[-78.581,38.9895],[-78.6315,38.9725],[-78.6605,38.9345],[-78.7115,38.9155],[-78.743,38.93],[-78.862,38.793],[-78.8805,38.787],[-78.988,38.8455],[-79.041,38.7975],[-79.086,38.7285],[-79.0965,38.672],[-79.146,38.6375],[-79.162,38.6125],[-79.19,38.534],[-79.2025,38.515],[-79.28,38.4305],[-79.2975,38.425],[-79.5045,38.4785],[-79.505,38.505],[-79.5525,38.5675],[-79.636,38.592],[-79.654,38.5805],[-79.6625,38.5345],[-79.688,38.501],[-79.6925,38.442],[-79.721,38.4045],[-79.731,38.375],[-79.7655,38.3585],[-79.7995,38.3055],[-79.792,38.28],[-79.816,38.2535],[-79.848,38.235],[-79.9165,38.179],[-79.921,38.145],[-79.9435,38.0885],[-80,38.0015],[-80.207,37.815],[-80.22,37.7815],[-80.285,37.685],[-80.2855,37.667],[-80.2335,37.6395],[-80.2305,37.6105],[-80.3015,37.5705],[-80.3075,37.548],[-80.286,37.53],[-80.2945,37.509],[-80.416,37.4545],[-80.4525,37.4295],[-80.481,37.4425],[-80.487,37.468],[-80.528,37.4685],[-80.6415,37.428],[-80.731,37.385],[-80.7845,37.401],[-80.7995,37.4205],[-80.846,37.425],[-80.881,37.3965],[-80.865,37.3465],[-80.8825,37.326],[-80.9485,37.295],[-80.992,37.3045],[-81.0285,37.291],[-81.132,37.2805],[-81.224,37.2445],[-81.25,37.2695],[-81.302,37.296],[-81.3425,37.334],[-81.3795,37.322],[-81.3965,37.291],[-81.424,37.2715],[-81.494,37.2575],[-81.5455,37.213],[-81.584,37.205],[-81.6445,37.2095],[-81.717,37.2415],[-81.7715,37.283],[-81.824,37.2865],[-81.8755,37.3405],[-81.9325,37.3795],[-81.931,37.431],[-81.9775,37.465],[-81.978,37.485],[-81.954,37.5],[-81.965,37.5385],[-81.995,37.548],[-82.037,37.5435],[-82.116,37.5635],[-82.1365,37.5915],[-82.181,37.63],[-82.2965,37.6885],[-82.317,37.747],[-82.3365,37.772],[-82.399,37.823],[-82.4175,37.8875],[-82.483,37.9415],[-82.4655,37.968],[-82.479,37.9905],[-82.5335,38.029],[-82.556,38.068],[-82.631,38.153],[-82.637,38.1715],[-82.602,38.2005],[-82.5955,38.2385],[-82.572,38.2475],[-82.5675,38.309],[-82.594,38.376],[-82.5895,38.4195]]]},"properties":{"name":"West Virginia"}},{"type":"Feature","geometry":{"type":"Polygon","coordinates":[[[-84.806,41.697],[-84.804,41.3685],[-84.8005,41.2935],[-84.8055,40.8055],[-84.809,40.4805],[-84.814,39.992],[-84.8165,39.748],[-84.82,39.423],[-84.8235,39.0975],[-84.873,39.0615],[-84.8705,39.0295],[-84.828,38.9915],[-84.833,38.957],[-84.8775,38.9195],[-84.849,38.901],[-84.784,38.893],[-84.7855,38.878],[-84.82,38.828],[-84.8195,38.7895],[-84.9015,38.796],[-84.936,38.7925],[-84.9995,38.7715],[-85.1455,38.7005],[-85.186,38.6935],[-85.2575,38.741],[-85.321,38.7435],[-85.436,38.7345],[-85.455,38.7075],[-85.44,38.6725],[-85.431,38.611],[-85.41,38.572],[-85.429,38.5385],[-85.482,38.5075],[-85.5265,38.4685],[-85.59,38.461],[-85.6195,38.432],[-85.6435,38.3435],[-85.665,38.3095],[-85.7205,38.279],[-85.77,38.27],[-85.816,38.289],[-85.851,38.236],[-85.8915,38.202],[-85.9055,38.1595],[-85.9145,38.0635],[-85.9245,38.038],[-85.96,38.008],[-86.032,37.994],[-86.0515,37.9695],[-86.111,38.0155],[-86.1835,38.023],[-86.275,38.07],[-86.286,38.1],[-86.2825,38.142],[-86.3435,38.186],[-86.383,38.1945],[-86.3815,38.169],[-86.341,38.1545],[-86.3505,38.1315],[-86.416,38.115],[-86.4505,38.1365],[-86.467,38.128],[-86.4395,38.0905],[-86.461,38.0565],[-86.505,38.0495],[-86.5235,38.019],[-86.5205,37.9535],[-86.536,37.9285],[-86.5895,37.9195],[-86.6035,37.8645],[-86.6245,37.854],[-86.663,37.864],[-86.644,37.9015],[-86.707,37.8985],[-86.742,37.904],[-86.773,37.924],[-86.819,37.995],[-86.855,37.984],[-86.9295,37.9375],[-86.988,37.933],[-87.0195,37.919],[-87.043,37.892],[-87.0865,37.8055],[-87.118,37.7885],[-87.153,37.816],[-87.165,37.847],[-87.22,37.859],[-87.2555,37.878],[-87.323,37.8995],[-87.359,37.9215],[-87.4265,37.9465],[-87.51,37.92],[-87.549,37.9135],[-87.5835,37.9395],[-87.5855,37.966],[-87.6185,37.9565],[-87.591,37.8845],[-87.6015,37.857],[-87.627,37.8345],[-87.657,37.825],[-87.68,37.837],[-87.6735,37.8985],[-87.7035,37.9055],[-87.7285,37.892],[-87.797,37.878],[-87.838,37.8895],[-87.8875,37.9285],[-87.9265,37.9235],[-87.93,37.889],[-87.8995,37.8295],[-87.946,37.7885],[-87.9695,37.786],[-88.0225,37.8095],[-88.0455,37.8065],[-88.046,37.8445],[-88.112,37.8985],[-88.057,37.892],[-88.038,37.9055],[-88.0495,37.9615],[-88.035,37.9735],[-88.0455,38.0515],[-87.9985,38.065],[-87.9825,38.094],[-88.03,38.098],[-87.9755,38.1335],[-87.9445,38.142],[-87.934,38.16],[-87.9925,38.21],[-87.992,38.233],[-87.968,38.2545],[-87.9455,38.299],[-87.9155,38.285],[-87.8825,38.314],[-87.8445,38.318],[-87.826,38.3605],[-87.783,38.3855],[-87.7525,38.4215],[-87.7625,38.461],[-87.7005,38.4815],[-87.6465,38.52],[-87.667,38.5565],[-87.6515,38.583],[-87.626,38.5975],[-87.615,38.6515],[-87.5835,38.6795],[-87.548,38.683],[-87.511,38.7635],[-87.546,38.841],[-87.557,38.878],[-87.5365,38.9165],[-87.5425,38.97],[-87.5835,39.0015],[-87.6085,39.0735],[-87.667,39.1185],[-87.6635,39.1565],[-87.5985,39.2055],[-87.598,39.2485],[-87.6255,39.2995],[-87.597,39.335],[-87.5325,39.3615],[-87.5305,39.834],[-87.529,40.124],[-87.5275,40.4135],[-87.526,40.7035],[-87.5245,40.993],[-87.523,41.283],[-87.521,41.7275],[-87.4935,41.698],[-87.459,41.6785],[-87.4265,41.688],[-87.423,41.654],[-87.386,41.64],[-87.292,41.628],[-87.2015,41.635],[-87.0295,41.681],[-86.843,41.7595],[-86.2705,41.7595],[-85.8825,41.759],[-85.262,41.759],[-84.806,41.7585],[-84.806,41.697]]]},"properties":{"name":"Indiana"}}]}