{"type":"FeatureCollection","features":[{"type":"Feature","geometry":{"type":"Polygon","coordinates":[[[-79.6715,43.7083],[-79.6732,43.7068],[-79.6726,43.7009],[-79.6776,43.694],[-79.6907,43.6687],[-79.7076,43.6537],[-79.7129,43.651],[-79.7332,43.666],[-79.7227,43.6756],[-79.7588,43.7026],[-79.7694,43.6929],[-79.7773,43.6988],[-79.7868,43.7058],[-79.7836,43.7088],[-79.7795,43.7133],[-79.7744,43.718],[-79.7652,43.7254],[-79.7618,43.7231],[-79.7521,43.7155],[-79.7476,43.7193],[-79.7449,43.723],[-79.7378,43.7285],[-79.7346,43.7302],[-79.7277,43.7361],[-79.7202,43.7442],[-79.7097,43.7363],[-79.6976,43.7274],[-79.682,43.7158],[-79.6797,43.7144],[-79.6715,43.7083]]]},"properties":{"id":8,"name":"Brampton Centre"}},{"type":"Feature","geometry":{"type":"Polygon","coordinates":[[[-79.1154,43.7947],[-79.1145,43.7928],[-79.1279,43.7801],[-79.1341,43.7745],[-79.1441,43.7662],[-79.1456,43.7656],[-79.1503,43.76],[-79.1524,43.7586],[-79.1564,43.7585],[-79.1704,43.7546],[-79.1786,43.7505],[-79.186,43.7674],[-79.1863,43.7692],[-79.1936,43.7859],[-79.1938,43.7879],[-79.196,43.7933],[-79.1969,43.7965],[-79.2156,43.7937],[-79.2181,43.7993],[-79.2171,43.8034],[-79.2176,43.8053],[-79.2201,43.8082],[-79.2247,43.8108],[-79.2306,43.8219],[-79.2301,43.823],[-79.2323,43.8258],[-79.2178,43.8307],[-79.2192,43.8324],[-79.2216,43.8324],[-79.2238,43.834],[-79.2238,43.8355],[-79.222,43.8363],[-79.2237,43.8392],[-79.2262,43.8398],[-79.2277,43.8421],[-79.2045,43.8472],[-79.1703,43.8554],[-79.1516,43.8141],[-79.1462,43.8111],[-79.1377,43.8076],[-79.1343,43.8071],[-79.1344,43.8048],[-79.1334,43.8032],[-79.1349,43.8009],[-79.1309,43.8018],[-79.1279,43.8005],[-79.125,43.8001],[-79.1243,43.7976],[-79.1219,43.7975],[-79.1202,43.7957],[-79.1154,43.7947]]]},"properties":{"id":97,"name":"Scarborough—Rouge Park"}},{"type":"Feature","geometry":{"type":"Polygon","coordinates":[[[-79.2156,43.7937],[-79.222,43.7913],[-79.2293,43.7875],[-79.2346,43.7858],[-79.2464,43.7828],[-79.2549,43.7812],[-79.2748,43.7773],[-79.278,43.7844],[-79.2865,43.8043],[-79.2887,43.8069],[-79.2973,43.8259],[-79.2768,43.8307],[-79.2277,43.8421],[-79.2262,43.8398],[-79.2237,43.8392],[-79.222,43.8363],[-79.2238,43.8355],[-79.2238,43.834],[-79.2216,43.8324],[-79.2192,43.8324],[-79.2178,43.8307],[-79.2323,43.8258],[-79.2301,43.823],[-79.2306,43.8219],[-79.2247,43.8108],[-79.2201,43.8082],[-79.2176,43.8053],[-79.2171,43.8034],[-79.2181,43.7993],[-79.2156,43.7937]]]},"properties":{"id":96,"name":"Scarborough North"}},{"type":"Feature","geometry":{"type":"Polygon","coordinates":[[[-78.9707,43.8334],[-78.9725,43.8318],[-78.9805,43.8279],[-78.9836,43.827],[-78.9882,43.8274],[-78.9935,43.8272],[-78.9974,43.8264],[-79.0012,43.8249],[-79.0111,43.8196],[-79.0163,43.8192],[-79.0248,43.8157],[-79.0293,43.8163],[-79.0354,43.8165],[-79.0387,43.816],[-79.0478,43.8374],[-79.0482,43.8374],[-79.0516,43.8457],[-79.0561,43.8444],[-79.0609,43.8423],[-79.0668,43.855],[-79.0699,43.8542],[-79.0713,43.853],[-79.0781,43.8688],[-79.0784,43.8702],[-79.0698,43.8753],[-79.078,43.8946],[-79.0826,43.8927],[-79.087,43.9038],[-79.0882,43.9043],[-79.0649,43.9096],[-79.0333,43.9169],[-79.0085,43.9225],[-79.0065,43.918],[-79.0013,43.905],[-78.9943,43.8891],[-78.9925,43.8844],[-78.9865,43.8707],[-78.9707,43.8334]]]},"properties":{"id":1,"name":"Ajax"}},{"type":"Feature","geometry":{"type":"Polygon","coordinates":[[[-82.5097,42.6396],[-82.5105,42.6648],[-82.4946,42.7003],[-82.4837,42.7184],[-82.4839,42.7335],[-82.4674,42.7625],[-82.4679,42.7703],[-82.4719,42.7861],[-82.4806,42.802],[-82.482,42.8082],[-82.4788,42.8255],[-82.4727,42.8367],[-82.4682,42.8554],[-82.4703,42.8875],[-82.4621,42.9061],[-82.4553,42.9267],[-82.4478,42.9376],[-82.4286,42.9522],[-82.4167,42.9669],[-82.413,42.9774],[-82.4213,42.9855],[-82.4245,42.9922],[-82.424,42.9981],[-82.4137,43.0115],[-82.372,43.0955],[-82.3384,43.1629],[-82.2853,43.1533],[-82.2266,43.1429],[-82.2263,43.1432],[-82.1514,43.13],[-82.0998,43.1209],[-82.0229,43.1073],[-82.0234,43.0891],[-82.0238,43.0884],[-82.0242,43.0765],[-82.001,43.0761],[-82.0022,43.0411],[-82.0043,42.9781],[-82.006,42.9303],[-82.0056,42.9035],[-82.0054,42.8789],[-82.0051,42.8368],[-82.005,42.812],[-82.0045,42.7566],[-82.0208,42.757],[-82.0886,42.7588],[-82.1225,42.7596],[-82.1759,42.7606],[-82.2067,42.7613],[-82.2401,42.7622],[-82.2413,42.7381],[-82.2432,42.6885],[-82.2449,42.6392],[-82.2453,42.6267],[-82.283,42.6275],[-82.371,42.6294],[-82.4253,42.6304],[-82.4541,42.631],[-82.484,42.6315],[-82.4865,42.6326],[-82.4996,42.6358],[-82.5097,42.6396]]]},"properties":{"id":91,"name":"Sarnia—Lambton"}},{"type":"Feature","geometry":{"type":"Polygon","coordinates":[[[-79.2785,43.6704],[-79.279,43.6698],[-79.2984,43.6577],[-79.3004,43.6561],[-79.309,43.6521],[-79.3142,43.6483],[-79.3132,43.6573],[-79.3125,43.6585],[-79.3154,43.6609],[-79.3149,43.6623],[-79.3256,43.688],[-79.3296,43.6983],[-79.3274,43.7015],[-79.3315,43.7017],[-79.333,43.7034],[-79.3329,43.7052],[-79.328,43.7081],[-79.3261,43.7081],[-79.3244,43.7098],[-79.3188,43.711],[-79.3202,43.7139],[-79.32,43.7155],[-79.3006,43.7198],[-79.2923,43.7003],[-79.2905,43.6967],[-79.2831,43.6786],[-79.2819,43.6783],[-79.2785,43.6704]]]},"properties":{"id":7,"name":"Beaches—East York"}},{"type":"Feature","geometry":{"type":"Polygon","coordinates":[[[-79.6303,43.7353],[-79.6205,43.7188],[-79.6044,43.6911],[-79.5911,43.6686],[-79.5888,43.6646],[-79.6088,43.6465],[-79.6108,43.6449],[-79.6363,43.6217],[-79.6337,43.6195],[-79.6318,43.6156],[-79.6324,43.6127],[-79.6368,43.608],[-79.6445,43.6008],[-79.6529,43.6068],[-79.6577,43.6025],[-79.6603,43.6044],[-79.6654,43.6046],[-79.6695,43.6059],[-79.6702,43.6041],[-79.6735,43.6012],[-79.6798,43.5995],[-79.6818,43.5984],[-79.6908,43.5903],[-79.6939,43.5893],[-79.6972,43.5868],[-79.718,43.6021],[-79.7181,43.6035],[-79.715,43.6048],[-79.7124,43.6078],[-79.7148,43.6097],[-79.7184,43.6093],[-79.7209,43.6071],[-79.7276,43.6107],[-79.7291,43.6123],[-79.7078,43.6207],[-79.7212,43.631],[-79.7232,43.6342],[-79.725,43.6356],[-79.7329,43.6399],[-79.7129,43.651],[-79.7076,43.6537],[-79.6907,43.6687],[-79.6776,43.694],[-79.6726,43.7009],[-79.6732,43.7068],[-79.6715,43.7083],[-79.6612,43.7176],[-79.656,43.722],[-79.6502,43.7274],[-79.6394,43.737],[-79.6339,43.7334],[-79.6303,43.7353]]]},"properties":{"id":64,"name":"Mississauga—Malton"}},{"type":"Feature","geometry":{"type":"Polygon","coordinates":[[[-75.6962,45.3343],[-75.6989,45.3367],[-75.6984,45.3405],[-75.6963,45.3433],[-75.7007,45.3492],[-75.7013,45.3522],[-75.7028,45.3545],[-75.6985,45.3569],[-75.6924,45.3575],[-75.6896,45.361],[-75.6964,45.3684],[-75.6969,45.3713],[-75.6996,45.3724],[-75.7001,45.3739],[-75.7,45.3788],[-75.6959,45.3817],[-75.6876,45.3835],[-75.6853,45.3847],[-75.6851,45.3875],[-75.6833,45.3882],[-75.6799,45.3878],[-75.6777,45.3891],[-75.6719,45.3987],[-75.6692,45.402],[-75.669,45.405],[-75.672,45.4081],[-75.6733,45.4105],[-75.6715,45.4128],[-75.669,45.4144],[-75.664,45.4152],[-75.6635,45.4169],[-75.6566,45.4177],[-75.6517,45.4191],[-75.6341,45.4204],[-75.6273,45.4214],[-75.6226,45.4229],[-75.6191,45.4235],[-75.6146,45.4216],[-75.6119,45.4152],[-75.6092,45.4137],[-75.6013,45.4117],[-75.599,45.4097],[-75.5971,45.4053],[-75.5935,45.4003],[-75.5928,45.3981],[-75.593,45.3927],[-75.5908,45.3882],[-75.5874,45.3856],[-75.58,45.3815],[-75.5968,45.3743],[-75.6196,45.3651],[-75.6093,45.3477],[-75.6348,45.3372],[-75.6368,45.3361],[-75.6439,45.3339],[-75.6333,45.3162],[-75.6461,45.3111],[-75.6541,45.3073],[-75.6769,45.2979],[-75.6867,45.3158],[-75.6899,45.3249],[-75.6934,45.3291],[-75.6938,45.3304],[-75.6932,45.3347],[-75.6962,45.3343]]]},"properties":{"id":79,"name":"Ottawa South"}},{"type":"Feature","geometry":{"type":"Polygon","coordinates":[[[-79.7541,43.0505],[-79.7098,43.035],[-79.7073,43.0341],[-79.6645,43.0189],[-79.6181,43.0019],[-79.5764,42.9872],[-79.5614,42.9817],[-79.5364,42.9733],[-79.5115,42.9647],[-79.5071,42.9595],[-79.4881,42.9363],[-79.4806,42.9269],[-79.4642,42.907],[-79.4577,42.8993],[-79.4478,42.888],[-79.4196,42.8552],[-79.331,42.7522],[-79.3315,42.7522],[-79.4051,42.7652],[-79.4356,42.769],[-79.5034,42.7687],[-79.6176,42.7642],[-79.6695,42.7632],[-79.7479,42.7624],[-79.8318,42.7613],[-79.9045,42.7604],[-79.9045,42.7603],[-80.0063,42.7604],[-80.0318,42.759],[-80.0513,42.7511],[-80.059,42.6706],[-80.0558,42.6629],[-80.0263,42.5834],[-80.0177,42.5594],[-80.0261,42.5451],[-80.0332,42.5402],[-80.0504,42.5357],[-80.1556,42.5215],[-80.2114,42.5126],[-80.2486,42.5074],[-80.2953,42.5074],[-80.3959,42.5069],[-80.4303,42.5066],[-80.5476,42.5073],[-80.6097,42.5075],[-80.7237,42.5078],[-80.722,42.5771],[-80.7207,42.635],[-80.7197,42.6631],[-80.7188,42.6939],[-80.7178,42.736],[-80.7178,42.7545],[-80.7174,42.7886],[-80.7446,42.824],[-80.7359,42.835],[-80.7271,42.8457],[-80.7243,42.8459],[-80.7236,42.8438],[-80.7242,42.8422],[-80.7187,42.8353],[-80.7145,42.8372],[-80.712,42.8338],[-80.7035,42.8448],[-80.7005,42.8484],[-80.7052,42.8545],[-80.6758,42.8589],[-80.6505,42.8627],[-80.6242,42.8666],[-80.5596,42.8759],[-80.5279,42.8806],[-80.5054,42.8841],[-80.512,42.9008],[-80.5162,42.913],[-80.5184,42.9182],[-80.5256,42.9385],[-80.5357,42.9648],[-80.5435,42.9848],[-80.5092,42.99],[-80.491,42.9934],[-80.4648,42.9971],[-80.448,42.9997],[-80.4274,43.0034],[-80.4232,43.0037],[-80.4139,43.005],[-80.3698,43.0116],[-80.3705,43.0133],[-80.3068,43.0227],[-80.2867,43.0256],[-80.2632,43.0291],[-80.2437,43.0321],[-80.2385,43.0304],[-80.1888,43.0125],[-80.1663,43.0042],[-80.1078,42.9826],[-80.0555,42.9634],[-80.0524,42.9664],[-80.0457,42.9761],[-80.039,42.9736],[-80.0367,42.9768],[-80.0434,42.9793],[-80.0321,42.9957],[-80.0211,43.0126],[-80.01,43.0292],[-79.9969,43.0244],[-79.9935,43.0272],[-80.0076,43.0324],[-79.988,43.0621],[-79.9767,43.0789],[-79.9764,43.0797],[-79.9821,43.0819],[-79.9913,43.0869],[-80.0008,43.0877],[-80.0034,43.0893],[-79.9843,43.132],[-79.9643,43.1248],[-79.9327,43.1137],[-79.9007,43.1022],[-79.8881,43.0978],[-79.8506,43.0845],[-79.8321,43.0778],[-79.8036,43.0678],[-79.7719,43.0566],[-79.7541,43.0505]]]},"properties":{"id":34,"name":"Haldimand—Norfolk"}},{"type":"Feature","geometry":{"type":"Polygon","coordinates":[[[-88.7781,48.2038],[-89.3289,47.9776],[-89.3374,47.9741],[-89.4886,48.011],[-89.5643,48.0019],[-89.5697,47.9993],[-89.5709,47.998],[-89.5815,47.9958],[-89.5854,47.9995],[-89.5855,48.0017],[-89.591,48.0025],[-89.5928,48.0039],[-89.5973,48.0043],[-89.6034,48.0064],[-89.6083,48.0068],[-89.6105,48.01],[-89.6087,48.0119],[-89.6098,48.0149],[-89.6092,48.0171],[-89.6113,48.0178],[-89.6144,48.0152],[-89.6159,48.0128],[-89.619,48.0107],[-89.624,48.0117],[-89.6293,48.0104],[-89.6383,48.0088],[-89.6369,48.0049],[-89.6392,48.0036],[-89.6414,48.0056],[-89.6445,48.0063],[-89.6468,48.0059],[-89.6487,48.0038],[-89.6534,48.0047],[-89.6583,48.0104],[-89.663,48.0105],[-89.6638,48.0086],[-89.6662,48.0074],[-89.6693,48.0083],[-89.6726,48.0115],[-89.6763,48.0112],[-89.6847,48.0095],[-89.6867,48.0108],[-89.6917,48.0098],[-89.7016,48.0063],[-89.7055,48.0077],[-89.7079,48.0102],[-89.7098,48.0103],[-89.7151,48.0094],[-89.7166,48.0097],[-89.7163,48.0126],[-89.717,48.014],[-89.7163,48.0167],[-89.7193,48.0167],[-89.7201,48.015],[-89.7228,48.0135],[-89.7242,48.0137],[-89.7246,48.0161],[-89.723,48.0174],[-89.7209,48.0173],[-89.7204,48.0195],[-89.7241,48.0207],[-89.7242,48.0191],[-89.7318,48.0189],[-89.7333,48.0218],[-89.7366,48.0216],[-89.7381,48.0206],[-89.7434,48.0203],[-89.7448,48.0224],[-89.7464,48.0221],[-89.7488,48.0234],[-89.7532,48.0222],[-89.7547,48.023],[-89.7599,48.0225],[-89.7644,48.0229],[-89.7675,48.0226],[-89.7738,48.0204],[-89.7757,48.0226],[-89.7785,48.0191],[-89.7819,48.0178],[-89.7871,48.0178],[-89.7909,48.0184],[-89.7945,48.0176],[-89.7961,48.0159],[-89.8009,48.0141],[-89.8052,48.014],[-89.8077,48.0174],[-89.8102,48.0165],[-89.8197,48.0154],[-89.8208,48.013],[-89.8239,48.0113],[-89.8226,48.0094],[-89.8253,48.0068],[-89.829,48.0052],[-89.829,48.0026],[-89.8306,48.0001],[-89.833,47.9993],[-89.8354,48.0001],[-89.8391,48.0024],[-89.8422,48.0014],[-89.8458,47.9936],[-89.8475,47.9925],[-89.8591,47.9908],[-89.8684,47.9901],[-89.8715,47.9856],[-89.8724,47.9854],[-89.8791,47.9867],[-89.8842,47.9863],[-89.8921,47.9879],[-89.8955,47.9872],[-89.8975,47.9875],[-89.9017,47.9897],[-89.9028,47.9912],[-89.9072,47.9926],[-89.9109,47.9931],[-89.9145,47.9943],[-89.9164,47.9967],[-89.9223,47.997],[-89.9224,48.0003],[-89.9278,48.0026],[-89.9259,48.0036],[-89.9259,48.0062],[-89.9312,48.0082],[-89.9328,48.0107],[-89.9329,48.013],[-89.9348,48.0157],[-89.9406,48.0155],[-89.9414,48.0144],[-89.9442,48.0144],[-89.9489,48.016],[-89.9511,48.0158],[-89.95,48.0137],[-89.9515,48.011],[-89.9526,48.0106],[-89.9565,48.0124],[-89.9615,48.0136],[-89.9642,48.0149],[-89.9688,48.0148],[-89.9715,48.0176],[-89.9719,48.0193],[-89.9736,48.0202],[-89.9751,48.0231],[-89.9867,48.0255],[-89.9973,48.0351],[-89.9966,48.0403],[-89.9939,48.0489],[-89.998,48.0578],[-90.0071,48.067],[-90.0107,48.0678],[-90.0149,48.0671],[-90.0187,48.072],[-90.0232,48.0848],[-90.0293,48.0875],[-90.0379,48.0892],[-90.0412,48.0892],[-90.0494,48.092],[-90.0574,48.0965],[-90.0663,48.0984],[-90.0741,48.1012],[-90.0917,48.1045],[-90.1159,48.1043],[-90.1223,48.1056],[-90.1237,48.1067],[-90.1473,48.1111],[-90.1508,48.1103],[-90.1646,48.1098],[-90.1764,48.1123],[-90.1885,48.1081],[-90.1948,48.1084],[-90.2106,48.1064],[-90.2165,48.1065],[-90.2251,48.1081],[-90.2338,48.1073],[-90.2538,48.1022],[-90.2643,48.1033],[-90.2743,48.1031],[-90.289,48.0992],[-90.2926,48.099],[-90.2981,48.1025],[-90.304,48.1039],[-90.3056,48.1051],[-90.3098,48.1055],[-90.3174,48.1037],[-90.3224,48.1029],[-90.3298,48.1023],[-90.3369,48.0995],[-90.3378,48.0961],[-90.3427,48.0956],[-90.3459,48.094],[-90.3538,48.0951],[-90.3585,48.0947],[-90.3674,48.0947],[-90.3703,48.0938],[-90.3981,48.1024],[-90.4032,48.1052],[-90.4105,48.1053],[-90.4386,48.099],[-90.4435,48.1],[-90.4476,48.1036],[-90.4524,48.1053],[-90.4621,48.1067],[-90.4654,48.1088],[-90.4675,48.1089],[-90.4713,48.1061],[-90.4778,48.1054],[-90.4802,48.1021],[-90.4867,48.0992],[-90.4899,48.0991],[-90.4937,48.1015],[-90.4962,48.0988],[-90.5023,48.0992],[-90.5079,48.0991],[-90.5101,48.0975],[-90.517,48.0994],[-90.5274,48.0987],[-90.5569,48.0961],[-90.5644,48.0987],[-90.5676,48.1017],[-90.5698,48.1069],[-90.5556,48.1169],[-90.559,48.1219],[-90.5655,48.1226],[-90.5716,48.1211],[-90.576,48.1206],[-90.5798,48.124],[-90.5822,48.1237],[-90.5869,48.1211],[-90.5903,48.1198],[-90.5914,48.1176],[-90.6063,48.116],[-90.6161,48.1122],[-90.6272,48.1121],[-90.6415,48.1037],[-90.6863,48.1005],[-90.7028,48.0962],[-90.717,48.0957],[-90.7414,48.0946],[-90.7516,48.0911],[-90.7614,48.0985],[-90.7613,48.1001],[-90.7672,48.1107],[-90.7669,48.1128],[-90.7687,48.1167],[-90.7707,48.1168],[-90.774,48.1187],[-90.7743,48.1202],[-90.7765,48.1243],[-90.782,48.1259],[-90.7842,48.128],[-90.7866,48.1277],[-90.7898,48.1303],[-90.7881,48.1329],[-90.785,48.1334],[-90.7835,48.1325],[-90.7818,48.1354],[-90.7853,48.1352],[-90.7877,48.136],[-90.7954,48.1355],[-90.7984,48.1371],[-90.7964,48.1403],[-90.7916,48.1416],[-90.7895,48.1441],[-90.784,48.1464],[-90.781,48.146],[-90.7788,48.1468],[-90.778,48.1485],[-90.7791,48.1515],[-90.7762,48.162],[-90.7785,48.1642],[-90.7814,48.1646],[-90.7834,48.1638],[-90.786,48.1611],[-90.7903,48.1601],[-90.7932,48.1615],[-90.7964,48.1593],[-90.7976,48.1617],[-90.8009,48.1633],[-90.8021,48.1679],[-90.8018,48.1708],[-90.8032,48.1727],[-90.8042,48.1779],[-90.8099,48.1798],[-90.8176,48.1794],[-90.8189,48.1828],[-90.8212,48.1847],[-90.8259,48.1836],[-90.8235,48.1782],[-90.8262,48.1773],[-90.8327,48.1737],[-90.8366,48.1771],[-90.8343,48.1866],[-90.8349,48.2019],[-90.8373,48.2259],[-90.8397,48.2277],[-90.8386,48.2318],[-90.835,48.2348],[-90.8394,48.2397],[-90.8432,48.2412],[-90.8439,48.2438],[-90.8477,48.2446],[-90.8671,48.2383],[-90.8754,48.238],[-90.8816,48.2406],[-90.8857,48.246],[-90.9069,48.2376],[-90.9151,48.2309],[-90.9185,48.2308],[-90.9264,48.2299],[-90.9771,48.2196],[-91.0043,48.203],[-91.0027,48.2004],[-91.0124,48.1982],[-91.0152,48.1962],[-91.022,48.193],[-91.0237,48.1903],[-91.031,48.1887],[-91.0347,48.1891],[-91.0359,48.19],[-91.0458,48.1894],[-91.0525,48.1879],[-91.0553,48.1882],[-91.0592,48.1853],[-91.0627,48.1855],[-91.0656,48.1813],[-91.0758,48.1792],[-91.0788,48.1793],[-91.0826,48.1811],[-91.088,48.1782],[-91.0919,48.1737],[-91.097,48.1716],[-91.1087,48.1687],[-91.1148,48.1664],[-91.1197,48.1606],[-91.1324,48.1573],[-91.136,48.1566],[-91.1427,48.1545],[-91.1381,48.1519],[-91.1373,48.1491],[-91.1558,48.1406],[-91.1766,48.1255],[-91.1835,48.1221],[-91.1902,48.125],[-91.2149,48.1027],[-91.2278,48.0992],[-91.2349,48.0961],[-91.2494,48.0841],[-91.2663,48.079],[-91.2755,48.079],[-91.2894,48.0742],[-91.3069,48.0728],[-91.3182,48.0732],[-91.3247,48.0728],[-91.3284,48.071],[-91.3345,48.0695],[-91.34,48.0734],[-91.3486,48.0722],[-91.3526,48.0712],[-91.3651,48.0671],[-91.3709,48.0695],[-91.3787,48.0656],[-91.3909,48.0571],[-91.4136,48.0536],[-91.4223,48.051],[-91.427,48.0501],[-91.4295,48.0487],[-91.4371,48.0496],[-91.4378,48.0523],[-91.4465,48.0628],[-91.4462,48.0676],[-91.4499,48.0689],[-91.4651,48.0669],[-91.4882,48.0685],[-91.5424,48.0536],[-91.5681,48.0434],[-91.576,48.0486],[-91.5732,48.0573],[-91.5757,48.0665],[-91.5697,48.0935],[-91.553,48.1032],[-91.5594,48.1086],[-91.5757,48.1067],[-91.5888,48.1023],[-91.5955,48.1022],[-91.5967,48.1422],[-91.6056,48.4311],[-91.6126,48.6566],[-91.6131,48.672],[-91.6743,48.6721],[-91.7519,48.6722],[-91.7517,48.7589],[-91.7523,48.7589],[-91.7522,48.8456],[-91.7523,48.8649],[-91.7531,49.0181],[-91.6153,49.0188],[-91.2076,49.02],[-91.1066,49.0201],[-91.0353,49.0201],[-90.963,49.0201],[-90.9639,49.1089],[-90.9638,49.1941],[-90.9637,49.2552],[-90.963,49.3323],[-90.964,49.3363],[-90.9641,49.3681],[-90.964,49.4548],[-90.9641,49.5415],[-90.964,49.5957],[-90.9634,50.0633],[-90.9119,50.0637],[-90.8524,50.0634],[-90.8103,50.0632],[-90.766,50.0627],[-90.6338,50.0614],[-90.5644,50.0618],[-90.4748,50.0623],[-90.3989,50.0627],[-90.3058,50.0631],[-90.2403,50.0633],[-90.1681,50.0635],[-90.0829,50.0623],[-90.0001,50.0626],[-90.0001,50],[-90,49.9623],[-90,49.7677],[-90,49.5984],[-90,49.5534],[-90,49.472],[-90,49.3907],[-90,49.3305],[-90,49.2404],[-90,49.1761],[-89.9956,49.1762],[-89.9892,49.1779],[-89.9864,49.1768],[-89.9869,49.1746],[-89.9909,49.1733],[-89.9932,49.1716],[-89.9931,49.1701],[-89.9948,49.1667],[-89.9943,49.1628],[-89.9904,49.1621],[-89.989,49.1625],[-89.9844,49.1616],[-89.9818,49.1624],[-89.9789,49.1647],[-89.9736,49.1649],[-89.9696,49.1665],[-89.9672,49.1653],[-89.9597,49.1639],[-89.959,49.1621],[-89.9545,49.1615],[-89.9533,49.1596],[-89.9487,49.1591],[-89.9467,49.1601],[-89.943,49.1602],[-89.9395,49.1621],[-89.9335,49.1691],[-89.9273,49.1685],[-89.9195,49.1663],[-89.9164,49.1672],[-89.9128,49.1671],[-89.9105,49.1657],[-89.9046,49.1656],[-89.903,49.1666],[-89.9012,49.1631],[-89.896,49.1632],[-89.8942,49.162],[-89.8964,49.1595],[-89.8965,49.1568],[-89.8978,49.1537],[-89.9072,49.1478],[-89.9087,49.1452],[-89.9069,49.1431],[-89.906,49.1392],[-89.903,49.1359],[-89.901,49.1346],[-89.9004,49.1324],[-89.8978,49.1316],[-89.8961,49.1292],[-89.8952,49.1257],[-89.8912,49.1241],[-89.8923,49.1218],[-89.8961,49.1189],[-89.893,49.1154],[-89.8848,49.1127],[-89.8851,49.1114],[-89.8895,49.1106],[-89.8903,49.1058],[-89.8842,49.1035],[-89.8811,49.1],[-89.8823,49.0973],[-89.8813,49.0961],[-89.8816,49.0908],[-89.8782,49.0876],[-89.8766,49.085],[-89.8735,49.0822],[-89.8777,49.0788],[-89.8754,49.0781],[-89.8745,49.076],[-89.8801,49.0651],[-89.8794,49.0629],[-89.8811,49.0606],[-89.8792,49.0596],[-89.8778,49.055],[-89.8813,49.0519],[-89.8847,49.0506],[-89.8863,49.045],[-89.8878,49.0429],[-89.891,49.0406],[-89.8936,49.0301],[-89.8936,49.0266],[-89.8928,49.0246],[-89.8936,49.0218],[-89.8915,49.015],[-89.8922,49.0066],[-89.8932,49.0015],[-89.8945,48.9988],[-89.8947,48.9956],[-89.8968,48.9935],[-89.8949,48.991],[-89.885,48.9916],[-89.8837,48.9901],[-89.8796,48.9874],[-89.8791,48.9852],[-89.8795,48.982],[-89.8806,48.981],[-89.8896,48.9777],[-89.8921,48.9759],[-89.8943,48.9729],[-89.8952,48.9692],[-89.894,48.9673],[-89.8917,48.9673],[-89.8904,48.969],[-89.8878,48.9693],[-89.8842,48.9687],[-89.8779,48.9697],[-89.8761,48.9691],[-89.8749,48.9643],[-89.8764,48.963],[-89.8742,48.9604],[-89.8746,48.9579],[-89.8736,48.9568],[-89.8698,48.9556],[-89.8675,48.9574],[-89.8637,48.9559],[-89.8581,48.9566],[-89.8562,48.9546],[-89.8563,48.951],[-89.8557,48.9494],[-89.8518,48.9492],[-89.8454,48.9473],[-89.8404,48.947],[-89.8366,48.9457],[-89.8335,48.9421],[-89.832,48.943],[-89.829,48.9428],[-89.8296,48.9406],[-89.8276,48.9391],[-89.8315,48.9367],[-89.8325,48.935],[-89.8304,48.9327],[-89.8321,48.9321],[-89.8318,48.9302],[-89.8289,48.9289],[-89.8282,48.927],[-89.8249,48.9257],[-89.826,48.9232],[-89.8251,48.9216],[-89.8222,48.9216],[-89.8197,48.9194],[-89.8185,48.9162],[-89.8114,48.9157],[-89.8088,48.9171],[-89.805,48.916],[-89.8025,48.918],[-89.7958,48.9204],[-89.787,48.9198],[-89.7819,48.9199],[-89.771,48.9234],[-89.7644,48.9245],[-89.7586,48.9225],[-89.753,48.922],[-89.7516,48.9224],[-89.7465,48.9261],[-89.7383,48.9271],[-89.7325,48.929],[-89.7292,48.9294],[-89.723,48.9294],[-89.7223,48.9285],[-89.7124,48.928],[-89.7094,48.9265],[-89.7066,48.9266],[-89.7038,48.9225],[-89.7014,48.9211],[-89.7024,48.9194],[-89.7011,48.9173],[-89.7034,48.916],[-89.7023,48.9147],[-89.6969,48.9127],[-89.692,48.9132],[-89.6898,48.915],[-89.6868,48.9143],[-89.6871,48.9128],[-89.678,48.9119],[-89.6753,48.9105],[-89.6727,48.9109],[-89.6698,48.9129],[-89.6657,48.9121],[-89.6613,48.9128],[-89.66,48.912],[-89.6568,48.9125],[-89.6514,48.9107],[-89.6473,48.9111],[-89.6476,48.9096],[-89.6447,48.9066],[-89.6386,48.9064],[-89.6315,48.9047],[-89.6299,48.9012],[-89.6345,48.8986],[-89.6341,48.8965],[-89.6325,48.8957],[-89.628,48.8978],[-89.6265,48.8967],[-89.6275,48.8952],[-89.6249,48.8941],[-89.6254,48.8925],[-89.6299,48.8889],[-89.6262,48.8882],[-89.6271,48.8859],[-89.6302,48.8853],[-89.6306,48.884],[-89.6218,48.8825],[-89.6212,48.879],[-89.623,48.874],[-89.6257,48.8734],[-89.6244,48.8716],[-89.6248,48.8692],[-89.6187,48.8671],[-89.6214,48.8651],[-89.6192,48.8619],[-89.6169,48.8601],[-89.6192,48.8593],[-89.619,48.8574],[-89.6209,48.8549],[-89.625,48.8506],[-89.6234,48.8469],[-89.6246,48.8445],[-89.6236,48.8391],[-89.6219,48.8352],[-89.619,48.8334],[-89.6188,48.8312],[-89.6161,48.8319],[-89.6145,48.8337],[-89.6116,48.8327],[-89.6098,48.8334],[-89.6019,48.834],[-89.5947,48.831],[-89.5871,48.8309],[-89.5833,48.8305],[-89.5786,48.828],[-89.5772,48.8246],[-89.5775,48.8234],[-89.5756,48.8214],[-89.5751,48.8182],[-89.5731,48.8151],[-89.5771,48.809],[-89.5734,48.8075],[-89.577,48.804],[-89.5737,48.8015],[-89.5734,48.7964],[-89.5771,48.797],[-89.5812,48.7997],[-89.5849,48.7988],[-89.5936,48.794],[-89.5969,48.7912],[-89.5958,48.7899],[-89.5953,48.7869],[-89.5935,48.7876],[-89.5937,48.7916],[-89.584,48.7907],[-89.5821,48.7896],[-89.5823,48.7876],[-89.5847,48.7873],[-89.5851,48.7848],[-89.5868,48.7828],[-89.5831,48.7809],[-89.5826,48.7791],[-89.5881,48.7779],[-89.5912,48.7765],[-89.5933,48.7745],[-89.59,48.7744],[-89.587,48.7761],[-89.5827,48.7771],[-89.5805,48.7758],[-89.5811,48.7733],[-89.5828,48.7706],[-89.5788,48.7688],[-89.5723,48.7698],[-89.5689,48.7687],[-89.5655,48.7696],[-89.5639,48.7678],[-89.5627,48.7646],[-89.5629,48.7625],[-89.5599,48.7608],[-89.5578,48.7578],[-89.5589,48.754],[-89.5553,48.7544],[-89.5531,48.7523],[-89.5554,48.7504],[-89.5571,48.7473],[-89.5611,48.7454],[-89.5602,48.7435],[-89.5649,48.7419],[-89.5672,48.7404],[-89.5703,48.7395],[-89.5754,48.7394],[-89.5786,48.7402],[-89.58,48.7385],[-89.5778,48.7378],[-89.5774,48.7362],[-89.5796,48.734],[-89.5798,48.7315],[-89.5824,48.7296],[-89.5872,48.7303],[-89.5907,48.7316],[-89.5918,48.7334],[-89.595,48.7338],[-89.5999,48.7355],[-89.5971,48.7385],[-89.6047,48.7392],[-89.6043,48.7416],[-89.6068,48.7419],[-89.6092,48.7438],[-89.6125,48.7414],[-89.6131,48.7399],[-89.6158,48.7374],[-89.613,48.7361],[-89.6094,48.7358],[-89.6077,48.735],[-89.6094,48.7329],[-89.614,48.7294],[-89.6135,48.7264],[-89.6098,48.7297],[-89.6065,48.7296],[-89.6073,48.7276],[-89.605,48.7273],[-89.6037,48.7253],[-89.6008,48.7258],[-89.5984,48.7252],[-89.5973,48.7235],[-89.5989,48.7223],[-89.6467,48.7225],[-89.6465,48.6745],[-89.611,48.6746],[-89.6112,48.6703],[-89.6081,48.6681],[-89.6032,48.6664],[-89.6034,48.6646],[-89.6009,48.661],[-89.598,48.6595],[-89.5962,48.6575],[-89.5952,48.6505],[-89.5934,48.6467],[-89.5943,48.6457],[-89.5981,48.6446],[-89.5976,48.6413],[-89.5978,48.6342],[-89.5966,48.6291],[-89.5947,48.6253],[-89.5948,48.6223],[-89.5976,48.6201],[-89.5977,48.6165],[-89.5969,48.6146],[-89.602,48.6101],[-89.6018,48.6078],[-89.6069,48.6065],[-89.6115,48.6094],[-89.6148,48.6081],[-89.6132,48.6064],[-89.614,48.6034],[-89.6175,48.6017],[-89.6183,48.5998],[-89.621,48.5975],[-89.6197,48.594],[-89.617,48.5916],[-89.6094,48.591],[-89.6105,48.5876],[-89.615,48.585],[-89.6132,48.5839],[-89.613,48.5812],[-89.6091,48.5811],[-89.6081,48.5776],[-89.6013,48.5751],[-89.5997,48.5728],[-89.5954,48.5712],[-89.5935,48.5688],[-89.5943,48.5658],[-89.5881,48.5592],[-89.5911,48.5559],[-89.5876,48.5519],[-89.5896,48.5486],[-89.59,48.546],[-89.5918,48.5431],[-89.5911,48.5419],[-89.594,48.5404],[-89.5929,48.5385],[-89.5948,48.5371],[-89.5944,48.5346],[-89.5951,48.532],[-89.593,48.5256],[-89.5956,48.5219],[-89.5956,48.5177],[-89.595,48.514],[-89.5793,48.516],[-89.5077,48.5155],[-89.4286,48.515],[-89.34,48.515],[-89.3179,48.5149],[-89.2797,48.5149],[-89.2525,48.5148],[-89.182,48.5146],[-89.1822,48.5049],[-89.182,48.493],[-89.1821,48.4838],[-89.188,48.483],[-89.1923,48.4809],[-89.2193,48.4646],[-89.2255,48.4618],[-89.2255,48.4635],[-89.2589,48.4631],[-89.2743,48.4556],[-89.2748,48.452],[-89.2726,48.4519],[-89.2643,48.4441],[-89.2646,48.4427],[-89.28,48.4298],[-89.2824,48.4262],[-89.2865,48.4082],[-89.2878,48.4055],[-89.2838,48.4049],[-89.2713,48.4058],[-89.2595,48.4065],[-89.2433,48.4068],[-89.2396,48.4064],[-89.2015,48.4064],[-89.1504,48.407],[-89.1502,48.3849],[-89.0608,48.3859],[-89.1075,48.283],[-89.027,48.2637],[-88.7781,48.2038]]]},"properties":{"id":105,"name":"Thunder Bay—Atikokan"}},{"type":"Feature","geometry":{"type":"Polygon","coordinates":[[[-81.2298,42.9747],[-81.2326,42.9736],[-81.2355,42.975],[-81.2402,42.9738],[-81.2418,42.9728],[-81.244,42.9736],[-81.2443,42.9756],[-81.2474,42.9748],[-81.2492,42.9751],[-81.2526,42.9771],[-81.2551,42.9765],[-81.2557,42.9785],[-81.2605,42.9773],[-81.268,42.977],[-81.275,42.9781],[-81.2772,42.9769],[-81.2884,42.9757],[-81.2898,42.975],[-81.2898,42.9719],[-81.2919,42.9712],[-81.2898,42.977],[-81.29,42.9785],[-81.2995,42.9971],[-81.3042,43.0069],[-81.3082,43.0147],[-81.3168,43.0301],[-81.3198,43.0362],[-81.299,43.0424],[-81.2864,43.0459],[-81.2469,43.0577],[-81.2361,43.0608],[-81.2328,43.0549],[-81.2274,43.0438],[-81.2159,43.0206],[-81.2143,43.0181],[-81.2038,42.9968],[-81.1986,42.9859],[-81.2225,42.9863],[-81.2273,42.9861],[-81.2326,42.985],[-81.234,42.9829],[-81.2298,42.9747]]]},"properties":{"id":54,"name":"London North Centre"}},{"type":"Feature","geometry":{"type":"Polygon","coordinates":[[[-79.2748,43.7773],[-79.3079,43.7696],[-79.3124,43.7687],[-79.3197,43.7684],[-79.3211,43.7711],[-79.3318,43.794],[-79.3384,43.8087],[-79.3413,43.8156],[-79.3375,43.8166],[-79.2973,43.8259],[-79.2887,43.8069],[-79.2865,43.8043],[-79.278,43.7844],[-79.2748,43.7773]]]},"properties":{"id":93,"name":"Scarborough—Agincourt"}},{"type":"Feature","geometry":{"type":"Polygon","coordinates":[[[-79.2818,43.8564],[-79.3248,43.8465],[-79.3435,43.8429],[-79.356,43.8412],[-79.3681,43.8392],[-79.3701,43.8452],[-79.3752,43.8651],[-79.3796,43.8833],[-79.3871,43.9138],[-79.3896,43.923],[-79.3771,43.9257],[-79.353,43.9313],[-79.3532,43.932],[-79.329,43.9376],[-79.3289,43.9374],[-79.3028,43.9433],[-79.3029,43.9438],[-79.2781,43.9495],[-79.2775,43.9429],[-79.2745,43.9358],[-79.2683,43.9111],[-79.2672,43.9052],[-79.2641,43.892],[-79.2675,43.8906],[-79.2863,43.8862],[-79.2889,43.8852],[-79.2851,43.8694],[-79.2818,43.8564]]]},"properties":{"id":58,"name":"Markham—Unionville"}},{"type":"Feature","geometry":{"type":"Polygon","coordinates":[[[-81.1897,43.0698],[-81.1853,43.0655],[-81.1721,43.0548],[-81.168,43.0529],[-81.166,43.0492],[-81.1503,43.0537],[-81.1477,43.0485],[-81.132,43.0533],[-81.1267,43.0427],[-81.1346,43.0403],[-81.1263,43.0236],[-81.1299,43.0225],[-81.1271,43.0187],[-81.1204,43.0056],[-81.1155,43.0038],[-81.1146,43.002],[-81.1248,42.9988],[-81.1218,42.9929],[-81.1295,42.9906],[-81.129,42.9877],[-81.1315,42.9821],[-81.13,42.9781],[-81.1266,42.9798],[-81.124,42.9772],[-81.1225,42.9768],[-81.1165,42.9532],[-81.1155,42.9533],[-81.1133,42.9446],[-81.1156,42.9442],[-81.1671,42.939],[-81.1713,42.9383],[-81.1894,42.9344],[-81.1991,42.9315],[-81.2032,42.9299],[-81.2076,42.9274],[-81.21,42.9266],[-81.2269,42.925],[-81.2479,42.9232],[-81.2521,42.9413],[-81.258,42.9407],[-81.2577,42.9451],[-81.2605,42.9568],[-81.2384,42.958],[-81.2177,42.9587],[-81.2226,42.9645],[-81.2268,42.9687],[-81.2298,42.9747],[-81.234,42.9829],[-81.2326,42.985],[-81.2273,42.9861],[-81.2225,42.9863],[-81.1986,42.9859],[-81.2038,42.9968],[-81.2143,43.0181],[-81.2159,43.0206],[-81.2274,43.0438],[-81.2328,43.0549],[-81.2361,43.0608],[-81.2078,43.069],[-81.1937,43.073],[-81.1897,43.0698]]]},"properties":{"id":53,"name":"London—Fanshawe"}},{"type":"Feature","geometry":{"type":"Polygon","coordinates":[[[-75.3582,44.7974],[-75.382,44.8258],[-75.3905,44.8356],[-75.404,44.852],[-75.4183,44.8694],[-75.435,44.8908],[-75.4449,44.9037],[-75.4576,44.9208],[-75.4713,44.9378],[-75.486,44.9565],[-75.4857,44.9566],[-75.4953,44.9692],[-75.5112,44.9883],[-75.5239,45.0034],[-75.5392,45.0208],[-75.5479,45.0298],[-75.562,45.0453],[-75.5707,45.056],[-75.5949,45.0844],[-75.5625,45.099],[-75.5404,45.1083],[-75.5177,45.1175],[-75.4954,45.1269],[-75.4744,45.1336],[-75.4501,45.1422],[-75.4374,45.1468],[-75.4276,45.1506],[-75.4206,45.1538],[-75.3803,45.1709],[-75.3532,45.1821],[-75.2999,45.2027],[-75.2627,45.2168],[-75.2326,45.2281],[-75.2012,45.2398],[-75.1923,45.2217],[-75.1723,45.2265],[-75.1623,45.2291],[-75.1369,45.2359],[-75.1149,45.2422],[-75.0834,45.2515],[-75.0574,45.2592],[-75.0427,45.2632],[-74.9941,45.2768],[-75.0022,45.2908],[-75.0078,45.3009],[-75.0169,45.3159],[-74.9953,45.3221],[-74.9326,45.34],[-74.9205,45.3433],[-74.9166,45.3379],[-74.8979,45.3144],[-74.8729,45.282],[-74.8677,45.2749],[-74.8534,45.2574],[-74.8488,45.252],[-74.8413,45.2552],[-74.8141,45.2224],[-74.8007,45.2058],[-74.7873,45.1886],[-74.7577,45.2012],[-74.7591,45.2029],[-74.7448,45.2091],[-74.7069,45.2263],[-74.6557,45.2491],[-74.6067,45.2699],[-74.6208,45.287],[-74.562,45.3108],[-74.5276,45.325],[-74.5104,45.3319],[-74.4935,45.3389],[-74.4851,45.3423],[-74.4595,45.3529],[-74.4523,45.3562],[-74.4623,45.3291],[-74.4719,45.303],[-74.451,45.288],[-74.4324,45.2731],[-74.4139,45.2588],[-74.3921,45.2421],[-74.3211,45.1875],[-74.3634,45.1631],[-74.3776,45.1546],[-74.42,45.1417],[-74.4427,45.1307],[-74.4597,45.1092],[-74.4934,45.0665],[-74.5096,45.0782],[-74.531,45.0633],[-74.5308,45.052],[-74.5552,45.0439],[-74.594,45.0412],[-74.6187,45.0328],[-74.6516,45.0199],[-74.6578,45.0168],[-74.6613,45.0136],[-74.6687,45.0041],[-74.6709,45.0062],[-74.6736,45.0008],[-74.6839,44.9994],[-74.7026,45.0033],[-74.7222,44.9984],[-74.7313,44.9904],[-74.7449,44.9906],[-74.7607,44.9949],[-74.7635,45.0057],[-74.7932,45.0044],[-74.8002,45.0108],[-74.8018,45.0145],[-74.8136,45.0135],[-74.8174,45.0115],[-74.8269,45.0158],[-74.8351,45.0146],[-74.8422,45.0112],[-74.8465,45.0103],[-74.8565,45.0044],[-74.863,45.0045],[-74.8667,45.0004],[-74.8776,45.0014],[-74.8888,44.9999],[-74.9014,44.9925],[-74.9084,44.9835],[-74.9476,44.9848],[-74.9729,44.9834],[-74.9932,44.9775],[-74.9997,44.9717],[-74.9998,44.9661],[-75.0033,44.9624],[-75.0054,44.9584],[-75.027,44.9466],[-75.0603,44.9344],[-75.065,44.9294],[-75.0968,44.927],[-75.1051,44.9196],[-75.1179,44.921],[-75.135,44.915],[-75.1403,44.8969],[-75.1653,44.8935],[-75.1892,44.8831],[-75.1945,44.8826],[-75.2032,44.8778],[-75.2187,44.8777],[-75.2286,44.8683],[-75.2414,44.8671],[-75.2564,44.8573],[-75.2686,44.8549],[-75.2852,44.8483],[-75.3078,44.8366],[-75.3022,44.8264],[-75.3339,44.8062],[-75.3447,44.809],[-75.3582,44.7974]]]},"properties":{"id":102,"name":"Stormont—Dundas—South Glengarry"}},{"type":"Feature","geometry":{"type":"Polygon","coordinates":[[[-79.7868,43.7058],[-79.7773,43.6988],[-79.78,43.6962],[-79.7817,43.6933],[-79.7873,43.6884],[-79.7707,43.6761],[-79.7786,43.6691],[-79.7976,43.6519],[-79.8016,43.6481],[-79.801,43.6459],[-79.799,43.6444],[-79.8031,43.6424],[-79.8076,43.6418],[-79.8091,43.641],[-79.8176,43.6333],[-79.8246,43.6273],[-79.846,43.6431],[-79.8673,43.659],[-79.8889,43.6749],[-79.8851,43.6783],[-79.8807,43.6815],[-79.8739,43.6877],[-79.8706,43.6917],[-79.8633,43.6983],[-79.861,43.7009],[-79.8497,43.7109],[-79.8301,43.7287],[-79.8192,43.7208],[-79.814,43.7258],[-79.7868,43.7058]]]},"properties":{"id":12,"name":"Brampton West"}},{"type":"Feature","geometry":{"type":"Polygon","coordinates":[[[-80.4224,43.4784],[-80.4329,43.4758],[-80.4708,43.4632],[-80.4754,43.4715],[-80.4768,43.4728],[-80.4807,43.4741],[-80.4891,43.4732],[-80.4936,43.474],[-80.4966,43.4728],[-80.4955,43.4705],[-80.501,43.4686],[-80.4985,43.4662],[-80.5017,43.4646],[-80.5008,43.4632],[-80.5115,43.4592],[-80.5202,43.4563],[-80.5222,43.4548],[-80.5338,43.4505],[-80.5343,43.4514],[-80.541,43.449],[-80.5386,43.4469],[-80.5424,43.4456],[-80.541,43.4435],[-80.5424,43.4426],[-80.5452,43.4441],[-80.5473,43.4413],[-80.56,43.4371],[-80.5736,43.4322],[-80.6066,43.4622],[-80.6261,43.4797],[-80.5971,43.4901],[-80.5732,43.4985],[-80.5251,43.5155],[-80.5117,43.5203],[-80.4811,43.5311],[-80.4787,43.527],[-80.4763,43.5249],[-80.47,43.5227],[-80.4674,43.5193],[-80.4686,43.5172],[-80.4723,43.5162],[-80.484,43.5161],[-80.4874,43.5133],[-80.4941,43.5123],[-80.4953,43.5098],[-80.4932,43.5033],[-80.4922,43.5023],[-80.4887,43.5018],[-80.4767,43.5045],[-80.4731,43.5057],[-80.4719,43.5068],[-80.4666,43.5058],[-80.4649,43.5031],[-80.4644,43.5],[-80.4681,43.4962],[-80.4726,43.4937],[-80.4734,43.4914],[-80.473,43.4895],[-80.4697,43.4872],[-80.4677,43.4845],[-80.4627,43.4852],[-80.4582,43.4828],[-80.4552,43.4773],[-80.4506,43.4772],[-80.448,43.4767],[-80.4418,43.4782],[-80.4338,43.4819],[-80.4316,43.4823],[-80.4241,43.481],[-80.4224,43.4784]]]},"properties":{"id":114,"name":"Waterloo"}},{"type":"Feature","geometry":{"type":"Polygon","coordinates":[[[-79.3197,43.7684],[-79.3289,43.7682],[-79.3507,43.7669],[-79.363,43.7663],[-79.3718,43.7659],[-79.3783,43.7651],[-79.387,43.7633],[-79.388,43.7666],[-79.3921,43.7848],[-79.3933,43.7911],[-79.3962,43.8033],[-79.3725,43.8085],[-79.3413,43.8156],[-79.3384,43.8087],[-79.3318,43.794],[-79.3211,43.7711],[-79.3197,43.7684]]]},"properties":{"id":21,"name":"Don Valley North"}},{"type":"Feature","geometry":{"type":"Polygon","coordinates":[[[-79.5122,43.6626],[-79.5097,43.6621],[-79.5056,43.6628],[-79.5082,43.6615],[-79.5173,43.6579],[-79.5202,43.6508],[-79.5224,43.6482],[-79.5258,43.6507],[-79.5293,43.6512],[-79.5323,43.6504],[-79.5327,43.6522],[-79.5375,43.6529],[-79.5381,43.6551],[-79.5405,43.6535],[-79.5354,43.6418],[-79.5596,43.6363],[-79.5568,43.6287],[-79.5636,43.627],[-79.5646,43.6282],[-79.5674,43.628],[-79.5745,43.6256],[-79.5797,43.6269],[-79.5852,43.6287],[-79.5851,43.6314],[-79.5859,43.6355],[-79.5853,43.6374],[-79.5882,43.6413],[-79.5886,43.6427],[-79.592,43.6446],[-79.5956,43.6432],[-79.5985,43.6431],[-79.6031,43.6447],[-79.6076,43.6448],[-79.6088,43.6465],[-79.5888,43.6646],[-79.5911,43.6686],[-79.5819,43.6722],[-79.5677,43.6742],[-79.5632,43.6745],[-79.5707,43.6915],[-79.5487,43.6966],[-79.526,43.7016],[-79.5211,43.7],[-79.519,43.6974],[-79.5162,43.6969],[-79.5136,43.6973],[-79.5126,43.6954],[-79.5133,43.6918],[-79.5126,43.6887],[-79.5099,43.6834],[-79.5064,43.6825],[-79.5055,43.6805],[-79.5072,43.6792],[-79.5086,43.6767],[-79.5114,43.6749],[-79.5124,43.6731],[-79.5113,43.6686],[-79.5131,43.6666],[-79.5122,43.6626]]]},"properties":{"id":28,"name":"Etobicoke Centre"}},{"type":"Feature","geometry":{"type":"Polygon","coordinates":[[[-76.3002,45.4634],[-76.3,45.4452],[-76.3386,45.4206],[-76.3523,45.4118],[-76.3556,45.4094],[-76.3771,45.3946],[-76.3904,45.3856],[-76.4102,45.3713],[-76.415,45.3681],[-76.4264,45.3597],[-76.4408,45.35],[-76.4534,45.3416],[-76.4976,45.3138],[-76.5038,45.31],[-76.5061,45.3118],[-76.5326,45.2954],[-76.5572,45.28],[-76.5703,45.2714],[-76.5888,45.2598],[-76.6092,45.2466],[-76.6364,45.2297],[-76.6551,45.2177],[-76.6727,45.206],[-76.6851,45.1972],[-76.7016,45.1864],[-76.7114,45.181],[-76.7178,45.1771],[-76.7507,45.1583],[-76.7693,45.1449],[-76.7841,45.1709],[-76.8125,45.2208],[-76.8248,45.2198],[-76.8402,45.2178],[-76.845,45.2175],[-76.8506,45.216],[-76.8571,45.2129],[-76.8651,45.2084],[-76.8775,45.2003],[-76.8814,45.1981],[-76.89,45.1944],[-76.8958,45.194],[-76.8997,45.1964],[-76.9014,45.197],[-76.9069,45.1958],[-76.913,45.1938],[-76.9161,45.1946],[-76.9187,45.1996],[-76.9174,45.2022],[-76.9215,45.2046],[-76.9276,45.2094],[-76.9308,45.2104],[-76.9403,45.2088],[-76.9459,45.2038],[-76.9511,45.2017],[-76.9566,45.2013],[-76.9594,45.2001],[-76.9749,45.1886],[-76.9804,45.184],[-76.9845,45.183],[-76.9869,45.1837],[-76.9899,45.1858],[-76.9919,45.1858],[-76.9861,45.1748],[-76.981,45.1658],[-76.9695,45.1445],[-77.0794,45.115],[-77.1396,45.0988],[-77.1583,45.1328],[-77.1673,45.1503],[-77.1765,45.1673],[-77.1859,45.184],[-77.2013,45.2131],[-77.2133,45.2355],[-77.2618,45.2224],[-77.2864,45.2159],[-77.3102,45.2092],[-77.3629,45.1945],[-77.3774,45.1906],[-77.4721,45.1633],[-77.4962,45.1566],[-77.5202,45.1502],[-77.5447,45.144],[-77.5637,45.1791],[-77.5913,45.2304],[-77.6052,45.2561],[-77.6124,45.2693],[-77.619,45.2816],[-77.6355,45.3121],[-77.6236,45.3154],[-77.6328,45.3327],[-77.6516,45.3672],[-77.6654,45.393],[-77.6702,45.4015],[-77.6899,45.4381],[-77.7097,45.4327],[-77.7094,45.4317],[-77.7447,45.4228],[-77.7799,45.4136],[-77.8102,45.4054],[-77.8682,45.3898],[-77.916,45.3771],[-77.9683,45.3627],[-78.0068,45.3529],[-78.0313,45.3469],[-78.0504,45.3419],[-78.0728,45.336],[-78.0873,45.3323],[-78.0957,45.3305],[-78.1172,45.325],[-78.1413,45.3192],[-78.1776,45.3104],[-78.192,45.3367],[-78.2161,45.3816],[-78.2214,45.3917],[-78.2437,45.4329],[-78.2505,45.4457],[-78.2706,45.4829],[-78.309,45.5559],[-78.312,45.5615],[-78.2481,45.5783],[-78.291,45.6565],[-78.3136,45.6976],[-78.3557,45.773],[-78.3801,45.8165],[-78.3827,45.8158],[-78.4006,45.8503],[-78.4097,45.8675],[-78.4186,45.8847],[-78.4365,45.9192],[-78.445,45.9351],[-78.6173,45.8907],[-78.658,45.964],[-78.6812,46.0057],[-78.5778,46.034],[-78.5041,46.0541],[-78.5118,46.0718],[-78.4403,46.091],[-78.4355,46.0927],[-78.4123,46.0988],[-78.369,46.111],[-78.3516,46.1157],[-78.329,46.1217],[-78.3759,46.2063],[-78.4131,46.2733],[-78.398,46.2732],[-78.3981,46.2821],[-78.4054,46.2942],[-78.3884,46.2917],[-78.3794,46.2881],[-78.3687,46.2818],[-78.3508,46.2701],[-78.3469,46.2672],[-78.3419,46.2644],[-78.3361,46.2623],[-78.3289,46.2603],[-78.3128,46.2541],[-78.31,46.2537],[-78.3041,46.2552],[-78.2992,46.2559],[-78.2927,46.2577],[-78.2855,46.2614],[-78.2805,46.2646],[-78.2761,46.2661],[-78.2737,46.2684],[-78.2673,46.2702],[-78.2598,46.2743],[-78.2567,46.2753],[-78.2503,46.2758],[-78.238,46.2748],[-78.2335,46.2741],[-78.2236,46.2712],[-78.2153,46.2699],[-78.2123,46.27],[-78.2042,46.2709],[-78.1993,46.2734],[-78.1973,46.274],[-78.1887,46.2751],[-78.1791,46.2759],[-78.1744,46.2759],[-78.1692,46.2755],[-78.1628,46.2742],[-78.1571,46.2738],[-78.1545,46.274],[-78.1443,46.2761],[-78.131,46.2736],[-78.1275,46.2721],[-78.1237,46.2691],[-78.1193,46.265],[-78.1167,46.2634],[-78.1092,46.2614],[-78.1003,46.2583],[-78.093,46.257],[-78.0853,46.2547],[-78.0818,46.253],[-78.0775,46.2516],[-78.0717,46.2486],[-78.0662,46.2466],[-78.0546,46.2449],[-78.0477,46.2425],[-78.0436,46.2417],[-78.041,46.2418],[-78.0362,46.2437],[-78.0298,46.245],[-78.0223,46.247],[-78.0169,46.2471],[-78.0107,46.2477],[-78.0026,46.2478],[-77.9948,46.2487],[-77.9873,46.2464],[-77.9816,46.246],[-77.9789,46.245],[-77.973,46.2414],[-77.9608,46.237],[-77.9519,46.2346],[-77.9479,46.2325],[-77.9322,46.226],[-77.9272,46.2236],[-77.9245,46.2231],[-77.9163,46.2228],[-77.9061,46.2218],[-77.8809,46.2164],[-77.8633,46.2094],[-77.8502,46.208],[-77.8451,46.2083],[-77.828,46.2056],[-77.8161,46.2035],[-77.8052,46.2008],[-77.7956,46.1976],[-77.7839,46.1959],[-77.7639,46.1949],[-77.7592,46.195],[-77.7478,46.1942],[-77.7404,46.194],[-77.732,46.1942],[-77.724,46.1934],[-77.7185,46.1925],[-77.7067,46.1879],[-77.7014,46.1848],[-77.6978,46.1832],[-77.6939,46.1826],[-77.6909,46.1834],[-77.6881,46.1853],[-77.6838,46.1914],[-77.6835,46.1935],[-77.6804,46.1986],[-77.6778,46.1991],[-77.666,46.1958],[-77.6619,46.1939],[-77.6491,46.187],[-77.6424,46.1846],[-77.6378,46.1824],[-77.63,46.1777],[-77.6253,46.1756],[-77.6192,46.1744],[-77.6088,46.1745],[-77.6044,46.1729],[-77.5951,46.1684],[-77.5938,46.1669],[-77.5802,46.1649],[-77.57,46.1629],[-77.565,46.1609],[-77.5574,46.1565],[-77.5471,46.1502],[-77.5242,46.1366],[-77.51,46.1283],[-77.4979,46.1214],[-77.4918,46.1184],[-77.4652,46.106],[-77.4323,46.0902],[-77.4296,46.0888],[-77.3989,46.0739],[-77.3918,46.0698],[-77.381,46.0666],[-77.3749,46.0638],[-77.3704,46.062],[-77.3622,46.0598],[-77.3566,46.0573],[-77.3471,46.0509],[-77.3356,46.0438],[-77.33,46.0396],[-77.3209,46.032],[-77.3137,46.0276],[-77.3096,46.0256],[-77.3033,46.0236],[-77.2938,46.0211],[-77.2875,46.0192],[-77.2803,46.0158],[-77.2781,46.014],[-77.2764,46.0106],[-77.2769,46.007],[-77.2827,45.9957],[-77.2854,45.9877],[-77.2858,45.9836],[-77.2855,45.9777],[-77.2842,45.9708],[-77.2825,45.9662],[-77.2797,45.9607],[-77.2784,45.9561],[-77.2776,45.9514],[-77.2753,45.9469],[-77.2722,45.943],[-77.2678,45.9392],[-77.2609,45.9341],[-77.2558,45.9309],[-77.2503,45.9282],[-77.2409,45.9244],[-77.2371,45.9221],[-77.2356,45.9201],[-77.2357,45.9155],[-77.2351,45.9134],[-77.2302,45.9088],[-77.2236,45.902],[-77.2211,45.899],[-77.2157,45.8914],[-77.2119,45.8881],[-77.2049,45.88],[-77.1993,45.8725],[-77.1954,45.8684],[-77.1921,45.8657],[-77.1893,45.8642],[-77.1846,45.8633],[-77.1754,45.8609],[-77.1685,45.8603],[-77.165,45.8594],[-77.1579,45.8566],[-77.1554,45.8552],[-77.1501,45.8533],[-77.1445,45.8508],[-77.136,45.8463],[-77.1286,45.8433],[-77.1108,45.8401],[-77.0975,45.8391],[-77.0909,45.8381],[-77.0763,45.8324],[-77.0717,45.8311],[-77.0678,45.8287],[-77.0604,45.8209],[-77.0543,45.8121],[-77.0516,45.8101],[-77.0465,45.8081],[-77.0422,45.8073],[-77.0347,45.8075],[-77.0265,45.8086],[-77.0205,45.8082],[-77.017,45.807],[-77.0109,45.8041],[-77.0053,45.7999],[-76.9938,45.7897],[-76.9894,45.7875],[-76.9851,45.7866],[-76.9805,45.7864],[-76.9418,45.788],[-76.9378,45.7888],[-76.9303,45.7931],[-76.9224,45.798],[-76.9201,45.7991],[-76.9132,45.8038],[-76.9116,45.8081],[-76.9123,45.811],[-76.9285,45.8466],[-76.9287,45.8482],[-76.9266,45.8497],[-76.9233,45.85],[-76.9192,45.8496],[-76.9117,45.8478],[-76.9081,45.8473],[-76.9025,45.8493],[-76.901,45.8508],[-76.9026,45.8532],[-76.903,45.8565],[-76.907,45.8583],[-76.9089,45.8619],[-76.9118,45.8641],[-76.9183,45.8667],[-76.9213,45.869],[-76.9236,45.8722],[-76.9234,45.8762],[-76.9263,45.8816],[-76.9267,45.8844],[-76.9304,45.8881],[-76.9302,45.8908],[-76.9277,45.8933],[-76.9254,45.8943],[-76.919,45.8958],[-76.9105,45.8966],[-76.8946,45.8986],[-76.8908,45.8985],[-76.8862,45.8974],[-76.8767,45.8935],[-76.8722,45.8926],[-76.8668,45.8923],[-76.8556,45.8942],[-76.8517,45.8946],[-76.8469,45.8938],[-76.8036,45.8765],[-76.8003,45.876],[-76.7887,45.8752],[-76.7841,45.8745],[-76.781,45.8732],[-76.778,45.8711],[-76.776,45.8662],[-76.7754,45.862],[-76.774,45.8594],[-76.7705,45.8559],[-76.7675,45.8539],[-76.7647,45.851],[-76.766,45.8457],[-76.7666,45.8414],[-76.7692,45.8357],[-76.7701,45.8297],[-76.7691,45.8235],[-76.7658,45.811],[-76.7673,45.8064],[-76.7694,45.8022],[-76.771,45.8001],[-76.7742,45.7974],[-76.7763,45.7947],[-76.7797,45.7889],[-76.7814,45.7853],[-76.7792,45.7802],[-76.7761,45.7767],[-76.7744,45.7718],[-76.7739,45.7675],[-76.7717,45.7624],[-76.7705,45.7581],[-76.7683,45.7561],[-76.768,45.7547],[-76.7708,45.7509],[-76.7704,45.749],[-76.7664,45.7477],[-76.7662,45.7447],[-76.7696,45.7409],[-76.7687,45.7341],[-76.7635,45.7308],[-76.757,45.7277],[-76.7536,45.7258],[-76.7489,45.7242],[-76.7363,45.7232],[-76.7325,45.7223],[-76.7284,45.7205],[-76.7208,45.7192],[-76.7185,45.7194],[-76.7126,45.7214],[-76.7097,45.7219],[-76.7048,45.7218],[-76.7036,45.7208],[-76.7039,45.7175],[-76.7012,45.7143],[-76.6954,45.7113],[-76.6928,45.7104],[-76.6918,45.7091],[-76.6935,45.7058],[-76.6958,45.7033],[-76.6955,45.7009],[-76.6926,45.696],[-76.6864,45.6885],[-76.6865,45.6867],[-76.6887,45.6813],[-76.6912,45.6785],[-76.6975,45.6781],[-76.7024,45.6771],[-76.7041,45.6761],[-76.7105,45.6698],[-76.7123,45.6669],[-76.7129,45.664],[-76.7123,45.6623],[-76.7038,45.6556],[-76.6953,45.6494],[-76.6886,45.6438],[-76.6846,45.6372],[-76.6809,45.6333],[-76.6766,45.6305],[-76.6719,45.6266],[-76.6702,45.6247],[-76.6697,45.6224],[-76.6702,45.6189],[-76.6727,45.6109],[-76.6729,45.6062],[-76.6715,45.6017],[-76.6718,45.597],[-76.6743,45.5904],[-76.6751,45.5865],[-76.6742,45.5837],[-76.672,45.5809],[-76.6711,45.5784],[-76.665,45.5696],[-76.6594,45.5598],[-76.6571,45.5581],[-76.6521,45.5563],[-76.6475,45.5536],[-76.6415,45.5509],[-76.6381,45.5479],[-76.6343,45.5456],[-76.6272,45.5422],[-76.6223,45.5403],[-76.6124,45.5346],[-76.6074,45.5321],[-76.5969,45.531],[-76.5759,45.528],[-76.549,45.5232],[-76.5313,45.5189],[-76.519,45.517],[-76.5108,45.5169],[-76.5026,45.5179],[-76.4989,45.5172],[-76.4942,45.5141],[-76.4824,45.5059],[-76.4777,45.5036],[-76.4742,45.5026],[-76.4636,45.5023],[-76.4599,45.5019],[-76.453,45.5002],[-76.4431,45.4966],[-76.4319,45.4917],[-76.4187,45.4846],[-76.4097,45.4781],[-76.3982,45.4706],[-76.389,45.4663],[-76.3785,45.4622],[-76.3682,45.4589],[-76.3641,45.458],[-76.3579,45.4571],[-76.3515,45.457],[-76.3257,45.4568],[-76.3199,45.4571],[-76.3128,45.4583],[-76.3002,45.4634]]]},"properties":{"id":88,"name":"Renfrew—Nipissing—Pembroke"}},{"type":"Feature","geometry":{"type":"Polygon","coordinates":[[[-79.7129,44.166],[-79.7174,44.165],[-79.7204,44.1772],[-79.7199,44.1773],[-79.7219,44.1855],[-79.7212,44.1857],[-79.724,44.1962],[-79.71,44.1992],[-79.7043,44.2007],[-79.7201,44.2634],[-79.7128,44.265],[-79.7159,44.2769],[-79.7232,44.2753],[-79.7307,44.3044],[-79.7394,44.3384],[-79.7454,44.3611],[-79.7456,44.3621],[-79.735,44.3645],[-79.7319,44.3659],[-79.7304,44.3656],[-79.6972,44.3731],[-79.6887,44.375],[-79.5896,44.3936],[-79.5091,44.4086],[-79.5098,44.347],[-79.5104,44.2976],[-79.5114,44.2132],[-79.5142,44.2064],[-79.5197,44.2067],[-79.5219,44.2082],[-79.569,44.1975],[-79.577,44.1955],[-79.614,44.1873],[-79.6445,44.1805],[-79.6737,44.1743],[-79.6851,44.1718],[-79.6889,44.1712],[-79.7129,44.166]]]},"properties":{"id":4,"name":"Barrie—Innisfil"}},{"type":"Feature","geometry":{"type":"Polygon","coordinates":[[[-79.5636,43.627],[-79.5636,43.6248],[-79.5652,43.6246],[-79.5667,43.621],[-79.5664,43.6183],[-79.5676,43.6171],[-79.5683,43.6144],[-79.5649,43.6135],[-79.5641,43.6124],[-79.5671,43.6107],[-79.5673,43.6097],[-79.5768,43.6013],[-79.5791,43.5998],[-79.5937,43.5872],[-79.595,43.5851],[-79.613,43.5694],[-79.6226,43.5609],[-79.6248,43.5624],[-79.63,43.5639],[-79.6329,43.566],[-79.646,43.5751],[-79.6389,43.5806],[-79.638,43.582],[-79.6308,43.5873],[-79.6291,43.5893],[-79.6219,43.5937],[-79.6211,43.597],[-79.6222,43.5983],[-79.6294,43.6035],[-79.6324,43.605],[-79.6368,43.608],[-79.6324,43.6127],[-79.6318,43.6156],[-79.6337,43.6195],[-79.6363,43.6217],[-79.6108,43.6449],[-79.6088,43.6465],[-79.6076,43.6448],[-79.6031,43.6447],[-79.5985,43.6431],[-79.5956,43.6432],[-79.592,43.6446],[-79.5886,43.6427],[-79.5882,43.6413],[-79.5853,43.6374],[-79.5859,43.6355],[-79.5851,43.6314],[-79.5852,43.6287],[-79.5797,43.6269],[-79.5745,43.6256],[-79.5674,43.628],[-79.5646,43.6282],[-79.5636,43.627]]]},"properties":{"id":61,"name":"Mississauga East—Cooksville"}},{"type":"Feature","geometry":{"type":"Polygon","coordinates":[[[-79.1923,43.1453],[-79.1945,43.1441],[-79.213,43.1374],[-79.2143,43.1364],[-79.2181,43.1356],[-79.2271,43.1322],[-79.2285,43.1321],[-79.2329,43.1338],[-79.2427,43.1349],[-79.2478,43.1338],[-79.2487,43.135],[-79.2475,43.1364],[-79.247,43.1395],[-79.2445,43.1409],[-79.2457,43.144],[-79.2438,43.1488],[-79.2445,43.1515],[-79.2505,43.1484],[-79.2599,43.145],[-79.2627,43.1438],[-79.2758,43.1424],[-79.2763,43.1571],[-79.2783,43.1578],[-79.2808,43.1597],[-79.2815,43.1615],[-79.2813,43.166],[-79.285,43.173],[-79.2853,43.1777],[-79.2877,43.1779],[-79.2886,43.1958],[-79.2886,43.1976],[-79.2887,43.2082],[-79.2885,43.216],[-79.2901,43.2478],[-79.204,43.2465],[-79.2026,43.23],[-79.2014,43.2085],[-79.2005,43.1912],[-79.1985,43.1885],[-79.1973,43.1852],[-79.1964,43.181],[-79.1958,43.1751],[-79.1961,43.1733],[-79.1949,43.1658],[-79.1943,43.1602],[-79.1931,43.1541],[-79.1923,43.1453]]]},"properties":{"id":90,"name":"St. Catharines"}},{"type":"Feature","geometry":{"type":"Polygon","coordinates":[[[-75.434,45.3281],[-75.4259,45.3125],[-75.4116,45.2834],[-75.4025,45.2654],[-75.3794,45.2248],[-75.3674,45.2045],[-75.3644,45.1995],[-75.3532,45.1821],[-75.3803,45.1709],[-75.4206,45.1538],[-75.4276,45.1506],[-75.4374,45.1468],[-75.4501,45.1422],[-75.4744,45.1336],[-75.4954,45.1269],[-75.5177,45.1175],[-75.5404,45.1083],[-75.5625,45.099],[-75.5949,45.0844],[-75.6025,45.0928],[-75.6077,45.099],[-75.62,45.1149],[-75.624,45.1205],[-75.6283,45.1256],[-75.6281,45.121],[-75.624,45.1156],[-75.6218,45.1111],[-75.6194,45.1077],[-75.6188,45.103],[-75.6211,45.0979],[-75.6239,45.0951],[-75.6312,45.0911],[-75.6348,45.0895],[-75.6375,45.0866],[-75.6379,45.0832],[-75.6395,45.0799],[-75.6396,45.0735],[-75.6436,45.0672],[-75.6488,45.0642],[-75.6536,45.0609],[-75.6655,45.0569],[-75.6708,45.0554],[-75.6747,45.053],[-75.6773,45.0508],[-75.6802,45.0472],[-75.6898,45.0471],[-75.6914,45.0427],[-75.6936,45.0402],[-75.6978,45.0368],[-75.6974,45.0333],[-75.7002,45.029],[-75.703,45.0266],[-75.7082,45.0237],[-75.7145,45.0221],[-75.7183,45.0201],[-75.7243,45.0198],[-75.7301,45.0167],[-75.7339,45.0131],[-75.7388,45.0119],[-75.7485,45.0082],[-75.7517,45.0051],[-75.7578,45.0022],[-75.7588,45.0005],[-75.7632,44.999],[-75.7651,44.9969],[-75.765,44.9942],[-75.7687,44.9903],[-75.7801,44.986],[-75.7856,44.9833],[-75.7889,44.9827],[-75.7961,44.9828],[-75.7992,44.982],[-75.8002,44.9806],[-75.8053,44.9799],[-75.81,44.9766],[-75.813,44.9737],[-75.8125,44.9725],[-75.8135,44.9694],[-75.8156,44.9685],[-75.8205,44.9677],[-75.8211,44.9664],[-75.8193,44.9645],[-75.8195,44.9618],[-75.826,44.9673],[-75.839,44.978],[-75.87,45.002],[-75.8924,45.0211],[-75.9001,45.028],[-75.916,45.041],[-75.9252,45.0493],[-75.9318,45.0549],[-75.9531,45.0723],[-75.9408,45.0799],[-75.9608,45.0971],[-75.9866,45.1186],[-76.005,45.1337],[-76.0418,45.1643],[-76.0505,45.1715],[-76.0483,45.1743],[-76.047,45.1776],[-76.045,45.1951],[-76.0434,45.1996],[-76.0415,45.2019],[-76.0386,45.2042],[-76.0147,45.2193],[-75.991,45.2323],[-75.9738,45.2436],[-75.9704,45.2481],[-75.97,45.2524],[-75.9739,45.2697],[-75.9737,45.2718],[-75.9682,45.2738],[-75.931,45.2974],[-75.9204,45.2889],[-75.91,45.2953],[-75.9069,45.2942],[-75.8999,45.2906],[-75.8934,45.2888],[-75.891,45.2874],[-75.8895,45.2883],[-75.877,45.2778],[-75.8698,45.275],[-75.8634,45.2701],[-75.8605,45.2694],[-75.8579,45.2697],[-75.8508,45.2563],[-75.8439,45.2435],[-75.8393,45.2344],[-75.8186,45.1976],[-75.8093,45.1804],[-75.7881,45.1888],[-75.7347,45.2107],[-75.6897,45.2285],[-75.6917,45.2309],[-75.6951,45.2325],[-75.6995,45.2354],[-75.7017,45.2386],[-75.7031,45.2419],[-75.7028,45.2469],[-75.7052,45.2486],[-75.7061,45.2505],[-75.7059,45.2561],[-75.7052,45.2569],[-75.7064,45.2604],[-75.7051,45.2656],[-75.7055,45.2687],[-75.7025,45.2698],[-75.7009,45.2738],[-75.7022,45.2764],[-75.701,45.2796],[-75.6981,45.282],[-75.6968,45.2868],[-75.6998,45.294],[-75.6973,45.3047],[-75.6952,45.3079],[-75.698,45.3141],[-75.6985,45.3163],[-75.6962,45.3193],[-75.6962,45.3211],[-75.6982,45.3237],[-75.6997,45.3294],[-75.6962,45.3343],[-75.6932,45.3347],[-75.6938,45.3304],[-75.6934,45.3291],[-75.6899,45.3249],[-75.6867,45.3158],[-75.6769,45.2979],[-75.6541,45.3073],[-75.6461,45.3111],[-75.6333,45.3162],[-75.6439,45.3339],[-75.6368,45.3361],[-75.6348,45.3372],[-75.6093,45.3477],[-75.6196,45.3651],[-75.5968,45.3743],[-75.58,45.3815],[-75.5738,45.376],[-75.571,45.3746],[-75.566,45.3739],[-75.5675,45.3702],[-75.5403,45.3224],[-75.5266,45.2982],[-75.5033,45.3078],[-75.4665,45.3229],[-75.4376,45.3345],[-75.434,45.3281]]]},"properties":{"id":17,"name":"Carleton"}},{"type":"Feature","geometry":{"type":"Polygon","coordinates":[[[-79.2886,43.1976],[-79.2886,43.1958],[-79.2877,43.1779],[-79.2853,43.1777],[-79.285,43.173],[-79.2813,43.166],[-79.2815,43.1615],[-79.2808,43.1597],[-79.2783,43.1578],[-79.2763,43.1571],[-79.2758,43.1424],[-79.2746,43.1088],[-79.2872,43.1086],[-79.2868,43.0964],[-79.2867,43.0872],[-79.2864,43.0821],[-79.2857,43.0589],[-79.2817,43.054],[-79.2794,43.0528],[-79.2751,43.0521],[-79.2721,43.0525],[-79.2679,43.0541],[-79.2675,43.0406],[-79.2674,43.0267],[-79.2801,43.0268],[-79.2803,43.0175],[-79.2905,43.0174],[-79.2906,43.0067],[-79.2901,43.0067],[-79.29,42.9976],[-79.2906,42.9976],[-79.2906,42.9666],[-79.2856,42.9703],[-79.2817,42.972],[-79.2812,42.9324],[-79.2802,42.8719],[-79.28,42.8402],[-79.2794,42.8106],[-79.2791,42.7746],[-79.2786,42.7527],[-79.283,42.7507],[-79.331,42.7522],[-79.4196,42.8552],[-79.4478,42.888],[-79.4577,42.8993],[-79.4642,42.907],[-79.4806,42.9269],[-79.4881,42.9363],[-79.5071,42.9595],[-79.5115,42.9647],[-79.5364,42.9733],[-79.5614,42.9817],[-79.5764,42.9872],[-79.6181,43.0019],[-79.6645,43.0189],[-79.7073,43.0341],[-79.7098,43.035],[-79.7541,43.0505],[-79.7514,43.0563],[-79.7417,43.08],[-79.7239,43.1224],[-79.7098,43.1558],[-79.6917,43.1518],[-79.6833,43.1498],[-79.6583,43.144],[-79.6497,43.163],[-79.6356,43.1953],[-79.6316,43.2046],[-79.6203,43.2301],[-79.6188,43.2334],[-79.5793,43.2102],[-79.5514,43.2098],[-79.523,43.2003],[-79.5133,43.2003],[-79.5133,43.1985],[-79.4736,43.1988],[-79.4574,43.199],[-79.4368,43.1994],[-79.4094,43.1996],[-79.3854,43.1925],[-79.3621,43.1839],[-79.3432,43.1822],[-79.3254,43.1835],[-79.3178,43.185],[-79.3128,43.1867],[-79.3065,43.1895],[-79.2943,43.1963],[-79.2886,43.1976]]]},"properties":{"id":70,"name":"Niagara West"}},{"type":"Feature","geometry":{"type":"Polygon","coordinates":[[[-79.8662,43.2887],[-79.87,43.2798],[-79.8896,43.2798],[-79.8923,43.2795],[-79.893,43.2761],[-79.8926,43.2705],[-79.8933,43.2629],[-79.8942,43.2605],[-79.8967,43.2592],[-79.9014,43.2581],[-79.9083,43.255],[-79.9121,43.2541],[-79.9152,43.2523],[-79.9171,43.2501],[-79.9212,43.248],[-79.9318,43.2465],[-79.9317,43.2456],[-79.9192,43.2459],[-79.9142,43.2453],[-79.911,43.2455],[-79.8997,43.2445],[-79.8956,43.245],[-79.8908,43.2435],[-79.8878,43.2441],[-79.8857,43.2435],[-79.8825,43.2449],[-79.8788,43.2452],[-79.8806,43.2438],[-79.8906,43.22],[-79.9051,43.2236],[-79.9123,43.2071],[-79.9255,43.2102],[-79.9289,43.2103],[-79.9286,43.208],[-79.9301,43.2045],[-79.9314,43.2047],[-79.9381,43.2029],[-79.9557,43.1973],[-79.9629,43.1957],[-80.0246,43.1854],[-80.0386,43.183],[-80.0404,43.1887],[-80.0417,43.191],[-80.0464,43.2065],[-80.0471,43.2099],[-80.0474,43.2155],[-80.0492,43.2218],[-80.0509,43.2239],[-80.0545,43.2264],[-80.0558,43.2279],[-80.0559,43.23],[-80.0541,43.2332],[-80.0538,43.2353],[-80.0566,43.2449],[-80.053,43.2452],[-80.0432,43.2469],[-80.041,43.2476],[-80.0279,43.2532],[-80.0232,43.2549],[-79.9744,43.2728],[-79.9707,43.2734],[-79.9643,43.2733],[-79.9543,43.2748],[-79.9511,43.2755],[-79.9421,43.279],[-79.9335,43.2845],[-79.9314,43.2856],[-79.927,43.2864],[-79.9166,43.286],[-79.9135,43.2861],[-79.9005,43.2882],[-79.897,43.2882],[-79.8955,43.2906],[-79.8917,43.2933],[-79.8874,43.2902],[-79.8859,43.2878],[-79.8836,43.2882],[-79.8771,43.2879],[-79.8749,43.2863],[-79.8718,43.2875],[-79.8681,43.2865],[-79.8662,43.2887]]]},"properties":{"id":39,"name":"Hamilton West—Ancaster—Dundas"}},{"type":"Feature","geometry":{"type":"Polygon","coordinates":[[[-79.3796,43.8833],[-79.3904,43.8809],[-79.4005,43.8783],[-79.4032,43.8841],[-79.4072,43.8863],[-79.4083,43.8892],[-79.4118,43.8892],[-79.4161,43.8912],[-79.4192,43.8912],[-79.4198,43.8936],[-79.4225,43.8937],[-79.4437,43.8891],[-79.4674,43.8841],[-79.4691,43.8919],[-79.4709,43.8987],[-79.4753,43.917],[-79.4776,43.9236],[-79.4814,43.9389],[-79.4854,43.9569],[-79.4875,43.9647],[-79.492,43.9845],[-79.4943,43.994],[-79.4845,43.996],[-79.4453,44.0046],[-79.4431,44.0053],[-79.4202,44.0104],[-79.4065,44.0138],[-79.4051,44.0077],[-79.4025,44.0035],[-79.3976,43.9985],[-79.3957,43.9938],[-79.3944,43.9848],[-79.3926,43.9777],[-79.3923,43.9737],[-79.3931,43.9677],[-79.3925,43.9544],[-79.3918,43.9494],[-79.3896,43.9408],[-79.3892,43.9378],[-79.3903,43.9288],[-79.3896,43.923],[-79.3871,43.9138],[-79.3796,43.8833]]]},"properties":{"id":3,"name":"Aurora—Oak Ridges—Richmond Hill"}},{"type":"Feature","geometry":{"type":"Polygon","coordinates":[[[-79.6329,43.566],[-79.6485,43.5523],[-79.6505,43.5479],[-79.6541,43.5452],[-79.6581,43.5432],[-79.6582,43.5448],[-79.6556,43.5475],[-79.6553,43.5496],[-79.6579,43.552],[-79.6612,43.5531],[-79.6641,43.556],[-79.6676,43.5557],[-79.6688,43.5575],[-79.6739,43.5619],[-79.6775,43.5617],[-79.6797,43.5628],[-79.6838,43.5616],[-79.6849,43.5631],[-79.6831,43.5646],[-79.6837,43.5657],[-79.688,43.5669],[-79.6905,43.5666],[-79.6913,43.569],[-79.6935,43.5706],[-79.6879,43.5752],[-79.6852,43.5779],[-79.6972,43.5868],[-79.6939,43.5893],[-79.6908,43.5903],[-79.6818,43.5984],[-79.6798,43.5995],[-79.6735,43.6012],[-79.6702,43.6041],[-79.6695,43.6059],[-79.6654,43.6046],[-79.6603,43.6044],[-79.6577,43.6025],[-79.6529,43.6068],[-79.6445,43.6008],[-79.6368,43.608],[-79.6324,43.605],[-79.6294,43.6035],[-79.6222,43.5983],[-79.6211,43.597],[-79.6219,43.5937],[-79.6291,43.5893],[-79.6308,43.5873],[-79.638,43.582],[-79.6389,43.5806],[-79.646,43.5751],[-79.6329,43.566]]]},"properties":{"id":60,"name":"Mississauga Centre"}},{"type":"Feature","geometry":{"type":"Polygon","coordinates":[[[-79.523,43.5603],[-79.54,43.5451],[-79.5412,43.5437],[-79.553,43.5329],[-79.5565,43.5299],[-79.5771,43.5109],[-79.6162,43.4749],[-79.6454,43.4963],[-79.6817,43.5228],[-79.6662,43.5369],[-79.6601,43.5422],[-79.6581,43.5432],[-79.6541,43.5452],[-79.6505,43.5479],[-79.6485,43.5523],[-79.6329,43.566],[-79.63,43.5639],[-79.6248,43.5624],[-79.6226,43.5609],[-79.613,43.5694],[-79.595,43.5851],[-79.5937,43.5872],[-79.5791,43.5998],[-79.5768,43.6013],[-79.5673,43.6097],[-79.5605,43.6057],[-79.5561,43.6022],[-79.5559,43.6],[-79.5536,43.598],[-79.5538,43.5959],[-79.5488,43.5951],[-79.5495,43.5924],[-79.5492,43.5904],[-79.5465,43.5888],[-79.5478,43.5873],[-79.5445,43.5854],[-79.5439,43.5814],[-79.523,43.5603]]]},"properties":{"id":63,"name":"Mississauga—Lakeshore"}},{"type":"Feature","geometry":{"type":"Polygon","coordinates":[[[-75.9054,45.4098],[-75.9458,45.384],[-75.905,45.352],[-75.9042,45.3512],[-75.8994,45.3426],[-75.886,45.3206],[-75.8768,45.3041],[-75.8599,45.311],[-75.8325,45.3014],[-75.838,45.2843],[-75.8377,45.2816],[-75.8353,45.2774],[-75.8524,45.2706],[-75.8579,45.2697],[-75.8605,45.2694],[-75.8634,45.2701],[-75.8698,45.275],[-75.877,45.2778],[-75.8895,45.2883],[-75.891,45.2874],[-75.8934,45.2888],[-75.8999,45.2906],[-75.9069,45.2942],[-75.91,45.2953],[-75.9204,45.2889],[-75.931,45.2974],[-75.9682,45.2738],[-75.9737,45.2718],[-75.9739,45.2697],[-75.97,45.2524],[-75.9704,45.2481],[-75.9738,45.2436],[-75.991,45.2323],[-76.0147,45.2193],[-76.0386,45.2042],[-76.0415,45.2019],[-76.0434,45.1996],[-76.045,45.1951],[-76.047,45.1776],[-76.0483,45.1743],[-76.0505,45.1715],[-76.0673,45.1854],[-76.0801,45.1958],[-76.0903,45.2041],[-76.1061,45.2165],[-76.1109,45.2207],[-76.1273,45.2338],[-76.1478,45.2503],[-76.1627,45.2632],[-76.1919,45.2877],[-76.2106,45.3031],[-76.2144,45.3008],[-76.2308,45.3138],[-76.2414,45.3219],[-76.252,45.3301],[-76.2683,45.3424],[-76.3054,45.3708],[-76.3159,45.379],[-76.3556,45.4094],[-76.3523,45.4118],[-76.3386,45.4206],[-76.3,45.4452],[-76.3002,45.4634],[-76.2971,45.4649],[-76.2936,45.4659],[-76.2794,45.4661],[-76.2748,45.4651],[-76.2685,45.4673],[-76.2666,45.4674],[-76.2412,45.4674],[-76.2387,45.4691],[-76.2369,45.5069],[-76.2326,45.5105],[-76.2296,45.5117],[-76.226,45.5119],[-76.2102,45.5161],[-76.2013,45.5175],[-76.1947,45.518],[-76.1874,45.5179],[-76.1629,45.5154],[-76.1567,45.5154],[-76.1493,45.5162],[-76.1452,45.518],[-76.1383,45.5191],[-76.1293,45.5185],[-76.1251,45.5185],[-76.1047,45.5213],[-76.0975,45.5209],[-76.0907,45.5191],[-76.0818,45.516],[-76.0706,45.5098],[-76.0654,45.5058],[-76.0514,45.4998],[-76.0433,45.4968],[-76.0319,45.4931],[-76.0262,45.491],[-76.0232,45.4895],[-76.0173,45.4884],[-76.0117,45.4856],[-76.008,45.4844],[-76.0001,45.4834],[-75.9917,45.481],[-75.9819,45.4768],[-75.9672,45.4696],[-75.9558,45.4629],[-75.9515,45.4594],[-75.9472,45.4544],[-75.9429,45.4478],[-75.9364,45.44],[-75.9319,45.4338],[-75.925,45.4263],[-75.9154,45.4163],[-75.9054,45.4098]]]},"properties":{"id":43,"name":"Kanata—Carleton"}},{"type":"Feature","geometry":{"type":"Polygon","coordinates":[[[-79.4114,43.7517],[-79.4151,43.7491],[-79.4176,43.7462],[-79.4267,43.7403],[-79.4399,43.7325],[-79.4437,43.7311],[-79.4725,43.7249],[-79.4908,43.7204],[-79.5021,43.7184],[-79.5078,43.7177],[-79.5132,43.7394],[-79.5104,43.7395],[-79.4969,43.7425],[-79.4978,43.7458],[-79.5021,43.7473],[-79.5047,43.7492],[-79.4975,43.7505],[-79.4949,43.7522],[-79.4917,43.753],[-79.4882,43.752],[-79.4945,43.7777],[-79.4944,43.7816],[-79.4701,43.7873],[-79.4632,43.7886],[-79.4457,43.7924],[-79.4454,43.7906],[-79.4466,43.7883],[-79.44,43.7615],[-79.4377,43.7606],[-79.4336,43.7575],[-79.4302,43.7574],[-79.4282,43.7542],[-79.4237,43.7517],[-79.4225,43.7497],[-79.4178,43.7497],[-79.4142,43.7516],[-79.4114,43.7517]]]},"properties":{"id":120,"name":"York Centre"}},{"type":"Feature","geometry":{"type":"Polygon","coordinates":[[[-77.6462,44.2722],[-77.6508,44.2711],[-77.6431,44.2563],[-77.6393,44.2482],[-77.6419,44.2486],[-77.6471,44.2512],[-77.6489,44.2548],[-77.6514,44.2563],[-77.6568,44.2575],[-77.6619,44.2572],[-77.6722,44.2587],[-77.6762,44.262],[-77.6786,44.2635],[-77.6822,44.264],[-77.6858,44.2628],[-77.6898,44.2595],[-77.6942,44.2584],[-77.7006,44.2585],[-77.7109,44.2607],[-77.7128,44.2601],[-77.7145,44.258],[-77.7117,44.2524],[-77.7221,44.2497],[-77.7228,44.2463],[-77.7283,44.2418],[-77.7339,44.2393],[-77.7386,44.236],[-77.7439,44.2353],[-77.7524,44.2357],[-77.7549,44.2364],[-77.7446,44.2151],[-77.7437,44.2154],[-77.735,44.1971],[-77.7348,44.1972],[-77.7269,44.1807],[-77.7287,44.1803],[-77.7205,44.1636],[-77.7115,44.146],[-77.7118,44.1459],[-77.7033,44.1288],[-77.7031,44.1289],[-77.6943,44.1111],[-77.6939,44.1112],[-77.6849,44.0922],[-77.6888,44.0913],[-77.6806,44.0743],[-77.6811,44.0742],[-77.6727,44.0567],[-77.6642,44.0381],[-77.6616,44.0386],[-77.6539,44.0217],[-77.6411,43.9928],[-77.754,43.9636],[-77.7568,43.9628],[-77.776,44.0089],[-77.783,44.0084],[-77.7875,44.0069],[-77.7912,44.0049],[-77.7969,44.0029],[-77.8013,44.0027],[-77.8093,44.0041],[-77.8172,44.0038],[-77.8283,44.0017],[-77.8322,43.9996],[-77.8391,43.9981],[-77.8405,43.9974],[-77.8421,43.9946],[-77.8475,43.9935],[-77.8509,43.9935],[-77.856,43.9925],[-77.8617,43.9907],[-77.8649,43.9887],[-77.8673,43.9863],[-77.8665,43.9836],[-77.873,43.9812],[-77.876,43.9792],[-77.878,43.9765],[-77.8819,43.9779],[-77.8849,43.9782],[-77.8901,43.9796],[-77.894,43.9799],[-77.8985,43.9808],[-77.9031,43.9798],[-77.9082,43.9774],[-77.9165,43.9764],[-77.9214,43.9751],[-77.9227,43.9739],[-77.9292,43.9725],[-77.932,43.9706],[-77.935,43.9702],[-77.9403,43.9719],[-77.9472,43.9728],[-77.9531,43.9739],[-77.9562,43.974],[-77.9661,43.9771],[-77.9709,43.9776],[-77.9772,43.977],[-77.9843,43.9746],[-77.9897,43.9722],[-77.9934,43.9701],[-77.9982,43.9682],[-78.0012,43.9652],[-78.0032,43.9651],[-78.0066,43.9632],[-78.014,43.9638],[-78.0183,43.965],[-78.0267,43.9669],[-78.0342,43.969],[-78.0437,43.9692],[-78.0478,43.9685],[-78.0516,43.9686],[-78.0555,43.9681],[-78.0632,43.9688],[-78.0671,43.9679],[-78.0714,43.965],[-78.0803,43.9669],[-78.0893,43.9678],[-78.0984,43.9662],[-78.1014,43.9643],[-78.1045,43.9631],[-78.1063,43.9608],[-78.1114,43.9585],[-78.1156,43.9571],[-78.1206,43.9567],[-78.1303,43.9584],[-78.1346,43.9573],[-78.1411,43.9568],[-78.1433,43.9573],[-78.1484,43.9568],[-78.152,43.9554],[-78.1563,43.957],[-78.1613,43.9577],[-78.1641,43.957],[-78.1628,43.9542],[-78.1629,43.9498],[-78.1706,43.9499],[-78.1706,43.954],[-78.1814,43.9542],[-78.1862,43.9555],[-78.1939,43.9558],[-78.1935,43.9548],[-78.2018,43.9543],[-78.2056,43.9531],[-78.2062,43.9539],[-78.2109,43.9517],[-78.2148,43.9507],[-78.217,43.9513],[-78.2262,43.9519],[-78.2304,43.9519],[-78.2335,43.9525],[-78.2395,43.952],[-78.2452,43.9531],[-78.2541,43.9535],[-78.2569,43.9531],[-78.2644,43.9508],[-78.2721,43.9504],[-78.2746,43.9489],[-78.2795,43.9482],[-78.2878,43.9457],[-78.2835,43.9363],[-78.2921,43.9342],[-78.2955,43.9414],[-78.2997,43.9414],[-78.3029,43.9406],[-78.31,43.9404],[-78.3161,43.9394],[-78.332,43.938],[-78.3355,43.9364],[-78.3392,43.9336],[-78.3436,43.932],[-78.3472,43.9314],[-78.3541,43.9313],[-78.3644,43.9303],[-78.3706,43.9301],[-78.374,43.9287],[-78.3779,43.9291],[-78.381,43.9278],[-78.3869,43.9244],[-78.3915,43.9213],[-78.4047,43.9179],[-78.4105,43.9146],[-78.415,43.9133],[-78.4211,43.913],[-78.4272,43.9133],[-78.4362,43.9121],[-78.4465,43.9095],[-78.4518,43.9071],[-78.4556,43.9044],[-78.4631,43.9021],[-78.4662,43.9004],[-78.4818,43.8966],[-78.4887,43.8975],[-78.4909,43.8985],[-78.4966,43.9],[-78.5023,43.9006],[-78.5143,43.8994],[-78.5199,43.8994],[-78.5255,43.8985],[-78.5352,43.8975],[-78.5414,43.8959],[-78.5526,43.8965],[-78.5587,43.8954],[-78.5637,43.8952],[-78.5714,43.8972],[-78.5759,43.8969],[-78.5767,43.8954],[-78.5862,43.8953],[-78.5923,43.8963],[-78.5977,43.8958],[-78.6025,43.8965],[-78.604,43.8972],[-78.608,43.9061],[-78.6188,43.9039],[-78.6229,43.9033],[-78.6345,43.9299],[-78.6425,43.9477],[-78.6544,43.9734],[-78.6817,44.0343],[-78.6927,44.0584],[-78.6646,44.065],[-78.6246,44.0739],[-78.5861,44.0827],[-78.5518,44.0906],[-78.5163,44.0988],[-78.5086,44.0812],[-78.423,44.1009],[-78.4046,44.1054],[-78.3807,44.1115],[-78.3468,44.1199],[-78.3593,44.1442],[-78.3712,44.1686],[-78.3766,44.1808],[-78.3873,44.2044],[-78.3732,44.2075],[-78.3545,44.212],[-78.3512,44.2156],[-78.3511,44.2194],[-78.3455,44.2278],[-78.3452,44.2307],[-78.3431,44.2353],[-78.3364,44.2402],[-78.3365,44.2423],[-78.3381,44.2447],[-78.3381,44.2466],[-78.3368,44.2482],[-78.3358,44.2513],[-78.3398,44.2538],[-78.3398,44.2564],[-78.3348,44.2593],[-78.332,44.2528],[-78.3248,44.2545],[-78.323,44.2558],[-78.3139,44.2581],[-78.3108,44.2623],[-78.3102,44.2638],[-78.3034,44.2655],[-78.3058,44.2707],[-78.29,44.2743],[-78.2912,44.2769],[-78.2825,44.2793],[-78.2856,44.2858],[-78.2834,44.2879],[-78.2774,44.2893],[-78.2787,44.292],[-78.2762,44.2942],[-78.2774,44.2952],[-78.273,44.2962],[-78.2747,44.3017],[-78.2825,44.2997],[-78.2897,44.3153],[-78.2932,44.3223],[-78.2783,44.3258],[-78.2527,44.3321],[-78.2273,44.3379],[-78.1959,44.3455],[-78.1797,44.3496],[-78.1482,44.3573],[-78.1156,44.3656],[-78.1162,44.3667],[-78.035,44.3873],[-78.027,44.3893],[-78.003,44.3954],[-77.9868,44.3994],[-77.9541,44.4077],[-77.9256,44.4152],[-77.9131,44.3894],[-77.8762,44.3981],[-77.847,44.4046],[-77.8356,44.4065],[-77.8243,44.4078],[-77.8073,44.4108],[-77.802,44.4123],[-77.7761,44.4228],[-77.7598,44.4275],[-77.7439,44.4318],[-77.7274,44.4366],[-77.722,44.4257],[-77.7168,44.416],[-77.713,44.4085],[-77.6993,44.3832],[-77.6848,44.354],[-77.6683,44.3191],[-77.663,44.3081],[-77.6542,44.2892],[-77.6462,44.2722]]]},"properties":{"id":73,"name":"Northumberland—Peterborough South"}},{"type":"Feature","geometry":{"type":"Polygon","coordinates":[[[-79.4943,43.994],[-79.4983,44.012],[-79.5013,44.0236],[-79.5017,44.0282],[-79.5025,44.0327],[-79.5062,44.0492],[-79.5097,44.0636],[-79.5108,44.0673],[-79.5039,44.0687],[-79.4848,44.0729],[-79.469,44.0765],[-79.4484,44.0808],[-79.4365,44.0841],[-79.4239,44.0869],[-79.4225,44.0831],[-79.4214,44.078],[-79.4214,44.0746],[-79.4202,44.0684],[-79.417,44.0524],[-79.4156,44.0474],[-79.4111,44.0347],[-79.4098,44.0298],[-79.4065,44.0138],[-79.4202,44.0104],[-79.4431,44.0053],[-79.4453,44.0046],[-79.4845,43.996],[-79.4943,43.994]]]},"properties":{"id":67,"name":"Newmarket—Aurora"}},{"type":"Feature","geometry":{"type":"Polygon","coordinates":[[[-86.5742,55.8069],[-86.5501,54.7501],[-86.5913,54.7491],[-86.6158,54.7641],[-86.6336,54.7752],[-86.6512,54.7803],[-86.6722,54.783],[-86.6812,54.779],[-86.7016,54.7777],[-86.7219,54.7723],[-86.7357,54.7715],[-86.7653,54.7731],[-86.7835,54.7725],[-86.8066,54.7616],[-86.8658,54.7545],[-86.8924,54.7524],[-86.9392,54.7436],[-87.0399,54.7404],[-87.0897,54.742],[-87.134,54.7443],[-87.2361,54.7378],[-87.2902,54.7351],[-87.3,54.7327],[-87.3097,54.72],[-87.3104,54.7168],[-87.3068,54.7098],[-87.3023,54.6887],[-87.2925,54.6586],[-87.2774,54.623],[-87.2628,54.6153],[-87.2654,54.6113],[-87.2714,54.6077],[-87.2701,54.6036],[-87.2625,54.601],[-87.2546,54.596],[-87.2532,54.5878],[-87.2521,54.5851],[-87.2499,54.5833],[-87.2562,54.5777],[-87.2453,54.5652],[-87.2348,54.5584],[-87.2377,54.5461],[-87.2329,54.5401],[-87.231,54.5361],[-87.2261,54.5301],[-87.2279,54.5224],[-87.2248,54.5151],[-87.2295,54.5066],[-87.2243,54.4854],[-87.2197,54.4788],[-87.2136,54.4671],[-87.2061,54.4609],[-87.1957,54.4449],[-87.1867,54.4341],[-87.1813,54.4223],[-87.1692,54.4136],[-87.1617,54.4058],[-87.1483,54.3969],[-87.1423,54.3847],[-87.1428,54.3778],[-87.1454,54.3625],[-87.1457,54.3556],[-87.1435,54.3517],[-87.1442,54.3446],[-87.1577,54.3346],[-87.1663,54.3307],[-87.1741,54.329],[-87.1837,54.3211],[-87.3426,54.2624],[-87.3011,54.2233],[-87.2426,54.2371],[-87.1916,54.2662],[-87.1889,54.2655],[-87.1895,54.263],[-87.1859,54.2586],[-87.1862,54.2538],[-87.1845,54.2516],[-87.1859,54.2491],[-87.1824,54.2461],[-87.1843,54.2445],[-87.1844,54.2427],[-87.1866,54.241],[-87.188,54.2374],[-87.1869,54.2327],[-87.1832,54.2283],[-87.1768,54.2226],[-87.1692,54.2148],[-87.1653,54.2069],[-87.1647,54.2012],[-87.1707,54.199],[-87.1714,54.1972],[-87.1712,54.1917],[-87.1756,54.1895],[-87.1764,54.1875],[-87.1742,54.1774],[-87.1742,54.1712],[-87.1667,54.1578],[-87.1659,54.1555],[-87.1668,54.1533],[-87.1648,54.1486],[-87.1602,54.1441],[-87.1585,54.1367],[-87.1482,54.1232],[-87.1471,54.1146],[-87.1412,54.1018],[-87.1326,54.0865],[-87.1267,54.077],[-87.1233,54.0675],[-87.1094,54.0614],[-87.0972,54.0445],[-87.0938,54.0362],[-87.0835,54.0281],[-87.0828,54.023],[-87.0854,54.0169],[-87.0808,54.0003],[-87,54],[-86.5653,54.0011],[-86.565,53.9332],[-86.5621,53.3205],[-86.5617,53.2202],[-86.5585,52.4974],[-86.5571,52.1814],[-86.5542,51.5168],[-86.5542,51.5162],[-86.5695,51.5108],[-86.599,51.499],[-86.6354,51.4962],[-86.6816,51.4836],[-86.7381,51.4607],[-86.7346,51.4445],[-86.7204,51.4255],[-86.7449,51.4183],[-86.7585,51.4138],[-86.7825,51.4144],[-86.8031,51.4022],[-86.8174,51.3967],[-86.8438,51.3902],[-86.8787,51.3913],[-86.8954,51.4022],[-86.9001,51.4145],[-86.9195,51.4122],[-86.9445,51.4224],[-86.9662,51.4199],[-87.0006,51.4043],[-87.0027,51.4039],[-87.0108,51.3991],[-87.0135,51.3986],[-87.0185,51.3939],[-87.0206,51.3907],[-87.019,51.3883],[-87.019,51.384],[-87.0227,51.3825],[-87.0259,51.3828],[-87.0263,51.3808],[-87.032,51.381],[-87.0359,51.379],[-87.0395,51.3757],[-87.0397,51.374],[-87.0426,51.3718],[-87.0454,51.371],[-87.0469,51.3696],[-87.0453,51.3673],[-87.0463,51.3652],[-87.051,51.3625],[-87.0533,51.36],[-87.0533,51.3579],[-87.0574,51.3553],[-87.0627,51.3534],[-87.0704,51.3516],[-87.0743,51.3499],[-87.0795,51.3497],[-87.0814,51.3508],[-87.0885,51.3517],[-87.0897,51.3526],[-87.093,51.3504],[-87.0969,51.3488],[-87.0986,51.3467],[-87.102,51.3465],[-87.1053,51.3456],[-87.1062,51.343],[-87.1103,51.3393],[-87.1114,51.3375],[-87.1184,51.3325],[-87.1267,51.3303],[-87.1294,51.329],[-87.1295,51.3274],[-87.1314,51.3248],[-87.1284,51.3239],[-87.1244,51.3217],[-87.119,51.3214],[-87.1157,51.3198],[-87.118,51.3159],[-87.1153,51.3145],[-87.1131,51.3111],[-87.111,51.3098],[-87.1131,51.3077],[-87.1182,51.3064],[-87.122,51.3045],[-87.1253,51.3055],[-87.1278,51.3051],[-87.1292,51.3078],[-87.132,51.3079],[-87.1354,51.3057],[-87.1369,51.3022],[-87.1424,51.2995],[-87.148,51.2995],[-87.1519,51.3015],[-87.1561,51.3008],[-87.1609,51.3008],[-87.1647,51.3015],[-87.1689,51.3005],[-87.1725,51.3017],[-87.1767,51.2994],[-87.1786,51.3005],[-87.1816,51.2994],[-87.1837,51.2995],[-87.1877,51.2982],[-87.1886,51.2953],[-87.1922,51.2959],[-87.1919,51.2975],[-87.1946,51.2977],[-87.1957,51.2991],[-87.1987,51.2993],[-87.1968,51.2965],[-87.1969,51.2941],[-87.2088,51.2914],[-87.216,51.2886],[-87.22,51.2859],[-87.2231,51.2847],[-87.2272,51.2841],[-87.2315,51.2821],[-87.2352,51.2827],[-87.2388,51.2824],[-87.2418,51.2805],[-87.2397,51.2784],[-87.235,51.2785],[-87.233,51.2763],[-87.2339,51.2732],[-87.243,51.2732],[-87.2476,51.2746],[-87.2478,51.2766],[-87.2456,51.2774],[-87.2435,51.2808],[-87.2498,51.2801],[-87.2565,51.2764],[-87.262,51.2745],[-87.2652,51.2747],[-87.2705,51.2723],[-87.2741,51.273],[-87.2784,51.2713],[-87.2814,51.2722],[-87.2844,51.2712],[-87.2866,51.2716],[-87.2964,51.2694],[-87.2989,51.2696],[-87.3024,51.2685],[-87.305,51.2693],[-87.3072,51.2717],[-87.3101,51.2709],[-87.3125,51.2713],[-87.3207,51.269],[-87.3236,51.2687],[-87.3256,51.2673],[-87.3311,51.2662],[-87.3402,51.2664],[-87.3418,51.2652],[-87.349,51.2628],[-87.3516,51.2629],[-87.3578,51.2608],[-87.364,51.2612],[-87.3665,51.2624],[-87.3706,51.2594],[-87.377,51.2612],[-87.3786,51.2595],[-87.3881,51.2595],[-87.3918,51.26],[-87.3952,51.2616],[-87.3968,51.2594],[-87.4031,51.2591],[-87.4113,51.2571],[-87.4186,51.2565],[-87.4201,51.2548],[-87.4245,51.2537],[-87.4262,51.2519],[-87.4319,51.2496],[-87.4455,51.2451],[-87.4517,51.2458],[-87.4515,51.2487],[-87.4553,51.248],[-87.4592,51.2497],[-87.4646,51.2458],[-87.4669,51.2478],[-87.4686,51.2471],[-87.4685,51.2452],[-87.4741,51.2475],[-87.4794,51.2454],[-87.4832,51.2448],[-87.4837,51.2458],[-87.4918,51.2429],[-87.4929,51.242],[-87.4973,51.2414],[-87.5014,51.2399],[-87.5049,51.2412],[-87.5092,51.2391],[-87.5119,51.24],[-87.5145,51.2397],[-87.519,51.2381],[-87.525,51.2394],[-87.529,51.2383],[-87.5318,51.2385],[-87.5371,51.2366],[-87.5385,51.2374],[-87.5416,51.2369],[-87.545,51.2339],[-87.5509,51.2321],[-87.5516,51.234],[-87.5544,51.2341],[-87.5552,51.2324],[-87.5578,51.2331],[-87.558,51.2347],[-87.5532,51.2358],[-87.5522,51.2346],[-87.5492,51.2349],[-87.548,51.2362],[-87.5424,51.2367],[-87.5413,51.2378],[-87.5378,51.2378],[-87.5351,51.242],[-87.5375,51.243],[-87.5441,51.2412],[-87.5486,51.2388],[-87.5519,51.2388],[-87.546,51.2428],[-87.5422,51.2427],[-87.5353,51.2462],[-87.5392,51.2473],[-87.5392,51.2505],[-87.5329,51.2534],[-87.5297,51.2541],[-87.5287,51.2558],[-87.5318,51.2592],[-87.5287,51.2604],[-87.5291,51.2623],[-87.5331,51.2632],[-87.5401,51.2616],[-87.5416,51.2598],[-87.5458,51.2582],[-87.5475,51.2594],[-87.5544,51.2582],[-87.5557,51.2602],[-87.5591,51.2607],[-87.5617,51.2593],[-87.5658,51.2589],[-87.5647,51.2619],[-87.5673,51.2648],[-87.5667,51.2666],[-87.568,51.268],[-87.5716,51.2697],[-87.5718,51.2714],[-87.5837,51.2704],[-87.5882,51.2708],[-87.5906,51.2724],[-87.5967,51.2713],[-87.6031,51.2735],[-87.6046,51.2753],[-87.6081,51.2745],[-87.6131,51.2746],[-87.6147,51.2762],[-87.6149,51.2786],[-87.6177,51.2807],[-87.6257,51.2798],[-87.6325,51.2797],[-87.6336,51.2805],[-87.6373,51.2801],[-87.6405,51.2775],[-87.6434,51.2791],[-87.6478,51.2805],[-87.6494,51.2833],[-87.6452,51.2837],[-87.6444,51.2848],[-87.6476,51.2898],[-87.6479,51.2944],[-87.6468,51.2971],[-87.6482,51.2995],[-87.654,51.3016],[-87.6569,51.3067],[-87.6592,51.3083],[-87.6604,51.3103],[-87.6637,51.3097],[-87.6648,51.3117],[-87.6676,51.3121],[-87.6749,51.3107],[-87.6776,51.3106],[-87.6796,51.3094],[-87.6837,51.3089],[-87.6894,51.3091],[-87.696,51.3073],[-87.7012,51.3074],[-87.7052,51.3063],[-87.7058,51.304],[-87.7101,51.3031],[-87.7128,51.3044],[-87.7118,51.3055],[-87.7088,51.306],[-87.7094,51.3078],[-87.7078,51.3101],[-87.705,51.3106],[-87.6952,51.3137],[-87.6886,51.3139],[-87.686,51.3151],[-87.6812,51.3155],[-87.6792,51.3168],[-87.6806,51.3182],[-87.6767,51.3191],[-87.6759,51.3208],[-87.682,51.3221],[-87.6831,51.3243],[-87.6858,51.3236],[-87.69,51.3244],[-87.6912,51.3259],[-87.6887,51.331],[-87.6905,51.3346],[-87.6914,51.3351],[-87.6986,51.3327],[-87.707,51.3363],[-87.712,51.3411],[-87.7155,51.3404],[-87.7204,51.3383],[-87.7237,51.3386],[-87.7232,51.3429],[-87.7259,51.3422],[-87.73,51.3419],[-87.7342,51.3436],[-87.7393,51.3434],[-87.7421,51.3441],[-87.743,51.3463],[-87.7417,51.3483],[-87.7444,51.3506],[-87.7469,51.3565],[-87.7446,51.3592],[-87.7482,51.3605],[-87.7538,51.3615],[-87.7618,51.3613],[-87.7633,51.3622],[-87.7697,51.3608],[-87.7746,51.3566],[-87.7825,51.3535],[-87.7843,51.3533],[-87.7878,51.3507],[-87.7948,51.3495],[-87.8034,51.3466],[-87.8071,51.3459],[-87.8099,51.3477],[-87.8082,51.3493],[-87.8045,51.351],[-87.8018,51.3511],[-87.8013,51.3524],[-87.7956,51.358],[-87.7952,51.3611],[-87.7915,51.3623],[-87.7929,51.3668],[-87.7968,51.3698],[-87.799,51.3725],[-87.8014,51.3738],[-87.7969,51.3764],[-87.7963,51.3778],[-87.7932,51.3782],[-87.7951,51.3824],[-87.7941,51.3863],[-87.7958,51.3884],[-87.7955,51.3914],[-87.7979,51.3918],[-87.7994,51.3933],[-87.8005,51.3962],[-87.7994,51.3982],[-87.7957,51.4002],[-87.801,51.4012],[-87.8058,51.4027],[-87.8164,51.4049],[-87.8224,51.4048],[-87.8291,51.4068],[-87.8344,51.4066],[-87.8373,51.4086],[-87.8453,51.4086],[-87.849,51.4096],[-87.8499,51.4111],[-87.8564,51.4102],[-87.8593,51.4089],[-87.8633,51.4095],[-87.8628,51.4078],[-87.8645,51.4056],[-87.8702,51.4066],[-87.8768,51.406],[-87.8772,51.4037],[-87.8829,51.4029],[-87.888,51.3986],[-87.8898,51.3957],[-87.8938,51.3953],[-87.8946,51.3931],[-87.8986,51.3942],[-87.9005,51.3933],[-87.9038,51.394],[-87.908,51.3925],[-87.9085,51.3898],[-87.9117,51.3883],[-87.9157,51.3873],[-87.9191,51.3886],[-87.9227,51.3877],[-87.9264,51.3851],[-87.9309,51.3859],[-87.9375,51.3835],[-87.9401,51.3853],[-87.9386,51.3876],[-87.9347,51.3885],[-87.9361,51.3899],[-87.9394,51.3888],[-87.9417,51.3907],[-87.9447,51.3914],[-87.9477,51.3944],[-87.95,51.3958],[-87.9463,51.3998],[-87.9442,51.3998],[-87.9427,51.4016],[-87.9393,51.4037],[-87.9362,51.4045],[-87.9348,51.4058],[-87.9354,51.4082],[-87.9334,51.4095],[-87.928,51.4106],[-87.92,51.4105],[-87.9157,51.4088],[-87.9132,51.4058],[-87.91,51.4047],[-87.9039,51.4036],[-87.8981,51.4032],[-87.8951,51.4021],[-87.8908,51.4038],[-87.8917,51.4056],[-87.8882,51.4083],[-87.8882,51.4101],[-87.8848,51.4109],[-87.881,51.4128],[-87.8787,51.4155],[-87.8718,51.4147],[-87.865,51.4159],[-87.859,51.4157],[-87.8552,51.4148],[-87.8523,51.4148],[-87.8456,51.4126],[-87.8428,51.413],[-87.8378,51.4116],[-87.8349,51.4119],[-87.8272,51.4093],[-87.8198,51.411],[-87.8165,51.4128],[-87.8151,51.4148],[-87.8164,51.4165],[-87.8155,51.4195],[-87.8203,51.4214],[-87.8232,51.4219],[-87.8241,51.4239],[-87.827,51.4245],[-87.8306,51.4271],[-87.8348,51.4286],[-87.8339,51.4314],[-87.8371,51.4326],[-87.8407,51.4318],[-87.8443,51.4337],[-87.8469,51.4338],[-87.8513,51.4353],[-87.8544,51.434],[-87.857,51.4348],[-87.8592,51.4331],[-87.8641,51.4338],[-87.8666,51.4353],[-87.865,51.4371],[-87.8602,51.4392],[-87.8607,51.441],[-87.8649,51.442],[-87.873,51.442],[-87.876,51.4414],[-87.8789,51.4431],[-87.8811,51.4435],[-87.8836,51.4462],[-87.8825,51.4481],[-87.8829,51.4499],[-87.8869,51.4499],[-87.8907,51.4491],[-87.8955,51.4495],[-87.8981,51.4487],[-87.9002,51.45],[-87.9028,51.4501],[-87.9092,51.4475],[-87.9143,51.4481],[-87.913,51.4501],[-87.9164,51.4523],[-87.9168,51.4566],[-87.9191,51.4584],[-87.924,51.4589],[-87.9293,51.4564],[-87.9363,51.4544],[-87.9412,51.4537],[-87.9428,51.455],[-87.943,51.4576],[-87.9409,51.4605],[-87.9458,51.46],[-87.9464,51.4635],[-87.9456,51.4664],[-87.9413,51.4682],[-87.9406,51.47],[-87.9435,51.4738],[-87.9487,51.4738],[-87.9517,51.4749],[-87.9516,51.4762],[-87.9557,51.4778],[-87.9623,51.4758],[-87.9667,51.4754],[-87.9692,51.476],[-87.9721,51.4799],[-87.977,51.4824],[-87.9867,51.4811],[-87.9904,51.4823],[-87.992,51.4838],[-87.989,51.4849],[-87.9806,51.4848],[-87.9764,51.486],[-87.9757,51.489],[-87.9787,51.4898],[-87.9836,51.4893],[-87.9868,51.4881],[-87.988,51.4907],[-87.9947,51.4895],[-87.9983,51.4885],[-87.9993,51.4902],[-88.0034,51.4929],[-88.0056,51.4921],[-88.0087,51.4933],[-88.0107,51.4928],[-88.0165,51.496],[-88.0242,51.4971],[-88.0284,51.4963],[-88.0338,51.4933],[-88.0353,51.4917],[-88.0284,51.4887],[-88.027,51.4869],[-88.0297,51.4861],[-88.0348,51.4891],[-88.0372,51.4912],[-88.0428,51.4898],[-88.0466,51.4879],[-88.0549,51.4853],[-88.0591,51.4845],[-88.0617,51.4852],[-88.0662,51.4855],[-88.0732,51.4832],[-88.0759,51.4814],[-88.0797,51.4809],[-88.0826,51.4794],[-88.0842,51.4804],[-88.0884,51.4798],[-88.0939,51.4833],[-88.0954,51.4824],[-88.1025,51.4856],[-88.1054,51.4837],[-88.1114,51.4847],[-88.117,51.4815],[-88.1162,51.4794],[-88.1168,51.4772],[-88.1207,51.4772],[-88.1207,51.4757],[-88.1238,51.4748],[-88.1257,51.4733],[-88.1324,51.4734],[-88.1348,51.4715],[-88.1388,51.4704],[-88.143,51.4662],[-88.1482,51.4647],[-88.1497,51.4655],[-88.1444,51.4676],[-88.1469,51.4687],[-88.1494,51.4676],[-88.1547,51.4681],[-88.1578,51.4672],[-88.1607,51.4673],[-88.1625,51.4663],[-88.1675,51.4665],[-88.1703,51.4648],[-88.1753,51.4634],[-88.1785,51.4648],[-88.1785,51.4621],[-88.1834,51.4599],[-88.183,51.457],[-88.1779,51.4566],[-88.1741,51.4578],[-88.1709,51.4577],[-88.17,51.4563],[-88.1726,51.4541],[-88.1734,51.4515],[-88.1785,51.45],[-88.1821,51.4504],[-88.1837,51.4527],[-88.1905,51.452],[-88.193,51.4507],[-88.1963,51.4503],[-88.1969,51.4525],[-88.1997,51.4515],[-88.2022,51.4525],[-88.2075,51.4525],[-88.2108,51.4535],[-88.2144,51.4527],[-88.2165,51.4531],[-88.2196,51.4515],[-88.2112,51.4509],[-88.2075,51.4513],[-88.2043,51.4508],[-88.2055,51.4491],[-88.2126,51.4488],[-88.2134,51.4478],[-88.2195,51.4477],[-88.2213,51.4452],[-88.2237,51.4466],[-88.2265,51.4458],[-88.2328,51.4455],[-88.2347,51.4485],[-88.2303,51.4491],[-88.2282,51.4507],[-88.2215,51.4512],[-88.2182,51.4543],[-88.2214,51.4566],[-88.2249,51.4542],[-88.2293,51.4548],[-88.2286,51.4571],[-88.2294,51.4608],[-88.2258,51.4612],[-88.2195,51.4639],[-88.2178,51.4631],[-88.21,51.4635],[-88.2072,51.462],[-88.2047,51.4622],[-88.2045,51.4639],[-88.2007,51.4648],[-88.1972,51.467],[-88.1931,51.468],[-88.193,51.471],[-88.1971,51.4704],[-88.1985,51.4725],[-88.2016,51.4711],[-88.2077,51.4715],[-88.217,51.4703],[-88.2195,51.4708],[-88.2183,51.4731],[-88.2231,51.4731],[-88.2318,51.4746],[-88.2338,51.4727],[-88.2374,51.4726],[-88.245,51.4735],[-88.2449,51.4751],[-88.2471,51.4767],[-88.2546,51.4756],[-88.2676,51.4769],[-88.2706,51.4778],[-88.2698,51.4796],[-88.2754,51.4783],[-88.2792,51.4757],[-88.2775,51.4735],[-88.2693,51.4727],[-88.2686,51.4712],[-88.2783,51.4711],[-88.2823,51.4714],[-88.2842,51.4732],[-88.2803,51.4736],[-88.2818,51.4751],[-88.2848,51.4745],[-88.2867,51.4755],[-88.2894,51.4749],[-88.296,51.4746],[-88.3036,51.4779],[-88.3085,51.4778],[-88.3121,51.48],[-88.315,51.4789],[-88.3189,51.4785],[-88.3212,51.4769],[-88.3225,51.4784],[-88.322,51.4802],[-88.3228,51.4824],[-88.3217,51.4841],[-88.3255,51.484],[-88.3296,51.483],[-88.3342,51.4811],[-88.3397,51.4771],[-88.3379,51.4759],[-88.3386,51.4745],[-88.3375,51.4723],[-88.3439,51.4696],[-88.3478,51.4666],[-88.3508,51.4656],[-88.3549,51.4677],[-88.3509,51.4709],[-88.3489,51.4705],[-88.3452,51.4715],[-88.3443,51.473],[-88.348,51.474],[-88.3503,51.4753],[-88.3581,51.4741],[-88.3638,51.4722],[-88.3724,51.4711],[-88.3781,51.4696],[-88.3809,51.4702],[-88.3814,51.4725],[-88.3841,51.4735],[-88.3952,51.4725],[-88.3995,51.4707],[-88.4031,51.4704],[-88.4055,51.466],[-88.4085,51.4667],[-88.417,51.4667],[-88.4201,51.465],[-88.4215,51.4662],[-88.4199,51.4682],[-88.4158,51.4682],[-88.4078,51.4697],[-88.4087,51.4717],[-88.4055,51.4717],[-88.4023,51.473],[-88.3973,51.4734],[-88.3965,51.4762],[-88.3998,51.4773],[-88.4032,51.4759],[-88.4062,51.4779],[-88.4047,51.4807],[-88.4024,51.4812],[-88.4032,51.4834],[-88.4013,51.4851],[-88.4053,51.4853],[-88.409,51.4885],[-88.412,51.488],[-88.4183,51.489],[-88.423,51.4887],[-88.4271,51.4896],[-88.4282,51.4907],[-88.4352,51.4904],[-88.4377,51.4916],[-88.4401,51.491],[-88.4459,51.4941],[-88.4506,51.4948],[-88.4535,51.4944],[-88.4623,51.4947],[-88.4635,51.4963],[-88.4708,51.4964],[-88.4769,51.4979],[-88.4821,51.4982],[-88.4826,51.4997],[-88.4858,51.4986],[-88.4879,51.4971],[-88.4935,51.4966],[-88.4944,51.4946],[-88.4979,51.4944],[-88.5018,51.4922],[-88.5072,51.4916],[-88.513,51.4927],[-88.5153,51.495],[-88.5123,51.4962],[-88.5111,51.4982],[-88.5138,51.5013],[-88.5188,51.5022],[-88.5199,51.5029],[-88.5252,51.5038],[-88.5272,51.5063],[-88.524,51.508],[-88.5231,51.5096],[-88.5269,51.5102],[-88.5262,51.5134],[-88.529,51.5163],[-88.5296,51.5205],[-88.5336,51.5228],[-88.5354,51.5258],[-88.5425,51.5271],[-88.5429,51.5294],[-88.5412,51.5307],[-88.5444,51.5314],[-88.5453,51.533],[-88.5483,51.5338],[-88.5506,51.5356],[-88.551,51.5382],[-88.5564,51.5409],[-88.5562,51.543],[-88.5523,51.5434],[-88.551,51.5444],[-88.5441,51.547],[-88.5368,51.547],[-88.5349,51.5478],[-88.5351,51.5497],[-88.5383,51.5502],[-88.5409,51.5521],[-88.5449,51.5521],[-88.5573,51.5505],[-88.5619,51.5509],[-88.5637,51.5529],[-88.5682,51.5538],[-88.5697,51.5552],[-88.5742,51.5563],[-88.5746,51.5551],[-88.5825,51.5524],[-88.5852,51.5507],[-88.5896,51.549],[-88.5926,51.5499],[-88.6022,51.5509],[-88.6073,51.5446],[-88.6125,51.5441],[-88.6169,51.5427],[-88.6236,51.5434],[-88.627,51.5458],[-88.6292,51.5454],[-88.6335,51.5429],[-88.6392,51.5408],[-88.6435,51.5398],[-88.6542,51.5385],[-88.6566,51.5404],[-88.6609,51.5402],[-88.6661,51.5432],[-88.6715,51.5435],[-88.6744,51.545],[-88.6762,51.545],[-88.6787,51.5466],[-88.6824,51.5464],[-88.6853,51.5477],[-88.6886,51.5479],[-88.6995,51.5465],[-88.7018,51.5448],[-88.7051,51.5437],[-88.7084,51.5436],[-88.711,51.5447],[-88.7183,51.5448],[-88.7183,51.5468],[-88.7236,51.549],[-88.7265,51.5496],[-88.7279,51.5479],[-88.7347,51.547],[-88.7409,51.5496],[-88.7433,51.5493],[-88.7464,51.5514],[-88.7457,51.5537],[-88.7429,51.5541],[-88.742,51.5563],[-88.7544,51.5571],[-88.7653,51.5571],[-88.7717,51.5565],[-88.7769,51.5554],[-88.7833,51.5553],[-88.7896,51.5563],[-88.7963,51.5564],[-88.7999,51.5557],[-88.8057,51.5535],[-88.8146,51.5521],[-88.8179,51.5527],[-88.8211,51.5543],[-88.8288,51.5565],[-88.8326,51.556],[-88.8345,51.5547],[-88.8377,51.5498],[-88.8443,51.5471],[-88.848,51.5431],[-88.8479,51.5401],[-88.8428,51.5364],[-88.843,51.535],[-88.8482,51.5318],[-88.8497,51.5291],[-88.8483,51.5256],[-88.8519,51.5211],[-88.8524,51.5194],[-88.8514,51.5159],[-88.8545,51.5143],[-88.8546,51.5122],[-88.8574,51.5112],[-88.8574,51.5099],[-88.8608,51.509],[-88.8636,51.5097],[-88.8682,51.5093],[-88.8722,51.5075],[-88.8778,51.5041],[-88.8823,51.5046],[-88.8837,51.5034],[-88.888,51.5019],[-88.8902,51.4999],[-88.897,51.4975],[-88.9032,51.4978],[-88.9054,51.4966],[-88.9128,51.4946],[-88.9134,51.4933],[-88.9188,51.4922],[-88.9219,51.4894],[-88.9295,51.4866],[-88.935,51.488],[-88.9424,51.4882],[-88.9455,51.4861],[-88.9477,51.4826],[-88.9501,51.4812],[-88.9552,51.48],[-88.96,51.4799],[-88.9629,51.4808],[-88.9673,51.4811],[-88.9722,51.4779],[-88.9731,51.4752],[-88.9752,51.4723],[-88.9751,51.47],[-88.9786,51.4658],[-88.9835,51.463],[-88.9835,51.4615],[-88.981,51.4586],[-88.985,51.4558],[-88.983,51.4536],[-88.9837,51.4524],[-88.982,51.4508],[-88.987,51.4474],[-88.9884,51.4451],[-88.9891,51.4419],[-88.9922,51.441],[-88.9945,51.4393],[-88.9951,51.4367],[-88.9999,51.4341],[-89.0023,51.4337],[-89.0038,51.4317],[-89.0063,51.4304],[-89.0086,51.4304],[-89.0121,51.4283],[-89.0152,51.4303],[-89.0139,51.4325],[-89.0098,51.4313],[-89.0094,51.4329],[-89.0126,51.4342],[-89.0231,51.4324],[-89.025,51.431],[-89.0271,51.4321],[-89.0279,51.4345],[-89.0232,51.4424],[-89.0206,51.4436],[-89.0151,51.4438],[-89.0122,51.4433],[-89.01,51.4439],[-89.0051,51.4438],[-89.0038,51.4472],[-89.0056,51.4495],[-89.0092,51.4508],[-89.0083,51.453],[-89.0113,51.4544],[-89.0152,51.4588],[-89.014,51.461],[-89.0158,51.4627],[-89.0169,51.4655],[-89.0152,51.4718],[-89.0165,51.4739],[-89.0152,51.4758],[-89.0112,51.4775],[-89.0149,51.4799],[-89.0157,51.4832],[-89.0146,51.4849],[-89.0119,51.4865],[-89.0035,51.4899],[-88.9942,51.4958],[-88.9899,51.4979],[-88.9918,51.4989],[-88.9917,51.501],[-88.9975,51.5051],[-88.9951,51.5077],[-88.9957,51.5093],[-88.9988,51.5092],[-89.0034,51.5076],[-89.0133,51.5052],[-89.0173,51.506],[-89.025,51.5066],[-89.0271,51.5064],[-89.0331,51.5081],[-89.0386,51.5106],[-89.0418,51.5112],[-89.0441,51.5137],[-89.0465,51.5151],[-89.0461,51.5162],[-89.0422,51.5193],[-89.0411,51.5212],[-89.0437,51.5235],[-89.0558,51.5226],[-89.0647,51.521],[-89.0713,51.5224],[-89.0761,51.5248],[-89.0767,51.5261],[-89.0832,51.5248],[-89.0917,51.5261],[-89.094,51.527],[-89.0979,51.5254],[-89.1025,51.5253],[-89.1064,51.5278],[-89.1084,51.5276],[-89.1088,51.5253],[-89.112,51.5253],[-89.1148,51.5242],[-89.1166,51.5224],[-89.1261,51.5181],[-89.1335,51.5132],[-89.1374,51.5088],[-89.1385,51.505],[-89.1438,51.499],[-89.1454,51.4953],[-89.149,51.493],[-89.1566,51.4901],[-89.1586,51.4882],[-89.1588,51.4865],[-89.1625,51.4832],[-89.1644,51.4761],[-89.1675,51.4723],[-89.1731,51.4673],[-89.1766,51.4605],[-89.1792,51.4587],[-89.1827,51.4547],[-89.1832,51.452],[-89.187,51.4471],[-89.1852,51.4451],[-89.1864,51.443],[-89.1857,51.4415],[-89.1872,51.439],[-89.1862,51.4369],[-89.1869,51.4353],[-89.184,51.4339],[-89.1841,51.432],[-89.188,51.4285],[-89.1918,51.4266],[-89.1993,51.4257],[-89.2047,51.4262],[-89.2077,51.4283],[-89.2106,51.4278],[-89.2143,51.4257],[-89.2202,51.4288],[-89.2214,51.4303],[-89.2248,51.4308],[-89.2274,51.4292],[-89.2333,51.4294],[-89.2376,51.4284],[-89.2415,51.4293],[-89.2447,51.4322],[-89.2485,51.4321],[-89.2499,51.4307],[-89.2531,51.4316],[-89.2565,51.4306],[-89.2604,51.4263],[-89.2608,51.4243],[-89.2659,51.4219],[-89.2672,51.4224],[-89.2728,51.4218],[-89.2773,51.4193],[-89.2841,51.4188],[-89.2887,51.421],[-89.2931,51.4246],[-89.2911,51.4269],[-89.2845,51.4301],[-89.2871,51.4331],[-89.2933,51.4311],[-89.2977,51.4313],[-89.3031,51.429],[-89.3082,51.4257],[-89.311,51.4247],[-89.3164,51.4244],[-89.3201,51.426],[-89.3216,51.4253],[-89.3216,51.4213],[-89.3188,51.4191],[-89.3193,51.4172],[-89.3218,51.4147],[-89.3258,51.4119],[-89.3302,51.407],[-89.338,51.405],[-89.3397,51.4032],[-89.3422,51.4025],[-89.3462,51.3996],[-89.3503,51.3978],[-89.352,51.3956],[-89.3585,51.3944],[-89.3607,51.395],[-89.3635,51.3928],[-89.3657,51.3931],[-89.3745,51.3885],[-89.3797,51.3839],[-89.3841,51.3817],[-89.3881,51.3812],[-89.3907,51.3818],[-89.3954,51.3796],[-89.3947,51.3785],[-89.3997,51.3766],[-89.4063,51.3728],[-89.4084,51.3723],[-89.4101,51.3692],[-89.4135,51.3681],[-89.4179,51.3677],[-89.4233,51.3645],[-89.4324,51.3605],[-89.4351,51.3576],[-89.441,51.3551],[-89.4454,51.3497],[-89.4558,51.3457],[-89.4598,51.3428],[-89.46,51.3412],[-89.4673,51.3372],[-89.4746,51.3368],[-89.4798,51.3347],[-89.4831,51.3308],[-89.4865,51.3295],[-89.4878,51.3263],[-89.4904,51.3232],[-89.4918,51.3203],[-89.4951,51.3166],[-89.5016,51.3142],[-89.508,51.3072],[-89.5115,51.3039],[-89.5143,51.3022],[-89.5243,51.2997],[-89.5277,51.2974],[-89.5294,51.295],[-89.5402,51.2904],[-89.5455,51.2862],[-89.5484,51.2854],[-89.5541,51.2813],[-89.5591,51.279],[-89.5667,51.2803],[-89.5694,51.2797],[-89.5764,51.276],[-89.5788,51.2743],[-89.5793,51.2718],[-89.5752,51.2649],[-89.5784,51.2605],[-89.578,51.2573],[-89.5762,51.2544],[-89.5725,51.2529],[-89.5697,51.2494],[-89.5699,51.2472],[-89.5718,51.2458],[-89.5782,51.2436],[-89.58,51.2422],[-89.5822,51.2387],[-89.5798,51.2371],[-89.5772,51.2384],[-89.5743,51.2381],[-89.5713,51.2352],[-89.569,51.2345],[-89.5695,51.2311],[-89.5718,51.2271],[-89.5747,51.2244],[-89.5811,51.2217],[-89.586,51.2208],[-89.5881,51.2231],[-89.5978,51.2229],[-89.601,51.2246],[-89.6057,51.2236],[-89.6093,51.2219],[-89.6125,51.2216],[-89.6157,51.2167],[-89.6205,51.2146],[-89.6223,51.2121],[-89.6253,51.2109],[-89.6256,51.2082],[-89.6273,51.2072],[-89.6298,51.2078],[-89.63,51.2053],[-89.6331,51.205],[-89.6332,51.2038],[-89.6408,51.1996],[-89.6435,51.1956],[-89.6467,51.1935],[-89.6484,51.1916],[-89.6513,51.1917],[-89.6582,51.1947],[-89.6584,51.1968],[-89.6563,51.1997],[-89.6476,51.2064],[-89.6509,51.207],[-89.6496,51.2084],[-89.645,51.21],[-89.6434,51.2115],[-89.647,51.2124],[-89.6444,51.2142],[-89.6442,51.2154],[-89.6393,51.2166],[-89.6362,51.2183],[-89.6342,51.2209],[-89.6342,51.2228],[-89.632,51.2243],[-89.6286,51.2242],[-89.6239,51.2258],[-89.6188,51.2294],[-89.6156,51.2293],[-89.613,51.2317],[-89.608,51.2327],[-89.6055,51.2346],[-89.6069,51.2383],[-89.6097,51.2388],[-89.612,51.2423],[-89.6101,51.245],[-89.6028,51.2501],[-89.6029,51.2523],[-89.6013,51.2534],[-89.6034,51.256],[-89.6097,51.2569],[-89.6129,51.2568],[-89.6179,51.2549],[-89.6237,51.2514],[-89.6263,51.2504],[-89.6323,51.2468],[-89.6421,51.2441],[-89.6474,51.2415],[-89.6526,51.24],[-89.6607,51.2342],[-89.6648,51.2321],[-89.6717,51.2338],[-89.678,51.2278],[-89.6772,51.2244],[-89.6852,51.2274],[-89.6922,51.2282],[-89.6972,51.2303],[-89.6997,51.2293],[-89.7029,51.2301],[-89.7059,51.2285],[-89.7083,51.2246],[-89.7126,51.2225],[-89.7139,51.221],[-89.7214,51.2184],[-89.7252,51.2196],[-89.7271,51.2213],[-89.7354,51.2188],[-89.7369,51.2179],[-89.7406,51.2182],[-89.745,51.2149],[-89.7476,51.2143],[-89.7594,51.2144],[-89.7678,51.2174],[-89.7765,51.217],[-89.7842,51.2153],[-89.7883,51.2162],[-89.7953,51.2119],[-89.8026,51.207],[-89.8054,51.2035],[-89.8065,51.2036],[-89.8134,51.2006],[-89.8164,51.2029],[-89.8186,51.2029],[-89.8238,51.1999],[-89.8261,51.1977],[-89.8305,51.1985],[-89.8327,51.1963],[-89.8368,51.1945],[-89.8391,51.1942],[-89.843,51.1905],[-89.8467,51.1897],[-89.8531,51.1852],[-89.8591,51.1786],[-89.8675,51.1759],[-89.8698,51.1737],[-89.8726,51.1731],[-89.8795,51.1727],[-89.882,51.1739],[-89.8849,51.1735],[-89.8874,51.1754],[-89.8913,51.1751],[-89.8955,51.17],[-89.8949,51.1621],[-89.8966,51.1585],[-89.8954,51.1573],[-89.8889,51.1572],[-89.8875,51.1555],[-89.8898,51.1535],[-89.8928,51.1537],[-89.902,51.1487],[-89.9044,51.1469],[-89.9082,51.1451],[-89.9121,51.1443],[-89.9168,51.1445],[-89.92,51.1461],[-89.9195,51.1475],[-89.9225,51.1479],[-89.9207,51.1517],[-89.9258,51.1487],[-89.9295,51.1496],[-89.9353,51.1488],[-89.9365,51.1526],[-89.9345,51.1554],[-89.9365,51.1564],[-89.9367,51.1591],[-89.9358,51.1609],[-89.9369,51.1627],[-89.9305,51.1624],[-89.9305,51.1646],[-89.9341,51.1665],[-89.9355,51.1664],[-89.9401,51.1679],[-89.9412,51.1656],[-89.9439,51.1655],[-89.9459,51.1671],[-89.9492,51.1665],[-89.9528,51.165],[-89.9525,51.1617],[-89.9537,51.1604],[-89.9568,51.1598],[-89.9586,51.158],[-89.9623,51.1563],[-89.9578,51.1535],[-89.9619,51.1533],[-89.9675,51.1506],[-89.9698,51.147],[-89.9773,51.1488],[-89.9805,51.1479],[-89.982,51.1453],[-89.9862,51.1453],[-89.9904,51.1417],[-89.992,51.1427],[-89.997,51.1432],[-89.9998,51.1421],[-90.0022,51.1399],[-90.0005,51.1383],[-90.0013,51.136],[-89.999,51.1359],[-89.9993,51.1334],[-89.9963,51.1317],[-89.9919,51.133],[-89.9883,51.131],[-89.9911,51.1297],[-89.994,51.1313],[-89.998,51.1294],[-90.008,51.1279],[-90.0093,51.1263],[-90.0121,51.1269],[-90.0121,51.1289],[-90.0176,51.1313],[-90.0191,51.1339],[-90.0178,51.1381],[-90.0212,51.1405],[-90.0236,51.1397],[-90.0285,51.1346],[-90.033,51.1305],[-90.0367,51.1289],[-90.0408,51.1283],[-90.042,51.1269],[-90.0416,51.125],[-90.0444,51.1219],[-90.0447,51.1198],[-90.0524,51.1217],[-90.0615,51.1216],[-90.066,51.1223],[-90.0691,51.1217],[-90.0711,51.1227],[-90.0743,51.1223],[-90.0779,51.1228],[-90.082,51.1219],[-90.0842,51.1231],[-90.0878,51.1223],[-90.096,51.1221],[-90.1003,51.1226],[-90.0988,51.1206],[-90.1013,51.1193],[-90.1064,51.12],[-90.109,51.1215],[-90.1143,51.1213],[-90.1179,51.1193],[-90.1197,51.1209],[-90.126,51.1207],[-90.1308,51.1199],[-90.1337,51.1179],[-90.1361,51.1189],[-90.1383,51.1186],[-90.1406,51.1213],[-90.1438,51.1226],[-90.1413,51.1237],[-90.1436,51.1252],[-90.1478,51.1232],[-90.1534,51.1238],[-90.1543,51.1259],[-90.1569,51.1266],[-90.1569,51.1288],[-90.1611,51.1287],[-90.1638,51.1275],[-90.1663,51.1296],[-90.1663,51.0281],[-90.1663,50.9933],[-90.1667,50.9151],[-90.1662,50.4952],[-90.1663,50.3243],[-90.1667,50.2543],[-90.1673,50.1507],[-90.1681,50.0635],[-90.2403,50.0633],[-90.3058,50.0631],[-90.3989,50.0627],[-90.4748,50.0623],[-90.5644,50.0618],[-90.6338,50.0614],[-90.766,50.0627],[-90.8103,50.0632],[-90.8524,50.0634],[-90.9119,50.0637],[-90.9634,50.0633],[-90.9632,50.2394],[-90.9768,50.2375],[-90.9807,50.2366],[-90.9929,50.231],[-90.9943,50.2292],[-90.9961,50.2228],[-90.9955,50.2171],[-90.9962,50.2153],[-91.0015,50.2098],[-91.0052,50.208],[-91.0076,50.2055],[-91.0089,50.202],[-91.014,50.1976],[-91.0184,50.1958],[-91.032,50.1954],[-91.0377,50.1931],[-91.0414,50.1926],[-91.0549,50.193],[-91.0586,50.1925],[-91.0635,50.1895],[-91.0728,50.1875],[-91.0787,50.1853],[-91.0814,50.1849],[-91.0946,50.185],[-91.0981,50.1855],[-91.1095,50.1894],[-91.1164,50.1902],[-91.128,50.1894],[-91.1375,50.1877],[-91.1415,50.1865],[-91.1483,50.1832],[-91.1519,50.1828],[-91.1544,50.1834],[-91.1567,50.1849],[-91.1603,50.1896],[-91.1636,50.1915],[-91.1665,50.1948],[-91.1688,50.1966],[-91.1845,50.2007],[-91.1893,50.2024],[-91.1928,50.2049],[-91.1963,50.2057],[-91.2043,50.2045],[-91.2128,50.2018],[-91.2205,50.2013],[-91.2364,50.199],[-91.2397,50.1987],[-91.2476,50.1999],[-91.2513,50.1995],[-91.2689,50.1919],[-91.2789,50.1902],[-91.2866,50.1877],[-91.3011,50.1843],[-91.3149,50.1844],[-91.3182,50.1838],[-91.3232,50.1818],[-91.3357,50.1785],[-91.3428,50.1755],[-91.3494,50.1744],[-91.3533,50.1716],[-91.3569,50.1702],[-91.3777,50.1684],[-91.4021,50.1686],[-91.4063,50.1691],[-91.4135,50.1712],[-91.4183,50.1735],[-91.4215,50.1745],[-91.4301,50.1732],[-91.4334,50.1732],[-91.441,50.174],[-91.4433,50.1739],[-91.451,50.1721],[-91.4603,50.168],[-91.4637,50.1673],[-91.4705,50.1675],[-91.4738,50.1671],[-91.478,50.166],[-91.4817,50.1658],[-91.4862,50.1664],[-91.4941,50.1652],[-91.506,50.1625],[-91.5165,50.1593],[-91.5214,50.1589],[-91.5378,50.1627],[-91.5403,50.1639],[-91.5433,50.1683],[-91.5475,50.1699],[-91.5608,50.1722],[-91.5635,50.1722],[-91.5706,50.1712],[-91.574,50.1698],[-91.5773,50.1674],[-91.5825,50.1658],[-91.5947,50.161],[-91.6073,50.1554],[-91.6169,50.1499],[-91.6226,50.1478],[-91.6259,50.1458],[-91.6484,50.1354],[-91.6569,50.1299],[-91.6677,50.1252],[-91.6782,50.1198],[-91.6833,50.1187],[-91.6901,50.1196],[-91.6942,50.1184],[-91.6995,50.1138],[-91.7042,50.1119],[-91.716,50.11],[-91.7237,50.108],[-91.7237,50.0726],[-91.7236,50.0637],[-91.7236,50.0206],[-91.7405,50.0206],[-91.7474,50.0232],[-91.7518,50.0234],[-91.7582,50.0221],[-91.7651,50.0195],[-91.7777,50.0155],[-91.7811,50.0151],[-91.7865,50.0153],[-91.7896,50.0166],[-91.7938,50.0168],[-91.7974,50.0155],[-91.8035,50.0162],[-91.8106,50.0161],[-91.8297,50.0089],[-91.8375,50.0077],[-91.844,50.0082],[-91.8495,50.0125],[-91.8494,50.0178],[-91.8546,50.0188],[-91.8586,50.0187],[-91.8669,50.0158],[-91.874,50.0154],[-91.8804,50.0183],[-91.8819,50.0232],[-91.8811,50.0267],[-91.8844,50.0318],[-91.8915,50.0341],[-91.8989,50.0344],[-91.9251,50.0342],[-91.9592,50.0342],[-91.9704,50.0341],[-92.0079,50.034],[-92.0077,49.9733],[-92.1119,49.9733],[-92.1874,49.9733],[-92.1985,49.9734],[-92.2386,49.9733],[-92.2771,49.9733],[-92.2771,50.0106],[-92.2772,50.0636],[-92.412,50.0636],[-92.4794,50.0636],[-92.5468,50.0637],[-92.6816,50.0636],[-92.8031,50.0636],[-92.9363,50.0641],[-93.0712,50.0641],[-93.206,50.0634],[-93.3409,50.0637],[-93.4757,50.0636],[-93.4752,49.9738],[-93.6051,49.9736],[-93.6049,49.887],[-93.7392,49.8868],[-93.8731,49.8868],[-94.0073,49.8868],[-94.1191,49.8868],[-94.1225,49.8846],[-94.124,49.8844],[-94.1317,49.8813],[-94.1348,49.8794],[-94.1343,49.8767],[-94.1283,49.8779],[-94.1272,49.875],[-94.1281,49.8739],[-94.1356,49.8726],[-94.1402,49.8704],[-94.1381,49.8691],[-94.1359,49.8645],[-94.1389,49.8624],[-94.1421,49.8633],[-94.1484,49.8628],[-94.1528,49.8614],[-94.163,49.8595],[-94.1674,49.8583],[-94.1687,49.8565],[-94.1727,49.8584],[-94.1731,49.8597],[-94.1705,49.8611],[-94.1747,49.865],[-94.1853,49.8635],[-94.1951,49.863],[-94.1986,49.8619],[-94.2013,49.8648],[-94.2031,49.8635],[-94.2026,49.8607],[-94.2083,49.8604],[-94.2075,49.8926],[-94.2075,49.9023],[-94.2078,49.9087],[-94.3432,49.9089],[-94.3434,49.914],[-94.3434,49.9343],[-94.3433,49.9775],[-94.3431,49.992],[-94.4113,49.9919],[-94.4785,49.9919],[-94.4779,49.9414],[-94.4783,49.9317],[-94.4778,49.905],[-94.5029,49.9052],[-94.5061,49.9062],[-94.5087,49.906],[-94.5121,49.9081],[-94.5169,49.909],[-94.5221,49.9111],[-94.5253,49.9141],[-94.5301,49.9131],[-94.5336,49.9137],[-94.5393,49.9157],[-94.5419,49.914],[-94.5527,49.9161],[-94.5535,49.9172],[-94.5521,49.9197],[-94.5531,49.9251],[-94.5564,49.9247],[-94.5615,49.9285],[-94.5631,49.9283],[-94.5678,49.9299],[-94.5699,49.932],[-94.5722,49.9318],[-94.5727,49.9301],[-94.5754,49.9296],[-94.5772,49.9307],[-94.58,49.9294],[-94.5801,49.9253],[-94.5778,49.9251],[-94.5765,49.9234],[-94.5796,49.9222],[-94.5827,49.9199],[-94.5827,49.9735],[-94.5827,50.027],[-94.5827,50.1151],[-94.6873,50.1151],[-94.6873,50.0862],[-94.7548,50.0861],[-94.7548,50.0019],[-94.7548,49.9196],[-94.8893,49.9195],[-94.8886,50.0065],[-95.048,50.0068],[-95.1542,50.0069],[-95.1543,50.0391],[-95.1543,50.1096],[-95.1542,50.1901],[-95.1541,50.2464],[-95.154,50.2885],[-95.1539,50.3415],[-95.1539,50.3774],[-95.1538,50.444],[-95.1537,50.5036],[-95.1535,50.7657],[-95.1535,50.7751],[-95.154,50.8243],[-95.1542,50.8582],[-95.1543,50.9403],[-95.1541,51.0632],[-95.1541,51.2768],[-95.1541,51.2947],[-95.1546,51.5112],[-95.1551,51.6902],[-95.1551,51.695],[-95.1549,51.9691],[-95.1548,52.2866],[-95.1546,52.7881],[-95.1546,52.8384],[-95.1272,52.8554],[-95.0143,52.9243],[-94.8704,53.0121],[-94.8616,53.0173],[-94.5388,53.2112],[-94.5168,53.2245],[-94.051,53.5047],[-93.961,53.5583],[-93.8216,53.642],[-93.7386,53.6919],[-93.6911,53.7204],[-93.6309,53.76],[-93.5937,53.7844],[-93.5479,53.8174],[-93.364,53.9499],[-93.3013,53.995],[-93.1968,54.07],[-93.1291,54.1192],[-93,54.2122],[-92.8523,54.3186],[-92.7348,54.4033],[-92.6426,54.4697],[-92.5964,54.503],[-92.5787,54.5156],[-92.4778,54.5876],[-92.3972,54.6433],[-92.0151,54.9073],[-91.9787,54.9324],[-91.8512,55.0205],[-91.391,55.3275],[-91.2435,55.4258],[-91.1611,55.4803],[-90.9811,55.5994],[-90.7146,55.7757],[-90.6613,55.811],[-90.5982,55.8528],[-90.483,55.9281],[-90.3563,56.0094],[-90.308,56.0395],[-90.2466,56.0777],[-90.2021,56.1053],[-90.1227,56.1546],[-90.059,56.1942],[-90.0025,56.2293],[-89.9637,56.2535],[-89.3967,56.6083],[-89.3095,56.6621],[-89.0544,56.8184],[-89.0453,56.824],[-89.005,56.8485],[-88.9593,56.845],[-88.9451,56.8436],[-88.9259,56.8443],[-88.9181,56.8463],[-88.8983,56.8571],[-88.8904,56.859],[-88.8834,56.8589],[-88.8754,56.8574],[-88.8706,56.8541],[-88.8661,56.8478],[-88.8684,56.835],[-88.8632,56.8314],[-88.8582,56.8315],[-88.8518,56.8375],[-88.857,56.8404],[-88.8546,56.8425],[-88.8362,56.8416],[-88.8252,56.8395],[-88.8192,56.8359],[-88.8146,56.8275],[-88.8169,56.8223],[-88.8247,56.8199],[-88.8354,56.8172],[-88.8383,56.8099],[-88.8338,56.8019],[-88.8307,56.7988],[-88.8127,56.7881],[-88.7503,56.763],[-88.6963,56.737],[-88.6876,56.729],[-88.6831,56.7142],[-88.6732,56.7056],[-88.6604,56.6987],[-88.6338,56.6891],[-88.6068,56.6782],[-88.5546,56.6611],[-88.5267,56.6583],[-88.5163,56.6575],[-88.4877,56.6467],[-88.4753,56.6381],[-88.4684,56.6305],[-88.4542,56.6172],[-88.4393,56.6078],[-88.3655,56.573],[-88.2851,56.5445],[-88.2625,56.5367],[-88.2488,56.5337],[-88.2199,56.5219],[-88.1726,56.5148],[-88.1481,56.5116],[-88.0816,56.4981],[-88.0683,56.4934],[-88.0467,56.4879],[-88.0312,56.4802],[-87.9842,56.4665],[-87.9691,56.4584],[-87.959,56.4489],[-87.9511,56.4293],[-87.9515,56.4129],[-87.9442,56.405],[-87.932,56.393],[-87.9153,56.3829],[-87.8791,56.3662],[-87.8571,56.3386],[-87.8482,56.3286],[-87.8224,56.3137],[-87.7725,56.2636],[-87.7417,56.2424],[-87.7279,56.2272],[-87.7243,56.2142],[-87.7143,56.2027],[-87.6956,56.1683],[-87.6839,56.1554],[-87.6731,56.1473],[-87.6573,56.1286],[-87.6403,56.1153],[-87.6402,56.1119],[-87.643,56.1098],[-87.654,56.1063],[-87.6491,56.1032],[-87.6347,56.1003],[-87.6252,56.0935],[-87.6,56.0847],[-87.571,56.0707],[-87.5699,56.0689],[-87.5414,56.0605],[-87.5366,56.0608],[-87.5251,56.0577],[-87.5148,56.0516],[-87.5049,56.0427],[-87.4791,56.0305],[-87.4774,56.0264],[-87.4822,56.0227],[-87.4924,56.0204],[-87.5,56.0206],[-87.5,56.0154],[-87.4805,56.0132],[-87.4515,56.0069],[-87.439,55.9999],[-87.4346,55.9982],[-87.4231,55.9873],[-87.4137,55.9847],[-87.394,55.9822],[-87.3783,55.9766],[-87.361,55.9644],[-87.359,55.9602],[-87.3625,55.9574],[-87.3645,55.9476],[-87.3577,55.9428],[-87.3543,55.9511],[-87.3508,55.9533],[-87.3328,55.9542],[-87.2959,55.942],[-87.2694,55.9358],[-87.2116,55.9289],[-87.2063,55.9255],[-87.1609,55.9209],[-87.16,55.9217],[-87.1315,55.9184],[-87.1148,55.9153],[-87.0553,55.9131],[-87.04,55.9148],[-87.0295,55.9139],[-87.021,55.9102],[-87.0147,55.9083],[-86.9876,55.9107],[-86.9755,55.9071],[-86.9682,55.9068],[-86.9363,55.9078],[-86.9206,55.9066],[-86.9089,55.9061],[-86.874,55.8922],[-86.8614,55.8889],[-86.8484,55.8887],[-86.8193,55.8764],[-86.7933,55.8684],[-86.7894,55.8603],[-86.7812,55.8645],[-86.7728,55.8635],[-86.7316,55.8454],[-86.71,55.8395],[-86.6941,55.8334],[-86.6859,55.831],[-86.6356,55.8246],[-86.6266,55.8219],[-86.6059,55.819],[-86.5926,55.8151],[-86.5742,55.8069]]]},"properties":{"id":123,"name":"Kiiwetinoong"}},{"type":"Feature","geometry":{"type":"Polygon","coordinates":[[[-78.6927,44.0584],[-78.6817,44.0343],[-78.6544,43.9734],[-78.6425,43.9477],[-78.6345,43.9299],[-78.6229,43.9033],[-78.6188,43.9039],[-78.608,43.9061],[-78.604,43.8972],[-78.6073,43.8984],[-78.6123,43.8989],[-78.6192,43.8983],[-78.6233,43.8968],[-78.632,43.8955],[-78.6362,43.893],[-78.6429,43.8924],[-78.6523,43.8922],[-78.6579,43.891],[-78.6628,43.889],[-78.6646,43.8877],[-78.6671,43.888],[-78.6726,43.8867],[-78.6775,43.8842],[-78.6811,43.8799],[-78.6835,43.8786],[-78.689,43.8779],[-78.6927,43.8763],[-78.6968,43.8753],[-78.7026,43.8718],[-78.7121,43.8676],[-78.7169,43.8669],[-78.7254,43.8667],[-78.7317,43.8681],[-78.7369,43.8638],[-78.7398,43.8557],[-78.7406,43.8559],[-78.7376,43.8641],[-78.7319,43.8688],[-78.732,43.8694],[-78.7393,43.8699],[-78.7483,43.8685],[-78.7536,43.868],[-78.7597,43.8685],[-78.7725,43.8682],[-78.7767,43.8684],[-78.7843,43.8696],[-78.7899,43.8686],[-78.7913,43.8678],[-78.7952,43.8675],[-78.7962,43.8664],[-78.8057,43.889],[-78.8298,43.944],[-78.9132,43.9252],[-78.9131,43.9254],[-78.9191,43.9388],[-78.9286,43.9607],[-78.936,43.9769],[-78.9434,43.9941],[-78.944,43.9942],[-78.9512,44.011],[-78.952,44.0142],[-78.9586,44.0289],[-78.9936,44.0212],[-79.0033,44.019],[-79.0473,44.0093],[-79.0528,44.0217],[-79.0616,44.0421],[-79.0718,44.0666],[-79.0796,44.0847],[-79.0901,44.1084],[-79.1009,44.1331],[-79.1225,44.1833],[-79.0657,44.196],[-79.0446,44.201],[-79.0088,44.2088],[-78.9947,44.2118],[-78.9732,44.216],[-78.9523,44.2207],[-78.9369,44.1871],[-78.9214,44.1507],[-78.9212,44.1595],[-78.9202,44.1643],[-78.9176,44.1704],[-78.9165,44.1771],[-78.9164,44.1819],[-78.9153,44.1861],[-78.912,44.191],[-78.9082,44.1955],[-78.9007,44.2028],[-78.8983,44.2055],[-78.8963,44.2091],[-78.8942,44.2115],[-78.887,44.2154],[-78.8826,44.2173],[-78.878,44.2198],[-78.8743,44.221],[-78.8701,44.2204],[-78.8672,44.2193],[-78.8605,44.2188],[-78.8563,44.218],[-78.8529,44.2163],[-78.85,44.2137],[-78.8474,44.2079],[-78.8466,44.2048],[-78.8486,44.1935],[-78.848,44.1891],[-78.8461,44.1844],[-78.8419,44.1785],[-78.8412,44.1751],[-78.844,44.1679],[-78.8386,44.172],[-78.836,44.1746],[-78.8323,44.1772],[-78.8264,44.1802],[-78.8173,44.1852],[-78.8083,44.1907],[-78.8025,44.1951],[-78.787,44.2105],[-78.7767,44.2218],[-78.7727,44.2236],[-78.7694,44.2257],[-78.76,44.2053],[-78.759,44.2026],[-78.748,44.1779],[-78.7312,44.1413],[-78.727,44.1318],[-78.7089,44.0924],[-78.7032,44.0804],[-78.6989,44.0716],[-78.6927,44.0584]]]},"properties":{"id":24,"name":"Durham"}},{"type":"Feature","geometry":{"type":"Polygon","coordinates":[[[-90.9634,50.0633],[-90.964,49.5957],[-90.9641,49.5415],[-90.964,49.4548],[-90.9641,49.3681],[-90.964,49.3363],[-90.963,49.3323],[-90.9637,49.2552],[-90.9638,49.1941],[-90.9639,49.1089],[-90.963,49.0201],[-91.0353,49.0201],[-91.1066,49.0201],[-91.2076,49.02],[-91.6153,49.0188],[-91.7531,49.0181],[-91.7523,48.8649],[-91.7522,48.8456],[-91.7523,48.7589],[-91.7517,48.7589],[-91.7519,48.6722],[-91.6743,48.6721],[-91.6131,48.672],[-91.6126,48.6566],[-91.6056,48.4311],[-91.5967,48.1422],[-91.5955,48.1022],[-91.6147,48.1022],[-91.6397,48.0972],[-91.6529,48.1101],[-91.651,48.1129],[-91.6532,48.1144],[-91.6556,48.1133],[-91.6828,48.1177],[-91.6839,48.1177],[-91.683,48.1222],[-91.6901,48.1207],[-91.6914,48.1178],[-91.7099,48.118],[-91.7077,48.1233],[-91.703,48.1259],[-91.7008,48.1308],[-91.6997,48.1315],[-91.6993,48.1377],[-91.6977,48.144],[-91.6992,48.1453],[-91.7025,48.1447],[-91.7063,48.1496],[-91.7078,48.1527],[-91.7049,48.1586],[-91.7051,48.1695],[-91.7067,48.1728],[-91.7133,48.1726],[-91.7229,48.1689],[-91.7245,48.1707],[-91.723,48.1739],[-91.7225,48.1785],[-91.7127,48.1871],[-91.7114,48.1894],[-91.7108,48.1943],[-91.7136,48.1985],[-91.7362,48.2041],[-91.7426,48.2047],[-91.7417,48.2],[-91.7432,48.1989],[-91.7466,48.1984],[-91.7527,48.202],[-91.7554,48.2065],[-91.7617,48.2051],[-91.7618,48.2022],[-91.7637,48.2008],[-91.7748,48.2005],[-91.7802,48.2015],[-91.7826,48.1982],[-91.7852,48.1965],[-91.7891,48.1976],[-91.7889,48.2083],[-91.791,48.2089],[-91.804,48.209],[-91.8016,48.2121],[-91.8047,48.2132],[-91.8069,48.2128],[-91.8097,48.2136],[-91.8135,48.2123],[-91.8167,48.2122],[-91.8319,48.2093],[-91.8361,48.2104],[-91.8451,48.2095],[-91.8641,48.2096],[-91.8671,48.2187],[-91.8809,48.2254],[-91.8911,48.2375],[-91.9045,48.2369],[-91.9076,48.2384],[-91.9127,48.2384],[-91.918,48.2389],[-91.9216,48.2363],[-91.9366,48.2345],[-91.9433,48.2305],[-91.952,48.2332],[-91.9593,48.2332],[-91.9593,48.2367],[-91.9574,48.2394],[-91.9578,48.2444],[-91.9494,48.2447],[-91.9484,48.2465],[-91.954,48.2496],[-91.9539,48.2523],[-91.9573,48.2524],[-91.9592,48.2537],[-91.969,48.2539],[-91.9717,48.2526],[-91.9723,48.2501],[-91.9701,48.2486],[-91.9732,48.2471],[-91.9762,48.2443],[-91.978,48.2474],[-91.9807,48.2483],[-91.9895,48.2603],[-92.0067,48.2655],[-92.0075,48.2807],[-92.0123,48.2875],[-92.0133,48.2976],[-92.0004,48.3213],[-92.0308,48.3259],[-92.0379,48.3332],[-92.0467,48.3348],[-92.048,48.3438],[-92.0452,48.3459],[-92.0461,48.3482],[-92.0491,48.3489],[-92.0542,48.3575],[-92.0607,48.3594],[-92.0678,48.3594],[-92.0782,48.3581],[-92.0837,48.3538],[-92.0927,48.3545],[-92.1441,48.3559],[-92.1453,48.3657],[-92.1618,48.3635],[-92.1778,48.357],[-92.1793,48.3546],[-92.1786,48.3518],[-92.1928,48.3486],[-92.1949,48.3486],[-92.1957,48.3505],[-92.2044,48.3519],[-92.2084,48.348],[-92.2067,48.3471],[-92.2075,48.3455],[-92.2174,48.3448],[-92.218,48.3461],[-92.2216,48.3487],[-92.2625,48.3549],[-92.2888,48.3428],[-92.2958,48.324],[-92.3045,48.3229],[-92.3063,48.3163],[-92.2947,48.3063],[-92.3018,48.2881],[-92.2946,48.2764],[-92.2934,48.2759],[-92.2947,48.2714],[-92.2903,48.2649],[-92.2738,48.2566],[-92.2696,48.248],[-92.2794,48.2449],[-92.3143,48.2406],[-92.3219,48.2374],[-92.3254,48.2369],[-92.3288,48.2351],[-92.3332,48.2338],[-92.336,48.2356],[-92.3386,48.235],[-92.3419,48.2317],[-92.3442,48.232],[-92.3531,48.2302],[-92.3548,48.2284],[-92.3601,48.2255],[-92.3622,48.2228],[-92.3673,48.224],[-92.3669,48.2219],[-92.3695,48.22],[-92.3712,48.224],[-92.3755,48.2264],[-92.376,48.2284],[-92.3781,48.2301],[-92.3786,48.2355],[-92.3805,48.2362],[-92.3842,48.2405],[-92.3833,48.2439],[-92.3867,48.2439],[-92.3877,48.2467],[-92.3846,48.2493],[-92.3867,48.2516],[-92.3896,48.2505],[-92.3922,48.251],[-92.3922,48.2526],[-92.3892,48.2536],[-92.3931,48.2575],[-92.3925,48.2585],[-92.3939,48.2609],[-92.4016,48.2706],[-92.4162,48.2957],[-92.4214,48.2996],[-92.4259,48.3047],[-92.4286,48.3058],[-92.4321,48.3054],[-92.4378,48.3096],[-92.44,48.3142],[-92.4746,48.3648],[-92.4769,48.3717],[-92.4618,48.3939],[-92.4567,48.401],[-92.4566,48.4141],[-92.4757,48.4187],[-92.4793,48.4234],[-92.4814,48.4254],[-92.4821,48.4283],[-92.4897,48.4304],[-92.4951,48.4366],[-92.5074,48.4483],[-92.5149,48.4486],[-92.5372,48.4479],[-92.576,48.441],[-92.6564,48.4367],[-92.6634,48.4402],[-92.6882,48.4439],[-92.7108,48.4616],[-92.713,48.4629],[-92.7088,48.4703],[-92.7096,48.4729],[-92.7017,48.4846],[-92.6989,48.4951],[-92.6856,48.4977],[-92.6617,48.4962],[-92.654,48.5016],[-92.6471,48.4999],[-92.6418,48.5],[-92.6371,48.4993],[-92.6311,48.5005],[-92.6265,48.5033],[-92.6289,48.5056],[-92.6315,48.5068],[-92.63,48.5095],[-92.6246,48.513],[-92.6265,48.5141],[-92.625,48.5178],[-92.6277,48.5218],[-92.6345,48.5426],[-92.6573,48.546],[-92.689,48.543],[-92.7282,48.5392],[-92.8352,48.575],[-92.8943,48.5949],[-92.9098,48.5963],[-92.9296,48.6069],[-92.95,48.6082],[-92.9497,48.6303],[-92.9548,48.6315],[-92.9847,48.6238],[-93.0904,48.6278],[-93.1784,48.6233],[-93.1842,48.6284],[-93.2076,48.6426],[-93.2546,48.6428],[-93.2718,48.6399],[-93.3487,48.6264],[-93.3535,48.6149],[-93.3528,48.6137],[-93.3551,48.6115],[-93.3621,48.6141],[-93.3676,48.6081],[-93.3717,48.6058],[-93.3823,48.6059],[-93.3852,48.6058],[-93.3948,48.6039],[-93.3994,48.6049],[-93.4037,48.6098],[-93.406,48.6099],[-93.4144,48.6065],[-93.415,48.6054],[-93.4191,48.6035],[-93.4227,48.6033],[-93.4299,48.5998],[-93.4349,48.5955],[-93.4399,48.5938],[-93.4549,48.5927],[-93.4627,48.5928],[-93.4655,48.5918],[-93.4673,48.5885],[-93.4619,48.5731],[-93.4576,48.5672],[-93.4579,48.5598],[-93.4599,48.5537],[-93.4626,48.5498],[-93.4657,48.5465],[-93.4849,48.5434],[-93.4961,48.5425],[-93.5012,48.5417],[-93.5174,48.5348],[-93.5273,48.5341],[-93.5371,48.5318],[-93.5426,48.5301],[-93.5478,48.5294],[-93.5605,48.5297],[-93.5765,48.5271],[-93.5813,48.5272],[-93.5864,48.5296],[-93.59,48.5305],[-93.5964,48.5287],[-93.6054,48.5232],[-93.6124,48.5225],[-93.6169,48.5238],[-93.6218,48.5265],[-93.6259,48.5315],[-93.6288,48.5319],[-93.6313,48.5314],[-93.636,48.5285],[-93.6398,48.5218],[-93.6437,48.5191],[-93.6476,48.5178],[-93.6595,48.5165],[-93.6768,48.5169],[-93.6868,48.5155],[-93.6933,48.5154],[-93.7061,48.5182],[-93.7112,48.5187],[-93.721,48.5177],[-93.7394,48.5185],[-93.7528,48.5159],[-93.7621,48.5167],[-93.7682,48.5164],[-93.7879,48.516],[-93.7937,48.5165],[-93.8032,48.5221],[-93.8114,48.5248],[-93.8165,48.5287],[-93.8187,48.5315],[-93.8179,48.5351],[-93.8112,48.541],[-93.8104,48.5446],[-93.8121,48.5505],[-93.8083,48.5569],[-93.8053,48.5646],[-93.8043,48.5704],[-93.8064,48.5794],[-93.8132,48.5879],[-93.8159,48.5931],[-93.8183,48.599],[-93.8215,48.6092],[-93.8251,48.6139],[-93.8294,48.6177],[-93.8335,48.6257],[-93.8366,48.6276],[-93.8445,48.6303],[-93.8481,48.6308],[-93.87,48.6312],[-93.8759,48.6319],[-93.8888,48.6312],[-93.9197,48.6316],[-93.9355,48.6325],[-93.9504,48.6339],[-93.9537,48.6344],[-93.9596,48.6372],[-93.9681,48.6385],[-93.9779,48.6386],[-93.9842,48.6402],[-93.9891,48.6404],[-94.0007,48.6429],[-94.0068,48.6434],[-94.0293,48.641],[-94.0357,48.6412],[-94.0436,48.6435],[-94.0525,48.6441],[-94.0603,48.6432],[-94.0644,48.6438],[-94.066,48.6463],[-94.0713,48.646],[-94.0766,48.6444],[-94.0843,48.6442],[-94.0914,48.6437],[-94.1003,48.6459],[-94.11,48.6443],[-94.1262,48.6444],[-94.1392,48.646],[-94.1524,48.6456],[-94.1575,48.6459],[-94.1679,48.6482],[-94.1887,48.6505],[-94.1998,48.651],[-94.2146,48.6494],[-94.2243,48.6496],[-94.2335,48.6525],[-94.2437,48.6534],[-94.2468,48.6542],[-94.2513,48.657],[-94.2546,48.6614],[-94.255,48.6639],[-94.2527,48.6704],[-94.2507,48.6781],[-94.2515,48.6837],[-94.253,48.6864],[-94.2582,48.6918],[-94.2612,48.6966],[-94.2647,48.699],[-94.2746,48.6999],[-94.283,48.7057],[-94.2915,48.7079],[-94.309,48.7103],[-94.3291,48.7045],[-94.3431,48.7034],[-94.3587,48.7042],[-94.3683,48.7065],[-94.3802,48.7111],[-94.3845,48.7119],[-94.3889,48.7121],[-94.406,48.7106],[-94.4192,48.7103],[-94.4255,48.7045],[-94.4382,48.6953],[-94.4473,48.693],[-94.4527,48.6925],[-94.4575,48.6934],[-94.4641,48.6954],[-94.4708,48.6966],[-94.486,48.6979],[-94.4995,48.698],[-94.5096,48.7006],[-94.5249,48.7016],[-94.5331,48.7013],[-94.5387,48.7028],[-94.546,48.7126],[-94.5493,48.7148],[-94.5561,48.7163],[-94.5713,48.7156],[-94.5879,48.7177],[-94.5917,48.7198],[-94.5968,48.7251],[-94.6015,48.7283],[-94.611,48.732],[-94.6194,48.7373],[-94.6325,48.7394],[-94.6445,48.7433],[-94.6456,48.7442],[-94.6456,48.7492],[-94.6522,48.7564],[-94.6606,48.7606],[-94.6674,48.7664],[-94.6771,48.7718],[-94.6869,48.775],[-94.6911,48.7782],[-94.6946,48.7899],[-94.696,48.7999],[-94.6955,48.8098],[-94.7045,48.8244],[-94.7022,48.8317],[-94.6885,48.8456],[-94.6861,48.8462],[-94.6836,48.8549],[-94.6799,48.8667],[-94.6781,48.8778],[-94.6798,48.8843],[-94.7194,48.9999],[-94.7228,49.012],[-94.7292,49.0327],[-94.7423,49.0751],[-94.7497,49.0987],[-94.7526,49.1016],[-94.7729,49.1206],[-94.7831,49.1521],[-94.7957,49.1909],[-94.7979,49.198],[-94.7972,49.2137],[-94.8171,49.2712],[-94.8252,49.2942],[-94.8243,49.3086],[-94.8157,49.3214],[-94.8351,49.3242],[-94.854,49.3242],[-94.8781,49.3334],[-94.9061,49.3483],[-94.9087,49.3501],[-94.9514,49.3683],[-94.9575,49.3703],[-94.9747,49.3677],[-94.9891,49.3689],[-95.0141,49.3565],[-95.0488,49.3532],[-95.0581,49.3531],[-95.0659,49.3551],[-95.0666,49.3662],[-95.0749,49.3661],[-95.0789,49.3651],[-95.0805,49.366],[-95.0851,49.3647],[-95.089,49.3648],[-95.0908,49.3658],[-95.1046,49.3656],[-95.1097,49.3663],[-95.1161,49.3667],[-95.1289,49.3705],[-95.1329,49.3747],[-95.1399,49.3762],[-95.1422,49.3783],[-95.1453,49.3784],[-95.1468,49.3802],[-95.1499,49.3808],[-95.1506,49.3836],[-95.1533,49.3846],[-95.1539,49.3884],[-95.1561,49.3927],[-95.1538,49.3961],[-95.1534,49.3994],[-95.1536,49.4524],[-95.1535,49.5073],[-95.1533,49.5765],[-95.1534,49.6461],[-95.1533,49.6636],[-95.1534,49.6715],[-95.1535,49.7094],[-95.1537,49.7975],[-95.1537,49.8326],[-95.1539,49.9318],[-95.1542,50.0069],[-95.048,50.0068],[-94.8886,50.0065],[-94.8893,49.9195],[-94.7548,49.9196],[-94.7548,50.0019],[-94.7548,50.0861],[-94.6873,50.0862],[-94.6873,50.1151],[-94.5827,50.1151],[-94.5827,50.027],[-94.5827,49.9735],[-94.5827,49.9199],[-94.5796,49.9222],[-94.5765,49.9234],[-94.5778,49.9251],[-94.5801,49.9253],[-94.58,49.9294],[-94.5772,49.9307],[-94.5754,49.9296],[-94.5727,49.9301],[-94.5722,49.9318],[-94.5699,49.932],[-94.5678,49.9299],[-94.5631,49.9283],[-94.5615,49.9285],[-94.5564,49.9247],[-94.5531,49.9251],[-94.5521,49.9197],[-94.5535,49.9172],[-94.5527,49.9161],[-94.5419,49.914],[-94.5393,49.9157],[-94.5336,49.9137],[-94.5301,49.9131],[-94.5253,49.9141],[-94.5221,49.9111],[-94.5169,49.909],[-94.5121,49.9081],[-94.5087,49.906],[-94.5061,49.9062],[-94.5029,49.9052],[-94.4778,49.905],[-94.4783,49.9317],[-94.4779,49.9414],[-94.4785,49.9919],[-94.4113,49.9919],[-94.3431,49.992],[-94.3433,49.9775],[-94.3434,49.9343],[-94.3434,49.914],[-94.3432,49.9089],[-94.2078,49.9087],[-94.2075,49.9023],[-94.2075,49.8926],[-94.2083,49.8604],[-94.2026,49.8607],[-94.2031,49.8635],[-94.2013,49.8648],[-94.1986,49.8619],[-94.1951,49.863],[-94.1853,49.8635],[-94.1747,49.865],[-94.1705,49.8611],[-94.1731,49.8597],[-94.1727,49.8584],[-94.1687,49.8565],[-94.1674,49.8583],[-94.163,49.8595],[-94.1528,49.8614],[-94.1484,49.8628],[-94.1421,49.8633],[-94.1389,49.8624],[-94.1359,49.8645],[-94.1381,49.8691],[-94.1402,49.8704],[-94.1356,49.8726],[-94.1281,49.8739],[-94.1272,49.875],[-94.1283,49.8779],[-94.1343,49.8767],[-94.1348,49.8794],[-94.1317,49.8813],[-94.124,49.8844],[-94.1225,49.8846],[-94.1191,49.8868],[-94.0073,49.8868],[-93.8731,49.8868],[-93.7392,49.8868],[-93.6049,49.887],[-93.6051,49.9736],[-93.4752,49.9738],[-93.4757,50.0636],[-93.3409,50.0637],[-93.206,50.0634],[-93.0712,50.0641],[-92.9363,50.0641],[-92.8031,50.0636],[-92.6816,50.0636],[-92.5468,50.0637],[-92.4794,50.0636],[-92.412,50.0636],[-92.2772,50.0636],[-92.2771,50.0106],[-92.2771,49.9733],[-92.2386,49.9733],[-92.1985,49.9734],[-92.1874,49.9733],[-92.1119,49.9733],[-92.0077,49.9733],[-92.0079,50.034],[-91.9704,50.0341],[-91.9592,50.0342],[-91.9251,50.0342],[-91.8989,50.0344],[-91.8915,50.0341],[-91.8844,50.0318],[-91.8811,50.0267],[-91.8819,50.0232],[-91.8804,50.0183],[-91.874,50.0154],[-91.8669,50.0158],[-91.8586,50.0187],[-91.8546,50.0188],[-91.8494,50.0178],[-91.8495,50.0125],[-91.844,50.0082],[-91.8375,50.0077],[-91.8297,50.0089],[-91.8106,50.0161],[-91.8035,50.0162],[-91.7974,50.0155],[-91.7938,50.0168],[-91.7896,50.0166],[-91.7865,50.0153],[-91.7811,50.0151],[-91.7777,50.0155],[-91.7651,50.0195],[-91.7582,50.0221],[-91.7518,50.0234],[-91.7474,50.0232],[-91.7405,50.0206],[-91.7236,50.0206],[-91.7236,50.0637],[-91.7237,50.0726],[-91.7237,50.108],[-91.716,50.11],[-91.7042,50.1119],[-91.6995,50.1138],[-91.6942,50.1184],[-91.6901,50.1196],[-91.6833,50.1187],[-91.6782,50.1198],[-91.6677,50.1252],[-91.6569,50.1299],[-91.6484,50.1354],[-91.6259,50.1458],[-91.6226,50.1478],[-91.6169,50.1499],[-91.6073,50.1554],[-91.5947,50.161],[-91.5825,50.1658],[-91.5773,50.1674],[-91.574,50.1698],[-91.5706,50.1712],[-91.5635,50.1722],[-91.5608,50.1722],[-91.5475,50.1699],[-91.5433,50.1683],[-91.5403,50.1639],[-91.5378,50.1627],[-91.5214,50.1589],[-91.5165,50.1593],[-91.506,50.1625],[-91.4941,50.1652],[-91.4862,50.1664],[-91.4817,50.1658],[-91.478,50.166],[-91.4738,50.1671],[-91.4705,50.1675],[-91.4637,50.1673],[-91.4603,50.168],[-91.451,50.1721],[-91.4433,50.1739],[-91.441,50.174],[-91.4334,50.1732],[-91.4301,50.1732],[-91.4215,50.1745],[-91.4183,50.1735],[-91.4135,50.1712],[-91.4063,50.1691],[-91.4021,50.1686],[-91.3777,50.1684],[-91.3569,50.1702],[-91.3533,50.1716],[-91.3494,50.1744],[-91.3428,50.1755],[-91.3357,50.1785],[-91.3232,50.1818],[-91.3182,50.1838],[-91.3149,50.1844],[-91.3011,50.1843],[-91.2866,50.1877],[-91.2789,50.1902],[-91.2689,50.1919],[-91.2513,50.1995],[-91.2476,50.1999],[-91.2397,50.1987],[-91.2364,50.199],[-91.2205,50.2013],[-91.2128,50.2018],[-91.2043,50.2045],[-91.1963,50.2057],[-91.1928,50.2049],[-91.1893,50.2024],[-91.1845,50.2007],[-91.1688,50.1966],[-91.1665,50.1948],[-91.1636,50.1915],[-91.1603,50.1896],[-91.1567,50.1849],[-91.1544,50.1834],[-91.1519,50.1828],[-91.1483,50.1832],[-91.1415,50.1865],[-91.1375,50.1877],[-91.128,50.1894],[-91.1164,50.1902],[-91.1095,50.1894],[-91.0981,50.1855],[-91.0946,50.185],[-91.0814,50.1849],[-91.0787,50.1853],[-91.0728,50.1875],[-91.0635,50.1895],[-91.0586,50.1925],[-91.0549,50.193],[-91.0414,50.1926],[-91.0377,50.1931],[-91.032,50.1954],[-91.0184,50.1958],[-91.014,50.1976],[-91.0089,50.202],[-91.0076,50.2055],[-91.0052,50.208],[-91.0015,50.2098],[-90.9962,50.2153],[-90.9955,50.2171],[-90.9961,50.2228],[-90.9943,50.2292],[-90.9929,50.231],[-90.9807,50.2366],[-90.9768,50.2375],[-90.9632,50.2394],[-90.9634,50.0633]]]},"properties":{"id":44,"name":"Kenora—Rainy River"}},{"type":"Feature","geometry":{"type":"Polygon","coordinates":[[[-80.9853,46.5371],[-80.9853,46.5368],[-80.9439,46.5372],[-80.9233,46.5373],[-80.9086,46.5371],[-80.8813,46.5368],[-80.8812,46.4644],[-80.8814,46.4499],[-80.8799,46.4499],[-80.8804,46.4264],[-80.885,46.4275],[-80.8959,46.4288],[-80.8995,46.4302],[-80.9022,46.432],[-80.9062,46.4327],[-80.9137,46.4319],[-80.9302,46.4318],[-80.9677,46.4358],[-80.9761,46.4361],[-80.9816,46.4384],[-80.9843,46.4407],[-80.9862,46.4439],[-80.9886,46.4461],[-80.9941,46.4492],[-80.9979,46.4505],[-81.0031,46.4515],[-81.004,46.4497],[-81.0462,46.4499],[-81.0727,46.4498],[-81.0743,46.4521],[-81.085,46.4521],[-81.0848,46.4588],[-81.0777,46.4589],[-81.0768,46.4802],[-81.0701,46.4804],[-81.0694,46.5079],[-81.0689,46.5223],[-81.0688,46.5368],[-81.0478,46.5366],[-81.0266,46.5367],[-81.0059,46.5367],[-81.0061,46.5403],[-80.9957,46.5403],[-80.9959,46.5441],[-80.9856,46.5441],[-80.9853,46.5371]]]},"properties":{"id":103,"name":"Sudbury"}},{"type":"Feature","geometry":{"type":"Polygon","coordinates":[[[-78.4054,46.2942],[-78.3981,46.2821],[-78.398,46.2732],[-78.4131,46.2733],[-78.3759,46.2063],[-78.329,46.1217],[-78.3516,46.1157],[-78.369,46.111],[-78.4123,46.0988],[-78.4355,46.0927],[-78.4403,46.091],[-78.5118,46.0718],[-78.5041,46.0541],[-78.5778,46.034],[-78.6812,46.0057],[-78.658,45.964],[-78.6173,45.8907],[-78.445,45.9351],[-78.4365,45.9192],[-78.4186,45.8847],[-78.4097,45.8675],[-78.4006,45.8503],[-78.3827,45.8158],[-78.3801,45.8165],[-78.3557,45.773],[-78.3136,45.6976],[-78.291,45.6565],[-78.2481,45.5783],[-78.312,45.5615],[-78.3714,45.5457],[-78.4251,45.5314],[-78.4702,45.5196],[-78.5801,45.4899],[-78.636,45.4749],[-78.6788,45.4625],[-78.7321,45.448],[-78.7912,45.4325],[-78.8022,45.4296],[-78.8125,45.4284],[-78.8598,45.4143],[-78.878,45.4482],[-78.9058,45.4996],[-78.9244,45.534],[-78.9304,45.5324],[-78.9575,45.5823],[-78.9946,45.6507],[-78.9928,45.6512],[-79.0113,45.6853],[-79.0257,45.712],[-79.0299,45.7194],[-79.0417,45.7411],[-79.0515,45.7385],[-79.0561,45.7469],[-79.0463,45.7496],[-79.0532,45.7621],[-79.0581,45.7608],[-79.0625,45.7688],[-79.1299,45.7512],[-79.1434,45.776],[-79.1484,45.7858],[-79.1624,45.8115],[-79.1708,45.8271],[-79.1748,45.834],[-79.1807,45.8449],[-79.195,45.871],[-79.1897,45.8724],[-79.2111,45.9115],[-79.227,45.94],[-79.2459,45.974],[-79.2574,45.9945],[-79.2799,45.9889],[-79.3444,45.971],[-79.3635,45.9651],[-79.3806,45.9592],[-79.397,45.9549],[-79.4164,45.949],[-79.4906,45.9293],[-79.5453,45.9147],[-79.557,45.9117],[-79.5857,45.9039],[-79.5987,45.9284],[-79.5977,45.9368],[-79.6064,45.9373],[-79.6076,45.9399],[-79.6077,45.9433],[-79.6067,45.9445],[-79.6066,45.9498],[-79.6043,45.9536],[-79.6027,45.9551],[-79.6158,45.9559],[-79.6148,45.958],[-79.6187,45.964],[-79.6241,45.9729],[-79.6437,46.0067],[-79.6708,46.0527],[-79.6837,46.0738],[-79.6629,46.0799],[-79.6119,46.0942],[-79.6222,46.1117],[-79.6519,46.1623],[-79.664,46.1829],[-79.664,46.1849],[-79.6806,46.2131],[-79.7034,46.2118],[-79.7091,46.2113],[-79.733,46.2103],[-79.7449,46.2094],[-79.7741,46.2082],[-79.8627,46.2698],[-79.8841,46.2847],[-79.884,46.3244],[-79.8838,46.3495],[-79.8839,46.3651],[-79.8508,46.366],[-79.8077,46.3672],[-79.7575,46.3686],[-79.7584,46.3821],[-79.7588,46.3925],[-79.7587,46.4185],[-79.7601,46.4477],[-79.655,46.4478],[-79.5673,46.4481],[-79.5044,46.4483],[-79.4663,46.4485],[-79.3406,46.4486],[-79.2568,46.4485],[-79.2567,46.4809],[-79.257,46.5378],[-79.2431,46.5378],[-79.2361,46.5375],[-79.2083,46.5374],[-79.1822,46.5374],[-79.152,46.5375],[-79.131,46.5374],[-79.0471,46.5374],[-78.9767,46.5373],[-78.9711,46.533],[-78.9675,46.5274],[-78.9642,46.5238],[-78.96,46.5203],[-78.9424,46.5096],[-78.9378,46.5049],[-78.9345,46.4996],[-78.932,46.4964],[-78.9163,46.481],[-78.9022,46.4713],[-78.8902,46.4602],[-78.8856,46.4576],[-78.8801,46.4551],[-78.8701,46.4503],[-78.8617,46.4444],[-78.8542,46.4411],[-78.8435,46.4391],[-78.818,46.4293],[-78.7953,46.4189],[-78.7914,46.4157],[-78.7688,46.4021],[-78.7584,46.3936],[-78.7571,46.3929],[-78.7465,46.3914],[-78.7394,46.3894],[-78.7321,46.3858],[-78.7271,46.3813],[-78.7254,46.3781],[-78.7257,46.3753],[-78.7241,46.3739],[-78.723,46.3685],[-78.7244,46.3569],[-78.7273,46.3476],[-78.7274,46.344],[-78.7243,46.3376],[-78.719,46.3311],[-78.7119,46.3255],[-78.7091,46.3241],[-78.6955,46.3192],[-78.6933,46.3188],[-78.6797,46.3179],[-78.6719,46.3182],[-78.6672,46.3189],[-78.6458,46.3204],[-78.6376,46.3212],[-78.6257,46.3201],[-78.6155,46.3198],[-78.5981,46.3187],[-78.5493,46.3082],[-78.5344,46.304],[-78.5205,46.2987],[-78.5105,46.2958],[-78.5005,46.2942],[-78.4949,46.2941],[-78.4897,46.2945],[-78.4839,46.2956],[-78.4751,46.294],[-78.4701,46.2942],[-78.4588,46.295],[-78.4457,46.2944],[-78.4308,46.2952],[-78.4054,46.2942]]]},"properties":{"id":72,"name":"Nipissing"}},{"type":"Feature","geometry":{"type":"Polygon","coordinates":[[[-79.4424,44.4211],[-79.5091,44.4086],[-79.5896,44.3936],[-79.6887,44.375],[-79.6972,44.3731],[-79.7304,44.3656],[-79.7319,44.3659],[-79.735,44.3645],[-79.7456,44.3621],[-79.7454,44.3611],[-79.7892,44.3519],[-79.8053,44.3485],[-79.8521,44.3385],[-79.8631,44.3508],[-79.9118,44.4033],[-79.9306,44.4253],[-79.9471,44.4454],[-79.9566,44.4568],[-79.9657,44.4672],[-79.9831,44.488],[-79.9656,44.4956],[-79.9752,44.5069],[-79.9684,44.5098],[-79.973,44.5152],[-79.9737,44.5149],[-79.9783,44.5203],[-79.9648,44.5261],[-79.9789,44.5424],[-79.9744,44.5444],[-79.9795,44.5505],[-79.9726,44.5535],[-79.9767,44.5591],[-79.9837,44.5671],[-79.9852,44.5696],[-79.9717,44.5759],[-79.9645,44.579],[-79.9509,44.5846],[-79.9343,44.5916],[-79.8914,44.6106],[-79.8785,44.6165],[-79.8343,44.6362],[-79.8315,44.6329],[-79.82,44.6378],[-79.7962,44.6484],[-79.7994,44.6521],[-79.7985,44.6526],[-79.7716,44.6641],[-79.7275,44.6831],[-79.6845,44.702],[-79.6697,44.6855],[-79.6483,44.661],[-79.6422,44.6622],[-79.6448,44.6577],[-79.6429,44.6549],[-79.6245,44.6341],[-79.6015,44.6082],[-79.5854,44.5894],[-79.5842,44.5899],[-79.5724,44.5755],[-79.5525,44.5645],[-79.5496,44.5611],[-79.5493,44.5578],[-79.5544,44.5556],[-79.5548,44.5543],[-79.5373,44.5333],[-79.5109,44.501],[-79.4844,44.469],[-79.4424,44.4211]]]},"properties":{"id":5,"name":"Barrie—Springwater—Oro-Medonte"}},{"type":"Feature","geometry":{"type":"Polygon","coordinates":[[[-80.5159,44.9037],[-80.0666,44.5316],[-79.9852,44.5696],[-79.9837,44.5671],[-79.9767,44.5591],[-79.9726,44.5535],[-79.9795,44.5505],[-79.9744,44.5444],[-79.9789,44.5424],[-79.9648,44.5261],[-79.9783,44.5203],[-79.9737,44.5149],[-79.973,44.5152],[-79.9684,44.5098],[-79.9752,44.5069],[-79.9656,44.4956],[-79.9831,44.488],[-79.9657,44.4672],[-79.9566,44.4568],[-79.9471,44.4454],[-79.9306,44.4253],[-79.9118,44.4033],[-79.8631,44.3508],[-79.8521,44.3385],[-79.8053,44.3485],[-79.7892,44.3519],[-79.7454,44.3611],[-79.7394,44.3384],[-79.7307,44.3044],[-79.7232,44.2753],[-79.7159,44.2769],[-79.7128,44.265],[-79.7201,44.2634],[-79.7043,44.2007],[-79.71,44.1992],[-79.724,44.1962],[-79.7212,44.1857],[-79.7219,44.1855],[-79.7199,44.1773],[-79.7204,44.1772],[-79.7174,44.165],[-79.7129,44.166],[-79.7098,44.1536],[-79.7069,44.1542],[-79.7037,44.1417],[-79.7018,44.1357],[-79.7003,44.1295],[-79.6939,44.105],[-79.6945,44.1049],[-79.6911,44.093],[-79.6879,44.081],[-79.6871,44.0812],[-79.6839,44.0688],[-79.6849,44.0686],[-79.6817,44.0561],[-79.6808,44.0563],[-79.6776,44.0441],[-79.6787,44.0439],[-79.6754,44.0315],[-79.6743,44.0316],[-79.671,44.0194],[-79.6718,44.0192],[-79.6702,44.0129],[-79.7021,44.0057],[-79.7527,43.9948],[-79.7598,43.9934],[-79.7755,43.9898],[-79.7968,43.9851],[-79.8019,43.9843],[-79.8095,43.9822],[-79.8701,43.9691],[-79.9358,43.9548],[-79.9512,43.9514],[-79.9648,44.0049],[-79.9712,44.0306],[-79.9744,44.0445],[-79.9858,44.0898],[-79.994,44.1232],[-79.9925,44.1236],[-79.9979,44.1464],[-80.0082,44.1885],[-80.0153,44.2176],[-80.0249,44.2587],[-80.034,44.2949],[-80.0497,44.2914],[-80.0981,44.2812],[-80.1157,44.2774],[-80.1324,44.2739],[-80.1798,44.2638],[-80.2291,44.2534],[-80.2401,44.302],[-80.2513,44.3512],[-80.253,44.3589],[-80.264,44.406],[-80.2664,44.416],[-80.2991,44.4087],[-80.3649,44.3944],[-80.4309,44.38],[-80.4637,44.3728],[-80.4679,44.3887],[-80.4761,44.4236],[-80.4834,44.455],[-80.4913,44.4898],[-80.4928,44.4971],[-80.4946,44.5044],[-80.5058,44.5538],[-80.5102,44.5733],[-80.5132,44.5867],[-80.5151,44.5943],[-80.5349,44.6829],[-80.55,44.75],[-80.5848,44.9056],[-80.5997,44.9724],[-80.5999,44.9733],[-80.5984,44.972],[-80.5159,44.9037]]]},"properties":{"id":99,"name":"Simcoe—Grey"}},{"type":"Feature","geometry":{"type":"Polygon","coordinates":[[[-78.1776,45.3104],[-78.1558,45.27],[-78.1372,45.2358],[-78.1191,45.202],[-78.1101,45.1849],[-78.1059,45.1771],[-78.0999,45.1681],[-78.0913,45.151],[-78.0824,45.1338],[-78.0619,45.0957],[-78.0532,45.0793],[-78.0494,45.0726],[-78.0361,45.0479],[-78.0236,45.023],[-78.0055,44.9887],[-78.0043,44.9858],[-77.9985,44.9753],[-77.9939,44.968],[-77.9798,44.9443],[-77.9736,44.9335],[-77.9612,44.9115],[-78.0071,44.9001],[-78.031,44.8945],[-78.0432,44.8917],[-78.087,44.8821],[-78.0949,44.8805],[-78.1193,44.8748],[-78.1399,44.9137],[-78.1886,44.9024],[-78.2318,44.8929],[-78.2669,44.8851],[-78.3083,44.8755],[-78.3359,44.869],[-78.3603,44.8631],[-78.3747,44.8598],[-78.4094,44.8518],[-78.4338,44.8461],[-78.4507,44.8424],[-78.4866,44.8341],[-78.5012,44.8308],[-78.5697,44.8143],[-78.5943,44.8085],[-78.6431,44.7967],[-78.655,44.7939],[-78.6454,44.7733],[-78.6336,44.7465],[-78.6303,44.7398],[-78.6223,44.7227],[-78.5991,44.6699],[-78.5861,44.6415],[-78.578,44.6243],[-78.5731,44.6136],[-78.5685,44.6029],[-78.5564,44.5765],[-78.5439,44.5506],[-78.5294,44.5542],[-78.5193,44.5332],[-78.5143,44.5225],[-78.5116,44.5092],[-78.5104,44.5012],[-78.5101,44.4971],[-78.5083,44.4932],[-78.5054,44.4897],[-78.4987,44.4843],[-78.4926,44.4787],[-78.4901,44.4748],[-78.4891,44.4699],[-78.4908,44.4624],[-78.4898,44.4604],[-78.4909,44.4592],[-78.49,44.4575],[-78.4916,44.453],[-78.4923,44.4456],[-78.4899,44.431],[-78.4889,44.4277],[-78.4817,44.4121],[-78.4709,44.388],[-78.4591,44.3638],[-78.4484,44.3409],[-78.4424,44.3272],[-78.4312,44.3024],[-78.4254,44.2904],[-78.3971,44.2974],[-78.3837,44.3008],[-78.3779,44.2882],[-78.3755,44.2817],[-78.3818,44.2803],[-78.3777,44.271],[-78.3791,44.2656],[-78.3762,44.2655],[-78.3744,44.2617],[-78.3673,44.2635],[-78.3647,44.258],[-78.3639,44.2583],[-78.3614,44.2526],[-78.3594,44.2531],[-78.3609,44.2564],[-78.3593,44.2569],[-78.3573,44.2525],[-78.3534,44.2535],[-78.3496,44.2616],[-78.3428,44.2633],[-78.3421,44.2619],[-78.3319,44.2644],[-78.3308,44.2634],[-78.3348,44.2593],[-78.3398,44.2564],[-78.3398,44.2538],[-78.3358,44.2513],[-78.3368,44.2482],[-78.3381,44.2466],[-78.3381,44.2447],[-78.3365,44.2423],[-78.3364,44.2402],[-78.3431,44.2353],[-78.3452,44.2307],[-78.3455,44.2278],[-78.3511,44.2194],[-78.3512,44.2156],[-78.3545,44.212],[-78.3732,44.2075],[-78.3873,44.2044],[-78.3766,44.1808],[-78.3712,44.1686],[-78.3593,44.1442],[-78.3468,44.1199],[-78.3807,44.1115],[-78.4046,44.1054],[-78.423,44.1009],[-78.5086,44.0812],[-78.5163,44.0988],[-78.5518,44.0906],[-78.5861,44.0827],[-78.6246,44.0739],[-78.6646,44.065],[-78.6927,44.0584],[-78.6989,44.0716],[-78.7032,44.0804],[-78.7089,44.0924],[-78.727,44.1318],[-78.7312,44.1413],[-78.748,44.1779],[-78.759,44.2026],[-78.76,44.2053],[-78.7694,44.2257],[-78.7727,44.2236],[-78.7767,44.2218],[-78.787,44.2105],[-78.8025,44.1951],[-78.8083,44.1907],[-78.8173,44.1852],[-78.8264,44.1802],[-78.8323,44.1772],[-78.836,44.1746],[-78.8386,44.172],[-78.844,44.1679],[-78.8412,44.1751],[-78.8419,44.1785],[-78.8461,44.1844],[-78.848,44.1891],[-78.8486,44.1935],[-78.8466,44.2048],[-78.8474,44.2079],[-78.85,44.2137],[-78.8529,44.2163],[-78.8563,44.218],[-78.8605,44.2188],[-78.8672,44.2193],[-78.8701,44.2204],[-78.8743,44.221],[-78.878,44.2198],[-78.8826,44.2173],[-78.887,44.2154],[-78.8942,44.2115],[-78.8963,44.2091],[-78.8983,44.2055],[-78.9007,44.2028],[-78.9082,44.1955],[-78.912,44.191],[-78.9153,44.1861],[-78.9164,44.1819],[-78.9165,44.1771],[-78.9176,44.1704],[-78.9202,44.1643],[-78.9212,44.1595],[-78.9214,44.1507],[-78.9369,44.1871],[-78.9523,44.2207],[-78.9732,44.216],[-78.9947,44.2118],[-79.0088,44.2088],[-79.0446,44.201],[-79.0657,44.196],[-79.1225,44.1833],[-79.1325,44.2073],[-79.1561,44.2631],[-79.1648,44.283],[-79.17,44.2943],[-79.1862,44.3312],[-79.2032,44.3692],[-79.2387,44.4486],[-79.2411,44.4495],[-79.2439,44.4483],[-79.2501,44.4503],[-79.2519,44.452],[-79.2491,44.4552],[-79.246,44.4569],[-79.2426,44.458],[-79.1636,44.4711],[-79.1611,44.4722],[-79.161,44.4743],[-79.1571,44.4763],[-79.1563,44.4777],[-79.1589,44.4805],[-79.1566,44.4822],[-79.1585,44.483],[-79.1585,44.4848],[-79.1603,44.4853],[-79.1578,44.4875],[-79.154,44.4895],[-79.1555,44.4907],[-79.1535,44.492],[-79.1556,44.4932],[-79.1551,44.4955],[-79.1523,44.4981],[-79.1519,44.5],[-79.1483,44.5004],[-79.1481,44.5045],[-79.1462,44.5079],[-79.1442,44.5093],[-79.1452,44.5122],[-79.1419,44.5134],[-79.1377,44.512],[-79.1363,44.5126],[-79.1288,44.5073],[-79.1259,44.507],[-79.1257,44.505],[-79.1223,44.5061],[-79.1209,44.5075],[-79.1111,44.5093],[-79.1057,44.5096],[-79.0971,44.5136],[-79.0956,44.5152],[-79.0921,44.5166],[-79.0818,44.5157],[-79.101,44.5586],[-79.1085,44.5756],[-79.1196,44.5997],[-79.158,44.6879],[-79.1648,44.7021],[-79.1857,44.7481],[-79.1895,44.7568],[-79.1944,44.7671],[-79.206,44.7947],[-79.2062,44.7951],[-79.2079,44.7986],[-79.2084,44.7997],[-79.206,44.8004],[-79.2032,44.8012],[-79.2022,44.8015],[-79.1584,44.8136],[-79.0763,44.8362],[-79.0623,44.84],[-79.0646,44.8442],[-79.0668,44.8481],[-79.0808,44.874],[-79.0897,44.8929],[-79.0982,44.9087],[-79.0985,44.9094],[-79.1073,44.9257],[-79.1154,44.9418],[-79.1194,44.9491],[-79.1199,44.9501],[-79.0997,44.9553],[-79.0929,44.943],[-79.0511,44.9544],[-79.0022,44.9676],[-78.945,44.9831],[-78.9359,44.9855],[-78.9588,45.0281],[-78.9911,45.0879],[-79.001,45.1061],[-78.9835,45.1104],[-78.9674,45.1147],[-78.9127,45.128],[-78.8852,45.1348],[-78.8556,45.1418],[-78.8434,45.1451],[-78.8479,45.1536],[-78.8465,45.1553],[-78.8458,45.1593],[-78.8482,45.1609],[-78.8516,45.1658],[-78.8549,45.1684],[-78.8544,45.1708],[-78.8559,45.1722],[-78.8556,45.1747],[-78.8608,45.1783],[-78.8645,45.1794],[-78.867,45.1791],[-78.8669,45.1822],[-78.869,45.1839],[-78.8682,45.1866],[-78.8693,45.1905],[-78.8672,45.1917],[-78.8672,45.1942],[-78.8702,45.1964],[-78.8719,45.1997],[-78.8722,45.204],[-78.8746,45.2063],[-78.875,45.2086],[-78.8693,45.212],[-78.8704,45.2134],[-78.8757,45.2127],[-78.8792,45.2135],[-78.8807,45.2149],[-78.8804,45.2173],[-78.8831,45.2186],[-78.8827,45.2202],[-78.8828,45.2259],[-78.886,45.2264],[-78.8869,45.2302],[-78.8891,45.2323],[-78.8924,45.2384],[-78.8954,45.2409],[-78.8938,45.2438],[-78.8942,45.2455],[-78.8931,45.2481],[-78.8933,45.2504],[-78.9015,45.255],[-78.9024,45.2574],[-78.9022,45.2596],[-78.9034,45.262],[-78.9052,45.2632],[-78.9051,45.2674],[-78.9065,45.2695],[-78.907,45.2727],[-78.9062,45.276],[-78.9124,45.2769],[-78.9161,45.2842],[-78.9182,45.2853],[-78.9173,45.2866],[-78.9191,45.2901],[-78.9207,45.2915],[-78.9189,45.294],[-78.9193,45.2965],[-78.9209,45.2978],[-78.9216,45.3011],[-78.9252,45.3032],[-78.9259,45.3065],[-78.9249,45.3086],[-78.9277,45.3122],[-78.9308,45.3124],[-78.9336,45.3163],[-78.9345,45.3194],[-78.9337,45.3214],[-78.9343,45.3256],[-78.9386,45.3272],[-78.944,45.3377],[-78.9452,45.3393],[-78.9445,45.3413],[-78.9448,45.3454],[-78.9482,45.3475],[-78.9501,45.3504],[-78.9497,45.3524],[-78.9509,45.3558],[-78.9529,45.3564],[-78.9548,45.3587],[-78.9591,45.3587],[-78.9597,45.3605],[-78.9582,45.3633],[-78.9578,45.3702],[-78.9693,45.3717],[-78.9694,45.3732],[-78.9679,45.3755],[-78.9727,45.378],[-78.9707,45.3816],[-78.9716,45.3844],[-78.9445,45.3916],[-78.9273,45.3959],[-78.9228,45.3967],[-78.908,45.4011],[-78.894,45.4049],[-78.8695,45.4115],[-78.8598,45.4143],[-78.8125,45.4284],[-78.8022,45.4296],[-78.7912,45.4325],[-78.7321,45.448],[-78.6788,45.4625],[-78.636,45.4749],[-78.5801,45.4899],[-78.4702,45.5196],[-78.4251,45.5314],[-78.3714,45.5457],[-78.312,45.5615],[-78.309,45.5559],[-78.2706,45.4829],[-78.2505,45.4457],[-78.2437,45.4329],[-78.2214,45.3917],[-78.2161,45.3816],[-78.192,45.3367],[-78.1776,45.3104]]]},"properties":{"id":35,"name":"Haliburton—Kawartha Lakes—Brock"}},{"type":"Feature","geometry":{"type":"Polygon","coordinates":[[[-77.7274,44.4366],[-77.7439,44.4318],[-77.7598,44.4275],[-77.7761,44.4228],[-77.802,44.4123],[-77.8073,44.4108],[-77.8243,44.4078],[-77.8356,44.4065],[-77.847,44.4046],[-77.8762,44.3981],[-77.9131,44.3894],[-77.9256,44.4152],[-77.9541,44.4077],[-77.9868,44.3994],[-78.003,44.3954],[-78.027,44.3893],[-78.035,44.3873],[-78.1162,44.3667],[-78.1156,44.3656],[-78.1482,44.3573],[-78.1797,44.3496],[-78.1959,44.3455],[-78.2273,44.3379],[-78.2527,44.3321],[-78.2783,44.3258],[-78.2932,44.3223],[-78.2897,44.3153],[-78.2825,44.2997],[-78.2747,44.3017],[-78.273,44.2962],[-78.2774,44.2952],[-78.2762,44.2942],[-78.2787,44.292],[-78.2774,44.2893],[-78.2834,44.2879],[-78.2856,44.2858],[-78.2825,44.2793],[-78.2912,44.2769],[-78.29,44.2743],[-78.3058,44.2707],[-78.3034,44.2655],[-78.3102,44.2638],[-78.3108,44.2623],[-78.3139,44.2581],[-78.323,44.2558],[-78.3248,44.2545],[-78.332,44.2528],[-78.3348,44.2593],[-78.3308,44.2634],[-78.3319,44.2644],[-78.3421,44.2619],[-78.3428,44.2633],[-78.3496,44.2616],[-78.3534,44.2535],[-78.3573,44.2525],[-78.3593,44.2569],[-78.3609,44.2564],[-78.3594,44.2531],[-78.3614,44.2526],[-78.3639,44.2583],[-78.3647,44.258],[-78.3673,44.2635],[-78.3744,44.2617],[-78.3762,44.2655],[-78.3791,44.2656],[-78.3777,44.271],[-78.3818,44.2803],[-78.3755,44.2817],[-78.3779,44.2882],[-78.3837,44.3008],[-78.3971,44.2974],[-78.4254,44.2904],[-78.4312,44.3024],[-78.4424,44.3272],[-78.4484,44.3409],[-78.4591,44.3638],[-78.4709,44.388],[-78.4817,44.4121],[-78.4889,44.4277],[-78.4899,44.431],[-78.4923,44.4456],[-78.4916,44.453],[-78.49,44.4575],[-78.4909,44.4592],[-78.4898,44.4604],[-78.4908,44.4624],[-78.4891,44.4699],[-78.4901,44.4748],[-78.4926,44.4787],[-78.4987,44.4843],[-78.5054,44.4897],[-78.5083,44.4932],[-78.5101,44.4971],[-78.5104,44.5012],[-78.5116,44.5092],[-78.5143,44.5225],[-78.5193,44.5332],[-78.5294,44.5542],[-78.5439,44.5506],[-78.5564,44.5765],[-78.5685,44.6029],[-78.5731,44.6136],[-78.578,44.6243],[-78.5861,44.6415],[-78.5991,44.6699],[-78.6223,44.7227],[-78.6303,44.7398],[-78.6336,44.7465],[-78.6454,44.7733],[-78.655,44.7939],[-78.6431,44.7967],[-78.5943,44.8085],[-78.5697,44.8143],[-78.5012,44.8308],[-78.4866,44.8341],[-78.4507,44.8424],[-78.4338,44.8461],[-78.4094,44.8518],[-78.3747,44.8598],[-78.3603,44.8631],[-78.3359,44.869],[-78.3083,44.8755],[-78.2669,44.8851],[-78.2318,44.8929],[-78.1886,44.9024],[-78.1399,44.9137],[-78.1193,44.8748],[-78.0949,44.8805],[-78.087,44.8821],[-78.0432,44.8917],[-78.031,44.8945],[-78.0071,44.9001],[-77.9612,44.9115],[-77.9496,44.8903],[-77.9277,44.8492],[-77.9144,44.8253],[-77.9076,44.8121],[-77.8876,44.7745],[-77.8855,44.7699],[-77.8878,44.7693],[-77.8814,44.756],[-77.8699,44.7294],[-77.868,44.7247],[-77.8589,44.7069],[-77.8422,44.6575],[-77.8352,44.6423],[-77.8274,44.6263],[-77.8218,44.6159],[-77.814,44.6006],[-77.7993,44.5764],[-77.7811,44.5397],[-77.7786,44.5344],[-77.7732,44.5239],[-77.7685,44.5133],[-77.7641,44.5041],[-77.7539,44.4846],[-77.75,44.4784],[-77.7452,44.4699],[-77.7414,44.4622],[-77.7274,44.4366]]]},"properties":{"id":86,"name":"Peterborough—Kawartha"}},{"type":"Feature","geometry":{"type":"Polygon","coordinates":[[[-76.5319,44.0529],[-76.5064,44.0076],[-76.5279,43.9798],[-76.5825,43.9094],[-76.6696,43.8917],[-76.7974,43.8656],[-76.8545,43.8479],[-76.9141,43.8294],[-76.9913,43.8053],[-77.0043,43.8036],[-77.0396,43.802],[-77.0637,43.8013],[-77.078,43.801],[-77.0969,43.8002],[-77.1296,43.799],[-77.148,43.7982],[-77.189,43.802],[-77.1989,43.8027],[-77.2075,43.8035],[-77.2322,43.8066],[-77.2728,43.8132],[-77.328,43.8211],[-77.3637,43.8317],[-77.4963,43.8709],[-77.5135,43.8749],[-77.566,43.8786],[-77.6043,43.9554],[-77.6251,43.9972],[-77.6411,43.9928],[-77.6539,44.0217],[-77.6616,44.0386],[-77.6642,44.0381],[-77.6727,44.0567],[-77.6811,44.0742],[-77.6806,44.0743],[-77.6888,44.0913],[-77.6849,44.0922],[-77.6939,44.1112],[-77.6943,44.1111],[-77.7031,44.1289],[-77.7033,44.1288],[-77.7118,44.1459],[-77.7115,44.146],[-77.7205,44.1636],[-77.7287,44.1803],[-77.7269,44.1807],[-77.7348,44.1972],[-77.735,44.1971],[-77.7437,44.2154],[-77.7446,44.2151],[-77.7549,44.2364],[-77.7524,44.2357],[-77.7439,44.2353],[-77.7386,44.236],[-77.7339,44.2393],[-77.7283,44.2418],[-77.7228,44.2463],[-77.7221,44.2497],[-77.7117,44.2524],[-77.7145,44.258],[-77.7128,44.2601],[-77.7109,44.2607],[-77.7006,44.2585],[-77.6942,44.2584],[-77.6898,44.2595],[-77.6858,44.2628],[-77.6822,44.264],[-77.6786,44.2635],[-77.6762,44.262],[-77.6722,44.2587],[-77.6619,44.2572],[-77.6568,44.2575],[-77.6514,44.2563],[-77.6489,44.2548],[-77.6471,44.2512],[-77.6419,44.2486],[-77.6393,44.2482],[-77.6431,44.2563],[-77.6508,44.2711],[-77.6462,44.2722],[-77.6164,44.2793],[-77.5907,44.2857],[-77.5674,44.2912],[-77.5638,44.2837],[-77.5464,44.288],[-77.5373,44.2904],[-77.5382,44.2928],[-77.5417,44.2976],[-77.5125,44.3049],[-77.473,44.3145],[-77.4675,44.3033],[-77.4501,44.2667],[-77.4407,44.2484],[-77.4228,44.2112],[-77.4135,44.1924],[-77.4116,44.1887],[-77.4031,44.1911],[-77.3854,44.1956],[-77.3791,44.1977],[-77.3642,44.2038],[-77.3583,44.2058],[-77.3198,44.215],[-77.2928,44.2214],[-77.2874,44.2221],[-77.2838,44.222],[-77.279,44.2212],[-77.2695,44.2183],[-77.2591,44.1975],[-77.2572,44.1938],[-77.2487,44.1767],[-77.2498,44.1746],[-77.2487,44.1718],[-77.2465,44.1721],[-77.2342,44.1476],[-77.2299,44.147],[-77.2221,44.1467],[-77.2131,44.1475],[-77.1945,44.1509],[-77.1767,44.1557],[-77.1712,44.1565],[-77.1595,44.1557],[-77.1524,44.1558],[-77.1423,44.158],[-77.1382,44.1593],[-77.1328,44.1615],[-77.1243,44.1643],[-77.1091,44.1676],[-77.0868,44.1736],[-77.0718,44.178],[-77.06,44.1843],[-77.0568,44.1853],[-77.0528,44.1853],[-77.0504,44.1845],[-77.0496,44.1826],[-77.0499,44.1796],[-77.0538,44.1617],[-77.0562,44.1527],[-77.0586,44.148],[-77.0594,44.1451],[-77.062,44.1409],[-77.0664,44.1318],[-77.0698,44.1255],[-77.0702,44.1171],[-77.071,44.1108],[-77.072,44.1072],[-77.0779,44.0923],[-77.0796,44.0887],[-77.0856,44.079],[-77.0865,44.0765],[-77.087,44.0707],[-77.0854,44.0659],[-77.0829,44.0618],[-77.0781,44.0575],[-77.0706,44.0522],[-77.066,44.0493],[-77.0604,44.0466],[-77.0546,44.0443],[-77.0416,44.0431],[-77.0321,44.0434],[-77.021,44.0447],[-77.0111,44.0477],[-77.008,44.0485],[-77,44.0514],[-76.9775,44.0556],[-76.9716,44.057],[-76.962,44.0606],[-76.9578,44.0626],[-76.949,44.0697],[-76.9384,44.0769],[-76.928,44.0835],[-76.9253,44.0855],[-76.9207,44.09],[-76.9151,44.0942],[-76.9081,44.0969],[-76.8963,44.1024],[-76.8913,44.105],[-76.8783,44.1098],[-76.8709,44.1147],[-76.8638,44.1188],[-76.8491,44.1266],[-76.8446,44.1292],[-76.8372,44.1328],[-76.7906,44.0611],[-76.7581,44.0111],[-76.7576,44.0112],[-76.6349,44.0323],[-76.5516,44.0496],[-76.5319,44.0529]]]},"properties":{"id":6,"name":"Bay of Quinte"}},{"type":"Feature","geometry":{"type":"Polygon","coordinates":[[[-75.5949,45.0844],[-75.5707,45.056],[-75.562,45.0453],[-75.5479,45.0298],[-75.5392,45.0208],[-75.5239,45.0034],[-75.5112,44.9883],[-75.4953,44.9692],[-75.4857,44.9566],[-75.486,44.9565],[-75.4713,44.9378],[-75.4576,44.9208],[-75.4449,44.9037],[-75.435,44.8908],[-75.4183,44.8694],[-75.404,44.852],[-75.3905,44.8356],[-75.382,44.8258],[-75.3582,44.7974],[-75.3696,44.7877],[-75.3699,44.783],[-75.3879,44.7796],[-75.3965,44.7735],[-75.4137,44.7722],[-75.4236,44.7561],[-75.4761,44.7208],[-75.5049,44.7054],[-75.5374,44.6809],[-75.62,44.6187],[-75.6613,44.5927],[-75.6993,44.5657],[-75.7203,44.548],[-75.7233,44.5462],[-75.7259,44.5438],[-75.7669,44.5153],[-75.8076,44.4717],[-75.8214,44.4321],[-75.8699,44.3962],[-75.9128,44.3678],[-75.9217,44.3688],[-75.9295,44.3593],[-75.9408,44.3547],[-75.9497,44.349],[-75.9702,44.3425],[-75.9729,44.343],[-75.975,44.346],[-75.9784,44.3465],[-75.9802,44.346],[-75.9819,44.3475],[-75.9861,44.3469],[-76.0011,44.3479],[-76.008,44.3442],[-76.0455,44.3318],[-76.097,44.2997],[-76.1118,44.2981],[-76.1182,44.2949],[-76.1294,44.2951],[-76.1312,44.2964],[-76.1618,44.2807],[-76.1997,44.2954],[-76.1913,44.3009],[-76.2012,44.3069],[-76.2106,44.3082],[-76.2341,44.305],[-76.2348,44.3192],[-76.2352,44.3233],[-76.2353,44.3312],[-76.2355,44.3515],[-76.2396,44.3727],[-76.2414,44.388],[-76.2433,44.4088],[-76.2485,44.4469],[-76.2478,44.4469],[-76.2485,44.456],[-76.252,44.4771],[-76.2547,44.4898],[-76.2556,44.4968],[-76.2646,44.4911],[-76.2705,44.4954],[-76.2821,44.5046],[-76.2914,44.5124],[-76.3073,44.5243],[-76.3097,44.5258],[-76.3287,44.543],[-76.3641,44.5754],[-76.3812,44.5906],[-76.3902,44.5984],[-76.4024,44.6095],[-76.4308,44.6347],[-76.4493,44.6518],[-76.4566,44.6581],[-76.4718,44.672],[-76.4803,44.68],[-76.4814,44.6813],[-76.4888,44.6875],[-76.4945,44.6935],[-76.5006,44.6994],[-76.5221,44.7184],[-76.5085,44.7268],[-76.4889,44.7385],[-76.4662,44.7513],[-76.47,44.7547],[-76.4539,44.7645],[-76.4302,44.7781],[-76.4149,44.7866],[-76.4032,44.794],[-76.3995,44.7911],[-76.3589,44.7582],[-76.3197,44.7261],[-76.2956,44.7077],[-76.2908,44.7034],[-76.2845,44.7056],[-76.276,44.7105],[-76.2713,44.7129],[-76.2617,44.7169],[-76.2549,44.7203],[-76.2454,44.7261],[-76.2407,44.7298],[-76.2374,44.7328],[-76.2311,44.7412],[-76.2273,44.7468],[-76.2239,44.753],[-76.2172,44.7637],[-76.2112,44.7724],[-76.2026,44.7864],[-76.1999,44.7922],[-76.2004,44.7992],[-76.1984,44.803],[-76.1917,44.8074],[-76.1885,44.8107],[-76.1874,44.8128],[-76.1872,44.8154],[-76.1827,44.8182],[-76.1799,44.8232],[-76.1734,44.8267],[-76.1699,44.8318],[-76.1656,44.8362],[-76.1627,44.838],[-76.1495,44.8449],[-76.1459,44.8463],[-76.1366,44.8486],[-76.1276,44.8542],[-76.1231,44.8604],[-76.1162,44.8651],[-76.1122,44.8682],[-76.1051,44.8704],[-76.0973,44.8708],[-76.0951,44.8725],[-76.0895,44.8677],[-76.0842,44.8679],[-76.0856,44.8805],[-76.082,44.883],[-76.0794,44.8829],[-76.0778,44.8881],[-76.0748,44.8906],[-76.0735,44.8925],[-76.0647,44.8919],[-76.0635,44.8911],[-76.06,44.8916],[-76.0587,44.8926],[-76.0602,44.8961],[-76.0583,44.8966],[-76.055,44.8953],[-76.0547,44.8976],[-76.0521,44.9],[-76.0478,44.9002],[-76.0444,44.8973],[-76.044,44.8941],[-76.0414,44.8935],[-76.0377,44.8935],[-76.0359,44.8915],[-76.0316,44.8907],[-76.0357,44.8833],[-76.0372,44.8797],[-76.0355,44.8783],[-76.0257,44.885],[-76.0165,44.8775],[-76.0151,44.8803],[-76.0118,44.8811],[-76.0106,44.8801],[-76.0056,44.8832],[-76.0095,44.8865],[-76.005,44.8894],[-76.0036,44.8924],[-75.9964,44.8901],[-75.9969,44.887],[-75.9965,44.8848],[-75.9946,44.8836],[-75.9913,44.8837],[-75.9883,44.881],[-75.9829,44.8791],[-75.9818,44.8741],[-75.9804,44.8727],[-75.9717,44.8709],[-75.9671,44.8711],[-75.9608,44.8707],[-75.9562,44.872],[-75.9522,44.8744],[-75.9502,44.8763],[-75.9467,44.8812],[-75.9418,44.8847],[-75.9362,44.8867],[-75.9304,44.8868],[-75.9274,44.8874],[-75.9265,44.8842],[-75.9275,44.882],[-75.9256,44.8768],[-75.9211,44.8707],[-75.9173,44.8686],[-75.9143,44.8683],[-75.9045,44.8697],[-75.8953,44.869],[-75.8915,44.8698],[-75.8867,44.8722],[-75.8852,44.8742],[-75.8838,44.8785],[-75.8825,44.8806],[-75.8797,44.8832],[-75.878,44.8868],[-75.8777,44.8925],[-75.8762,44.8964],[-75.8713,44.9055],[-75.8678,44.9085],[-75.8607,44.9111],[-75.8581,44.9155],[-75.8505,44.9151],[-75.8472,44.9158],[-75.8467,44.9188],[-75.8545,44.9252],[-75.8439,44.9314],[-75.8365,44.9251],[-75.8358,44.9263],[-75.8317,44.926],[-75.8319,44.9285],[-75.8301,44.9326],[-75.8273,44.9364],[-75.826,44.941],[-75.821,44.9466],[-75.8199,44.9506],[-75.8177,44.9525],[-75.8163,44.9563],[-75.8165,44.9581],[-75.8194,44.9606],[-75.8195,44.9618],[-75.8193,44.9645],[-75.8211,44.9664],[-75.8205,44.9677],[-75.8156,44.9685],[-75.8135,44.9694],[-75.8125,44.9725],[-75.813,44.9737],[-75.81,44.9766],[-75.8053,44.9799],[-75.8002,44.9806],[-75.7992,44.982],[-75.7961,44.9828],[-75.7889,44.9827],[-75.7856,44.9833],[-75.7801,44.986],[-75.7687,44.9903],[-75.765,44.9942],[-75.7651,44.9969],[-75.7632,44.999],[-75.7588,45.0005],[-75.7578,45.0022],[-75.7517,45.0051],[-75.7485,45.0082],[-75.7388,45.0119],[-75.7339,45.0131],[-75.7301,45.0167],[-75.7243,45.0198],[-75.7183,45.0201],[-75.7145,45.0221],[-75.7082,45.0237],[-75.703,45.0266],[-75.7002,45.029],[-75.6974,45.0333],[-75.6978,45.0368],[-75.6936,45.0402],[-75.6914,45.0427],[-75.6898,45.0471],[-75.6802,45.0472],[-75.6773,45.0508],[-75.6747,45.053],[-75.6708,45.0554],[-75.6655,45.0569],[-75.6536,45.0609],[-75.6488,45.0642],[-75.6436,45.0672],[-75.6396,45.0735],[-75.6395,45.0799],[-75.6379,45.0832],[-75.6375,45.0866],[-75.6348,45.0895],[-75.6312,45.0911],[-75.6239,45.0951],[-75.6211,45.0979],[-75.6188,45.103],[-75.6194,45.1077],[-75.6218,45.1111],[-75.624,45.1156],[-75.6281,45.121],[-75.6283,45.1256],[-75.624,45.1205],[-75.62,45.1149],[-75.6077,45.099],[-75.6025,45.0928],[-75.5949,45.0844]]]},"properties":{"id":52,"name":"Leeds—Grenville—Thousand Islands and Rideau Lakes"}},{"type":"Feature","geometry":{"type":"Polygon","coordinates":[[[-81.0746,48.2765],[-81.1829,48.2768],[-81.2044,48.2769],[-81.2706,48.2771],[-81.3356,48.2771],[-81.3582,48.2772],[-81.4658,48.2776],[-81.5964,48.2783],[-81.5964,48.2773],[-81.7264,48.2771],[-81.7264,48.3638],[-81.7264,48.4506],[-81.7273,48.4507],[-81.7272,48.5377],[-81.7276,48.6245],[-81.7274,48.6747],[-81.7272,48.7112],[-81.7059,48.7113],[-81.6188,48.7115],[-81.597,48.7116],[-81.4814,48.7116],[-81.395,48.7116],[-81.3347,48.7116],[-81.3347,48.711],[-81.3241,48.7111],[-81.2801,48.7111],[-81.275,48.7112],[-81.2253,48.7112],[-81.2036,48.7113],[-81.1823,48.7113],[-81.0631,48.7113],[-80.998,48.7114],[-80.9434,48.7113],[-80.9434,48.7028],[-80.931,48.6829],[-80.9382,48.6693],[-80.9364,48.6661],[-80.9152,48.6485],[-80.9212,48.625],[-80.9086,48.6248],[-80.8549,48.6248],[-80.8364,48.6247],[-80.8161,48.6248],[-80.8114,48.6238],[-80.8119,48.5807],[-80.8122,48.5378],[-80.8131,48.5378],[-80.8131,48.5022],[-80.8131,48.4362],[-80.8135,48.364],[-80.8132,48.3206],[-80.8127,48.2771],[-80.8757,48.2772],[-80.9441,48.2773],[-80.9876,48.2772],[-81.0746,48.277],[-81.0746,48.2765]]]},"properties":{"id":108,"name":"Timmins"}},{"type":"Feature","geometry":{"type":"Polygon","coordinates":[[[-86.5542,51.5162],[-86.5536,51.3948],[-86.5528,51.2332],[-86.5525,51.1622],[-86.5519,51.0368],[-86.5487,50.3734],[-86.5486,50.3597],[-86.5486,50.2905],[-86.5487,50.2301],[-86.5483,50.157],[-86.5481,50.099],[-86.5479,50.0131],[-86.548,49.9699],[-86.3973,49.9697],[-86.313,49.9696],[-86.1865,49.9693],[-86.1434,49.9692],[-86.0734,49.9694],[-85.9678,49.9697],[-85.9011,49.9698],[-85.7374,49.9699],[-85.5356,49.9699],[-85.3339,49.9696],[-85.3332,49.8398],[-85.3327,49.7646],[-85.3323,49.7087],[-85.3317,49.5917],[-85.3329,49.5917],[-85.332,49.579],[-85.5857,49.5798],[-85.6465,49.58],[-85.785,49.5801],[-85.8395,49.5801],[-85.9664,49.58],[-86.0933,49.5798],[-86.3468,49.579],[-86.3468,49.1446],[-86.3468,48.8916],[-86.3468,48.888],[-86.156,48.8885],[-86.1084,48.8885],[-86,48.8886],[-86,48.8189],[-86,48.7749],[-86,48.7129],[-86,48.6262],[-86,48.5201],[-86.0036,48.5173],[-86.0061,48.5183],[-86.0063,48.5221],[-86.0015,48.5254],[-86.0025,48.5286],[-86.0023,48.5323],[-86.0046,48.5344],[-86.0084,48.5388],[-86.015,48.5434],[-86.0192,48.5439],[-86.0283,48.5418],[-86.034,48.5415],[-86.0356,48.542],[-86.0363,48.5476],[-86.0339,48.5516],[-86.0357,48.5537],[-86.0364,48.5572],[-86.0479,48.565],[-86.0518,48.5657],[-86.0574,48.569],[-86.0617,48.5703],[-86.0691,48.5702],[-86.0756,48.5654],[-86.0799,48.561],[-86.0844,48.5607],[-86.087,48.5615],[-86.0902,48.5597],[-86.0917,48.5561],[-86.1023,48.5534],[-86.1054,48.5516],[-86.1118,48.5502],[-86.1128,48.5493],[-86.117,48.5506],[-86.1189,48.5502],[-86.1247,48.5474],[-86.1293,48.5456],[-86.133,48.5426],[-86.1371,48.5399],[-86.1411,48.5366],[-86.1444,48.5345],[-86.1502,48.5324],[-86.1522,48.5325],[-86.159,48.5361],[-86.1643,48.5367],[-86.1708,48.5364],[-86.1758,48.5378],[-86.1796,48.5381],[-86.1808,48.539],[-86.1908,48.5392],[-86.1965,48.5372],[-86.1981,48.5373],[-86.2017,48.5395],[-86.2043,48.5422],[-86.2053,48.5482],[-86.2046,48.5496],[-86.2016,48.552],[-86.2041,48.5531],[-86.207,48.5504],[-86.2096,48.5493],[-86.2141,48.5496],[-86.2117,48.5473],[-86.2138,48.5457],[-86.2169,48.5462],[-86.2208,48.5452],[-86.2238,48.5451],[-86.2271,48.5459],[-86.2265,48.5481],[-86.2283,48.5546],[-86.2293,48.5563],[-86.2328,48.5585],[-86.2356,48.5618],[-86.2389,48.5631],[-86.2396,48.5687],[-86.2426,48.5683],[-86.243,48.566],[-86.2504,48.5634],[-86.2547,48.5608],[-86.2616,48.5579],[-86.2671,48.5545],[-86.2683,48.5523],[-86.2686,48.5459],[-86.3199,48.5118],[-86.3686,48.4794],[-86.418,48.4465],[-86.5667,48.3468],[-86.7149,48.247],[-86.8625,48.1469],[-87.0096,48.0467],[-87.156,47.9463],[-87.2571,47.8766],[-88.3686,48.3056],[-88.495,48.2806],[-88.6419,48.2514],[-88.6792,48.2439],[-88.7781,48.2038],[-89.027,48.2637],[-89.1075,48.283],[-89.0608,48.3859],[-89.1502,48.3849],[-89.1504,48.407],[-89.2015,48.4064],[-89.2396,48.4064],[-89.2433,48.4068],[-89.2595,48.4065],[-89.2713,48.4058],[-89.2838,48.4049],[-89.2878,48.4055],[-89.2865,48.4082],[-89.2824,48.4262],[-89.28,48.4298],[-89.2646,48.4427],[-89.2643,48.4441],[-89.2726,48.4519],[-89.2748,48.452],[-89.2743,48.4556],[-89.2589,48.4631],[-89.2255,48.4635],[-89.2255,48.4618],[-89.2193,48.4646],[-89.1923,48.4809],[-89.188,48.483],[-89.1821,48.4838],[-89.182,48.493],[-89.1822,48.5049],[-89.182,48.5146],[-89.2525,48.5148],[-89.2797,48.5149],[-89.3179,48.5149],[-89.34,48.515],[-89.4286,48.515],[-89.5077,48.5155],[-89.5793,48.516],[-89.595,48.514],[-89.5956,48.5177],[-89.5956,48.5219],[-89.593,48.5256],[-89.5951,48.532],[-89.5944,48.5346],[-89.5948,48.5371],[-89.5929,48.5385],[-89.594,48.5404],[-89.5911,48.5419],[-89.5918,48.5431],[-89.59,48.546],[-89.5896,48.5486],[-89.5876,48.5519],[-89.5911,48.5559],[-89.5881,48.5592],[-89.5943,48.5658],[-89.5935,48.5688],[-89.5954,48.5712],[-89.5997,48.5728],[-89.6013,48.5751],[-89.6081,48.5776],[-89.6091,48.5811],[-89.613,48.5812],[-89.6132,48.5839],[-89.615,48.585],[-89.6105,48.5876],[-89.6094,48.591],[-89.617,48.5916],[-89.6197,48.594],[-89.621,48.5975],[-89.6183,48.5998],[-89.6175,48.6017],[-89.614,48.6034],[-89.6132,48.6064],[-89.6148,48.6081],[-89.6115,48.6094],[-89.6069,48.6065],[-89.6018,48.6078],[-89.602,48.6101],[-89.5969,48.6146],[-89.5977,48.6165],[-89.5976,48.6201],[-89.5948,48.6223],[-89.5947,48.6253],[-89.5966,48.6291],[-89.5978,48.6342],[-89.5976,48.6413],[-89.5981,48.6446],[-89.5943,48.6457],[-89.5934,48.6467],[-89.5952,48.6505],[-89.5962,48.6575],[-89.598,48.6595],[-89.6009,48.661],[-89.6034,48.6646],[-89.6032,48.6664],[-89.6081,48.6681],[-89.6112,48.6703],[-89.611,48.6746],[-89.6465,48.6745],[-89.6467,48.7225],[-89.5989,48.7223],[-89.5973,48.7235],[-89.5984,48.7252],[-89.6008,48.7258],[-89.6037,48.7253],[-89.605,48.7273],[-89.6073,48.7276],[-89.6065,48.7296],[-89.6098,48.7297],[-89.6135,48.7264],[-89.614,48.7294],[-89.6094,48.7329],[-89.6077,48.735],[-89.6094,48.7358],[-89.613,48.7361],[-89.6158,48.7374],[-89.6131,48.7399],[-89.6125,48.7414],[-89.6092,48.7438],[-89.6068,48.7419],[-89.6043,48.7416],[-89.6047,48.7392],[-89.5971,48.7385],[-89.5999,48.7355],[-89.595,48.7338],[-89.5918,48.7334],[-89.5907,48.7316],[-89.5872,48.7303],[-89.5824,48.7296],[-89.5798,48.7315],[-89.5796,48.734],[-89.5774,48.7362],[-89.5778,48.7378],[-89.58,48.7385],[-89.5786,48.7402],[-89.5754,48.7394],[-89.5703,48.7395],[-89.5672,48.7404],[-89.5649,48.7419],[-89.5602,48.7435],[-89.5611,48.7454],[-89.5571,48.7473],[-89.5554,48.7504],[-89.5531,48.7523],[-89.5553,48.7544],[-89.5589,48.754],[-89.5578,48.7578],[-89.5599,48.7608],[-89.5629,48.7625],[-89.5627,48.7646],[-89.5639,48.7678],[-89.5655,48.7696],[-89.5689,48.7687],[-89.5723,48.7698],[-89.5788,48.7688],[-89.5828,48.7706],[-89.5811,48.7733],[-89.5805,48.7758],[-89.5827,48.7771],[-89.587,48.7761],[-89.59,48.7744],[-89.5933,48.7745],[-89.5912,48.7765],[-89.5881,48.7779],[-89.5826,48.7791],[-89.5831,48.7809],[-89.5868,48.7828],[-89.5851,48.7848],[-89.5847,48.7873],[-89.5823,48.7876],[-89.5821,48.7896],[-89.584,48.7907],[-89.5937,48.7916],[-89.5935,48.7876],[-89.5953,48.7869],[-89.5958,48.7899],[-89.5969,48.7912],[-89.5936,48.794],[-89.5849,48.7988],[-89.5812,48.7997],[-89.5771,48.797],[-89.5734,48.7964],[-89.5737,48.8015],[-89.577,48.804],[-89.5734,48.8075],[-89.5771,48.809],[-89.5731,48.8151],[-89.5751,48.8182],[-89.5756,48.8214],[-89.5775,48.8234],[-89.5772,48.8246],[-89.5786,48.828],[-89.5833,48.8305],[-89.5871,48.8309],[-89.5947,48.831],[-89.6019,48.834],[-89.6098,48.8334],[-89.6116,48.8327],[-89.6145,48.8337],[-89.6161,48.8319],[-89.6188,48.8312],[-89.619,48.8334],[-89.6219,48.8352],[-89.6236,48.8391],[-89.6246,48.8445],[-89.6234,48.8469],[-89.625,48.8506],[-89.6209,48.8549],[-89.619,48.8574],[-89.6192,48.8593],[-89.6169,48.8601],[-89.6192,48.8619],[-89.6214,48.8651],[-89.6187,48.8671],[-89.6248,48.8692],[-89.6244,48.8716],[-89.6257,48.8734],[-89.623,48.874],[-89.6212,48.879],[-89.6218,48.8825],[-89.6306,48.884],[-89.6302,48.8853],[-89.6271,48.8859],[-89.6262,48.8882],[-89.6299,48.8889],[-89.6254,48.8925],[-89.6249,48.8941],[-89.6275,48.8952],[-89.6265,48.8967],[-89.628,48.8978],[-89.6325,48.8957],[-89.6341,48.8965],[-89.6345,48.8986],[-89.6299,48.9012],[-89.6315,48.9047],[-89.6386,48.9064],[-89.6447,48.9066],[-89.6476,48.9096],[-89.6473,48.9111],[-89.6514,48.9107],[-89.6568,48.9125],[-89.66,48.912],[-89.6613,48.9128],[-89.6657,48.9121],[-89.6698,48.9129],[-89.6727,48.9109],[-89.6753,48.9105],[-89.678,48.9119],[-89.6871,48.9128],[-89.6868,48.9143],[-89.6898,48.915],[-89.692,48.9132],[-89.6969,48.9127],[-89.7023,48.9147],[-89.7034,48.916],[-89.7011,48.9173],[-89.7024,48.9194],[-89.7014,48.9211],[-89.7038,48.9225],[-89.7066,48.9266],[-89.7094,48.9265],[-89.7124,48.928],[-89.7223,48.9285],[-89.723,48.9294],[-89.7292,48.9294],[-89.7325,48.929],[-89.7383,48.9271],[-89.7465,48.9261],[-89.7516,48.9224],[-89.753,48.922],[-89.7586,48.9225],[-89.7644,48.9245],[-89.771,48.9234],[-89.7819,48.9199],[-89.787,48.9198],[-89.7958,48.9204],[-89.8025,48.918],[-89.805,48.916],[-89.8088,48.9171],[-89.8114,48.9157],[-89.8185,48.9162],[-89.8197,48.9194],[-89.8222,48.9216],[-89.8251,48.9216],[-89.826,48.9232],[-89.8249,48.9257],[-89.8282,48.927],[-89.8289,48.9289],[-89.8318,48.9302],[-89.8321,48.9321],[-89.8304,48.9327],[-89.8325,48.935],[-89.8315,48.9367],[-89.8276,48.9391],[-89.8296,48.9406],[-89.829,48.9428],[-89.832,48.943],[-89.8335,48.9421],[-89.8366,48.9457],[-89.8404,48.947],[-89.8454,48.9473],[-89.8518,48.9492],[-89.8557,48.9494],[-89.8563,48.951],[-89.8562,48.9546],[-89.8581,48.9566],[-89.8637,48.9559],[-89.8675,48.9574],[-89.8698,48.9556],[-89.8736,48.9568],[-89.8746,48.9579],[-89.8742,48.9604],[-89.8764,48.963],[-89.8749,48.9643],[-89.8761,48.9691],[-89.8779,48.9697],[-89.8842,48.9687],[-89.8878,48.9693],[-89.8904,48.969],[-89.8917,48.9673],[-89.894,48.9673],[-89.8952,48.9692],[-89.8943,48.9729],[-89.8921,48.9759],[-89.8896,48.9777],[-89.8806,48.981],[-89.8795,48.982],[-89.8791,48.9852],[-89.8796,48.9874],[-89.8837,48.9901],[-89.885,48.9916],[-89.8949,48.991],[-89.8968,48.9935],[-89.8947,48.9956],[-89.8945,48.9988],[-89.8932,49.0015],[-89.8922,49.0066],[-89.8915,49.015],[-89.8936,49.0218],[-89.8928,49.0246],[-89.8936,49.0266],[-89.8936,49.0301],[-89.891,49.0406],[-89.8878,49.0429],[-89.8863,49.045],[-89.8847,49.0506],[-89.8813,49.0519],[-89.8778,49.055],[-89.8792,49.0596],[-89.8811,49.0606],[-89.8794,49.0629],[-89.8801,49.0651],[-89.8745,49.076],[-89.8754,49.0781],[-89.8777,49.0788],[-89.8735,49.0822],[-89.8766,49.085],[-89.8782,49.0876],[-89.8816,49.0908],[-89.8813,49.0961],[-89.8823,49.0973],[-89.8811,49.1],[-89.8842,49.1035],[-89.8903,49.1058],[-89.8895,49.1106],[-89.8851,49.1114],[-89.8848,49.1127],[-89.893,49.1154],[-89.8961,49.1189],[-89.8923,49.1218],[-89.8912,49.1241],[-89.8952,49.1257],[-89.8961,49.1292],[-89.8978,49.1316],[-89.9004,49.1324],[-89.901,49.1346],[-89.903,49.1359],[-89.906,49.1392],[-89.9069,49.1431],[-89.9087,49.1452],[-89.9072,49.1478],[-89.8978,49.1537],[-89.8965,49.1568],[-89.8964,49.1595],[-89.8942,49.162],[-89.896,49.1632],[-89.9012,49.1631],[-89.903,49.1666],[-89.9046,49.1656],[-89.9105,49.1657],[-89.9128,49.1671],[-89.9164,49.1672],[-89.9195,49.1663],[-89.9273,49.1685],[-89.9335,49.1691],[-89.9395,49.1621],[-89.943,49.1602],[-89.9467,49.1601],[-89.9487,49.1591],[-89.9533,49.1596],[-89.9545,49.1615],[-89.959,49.1621],[-89.9597,49.1639],[-89.9672,49.1653],[-89.9696,49.1665],[-89.9736,49.1649],[-89.9789,49.1647],[-89.9818,49.1624],[-89.9844,49.1616],[-89.989,49.1625],[-89.9904,49.1621],[-89.9943,49.1628],[-89.9948,49.1667],[-89.9931,49.1701],[-89.9932,49.1716],[-89.9909,49.1733],[-89.9869,49.1746],[-89.9864,49.1768],[-89.9892,49.1779],[-89.9956,49.1762],[-90,49.1761],[-90,49.2404],[-90,49.3305],[-90,49.3907],[-90,49.472],[-90,49.5534],[-90,49.5984],[-90,49.7677],[-90,49.9623],[-90.0001,50],[-90.0001,50.0626],[-90.0829,50.0623],[-90.1681,50.0635],[-90.1673,50.1507],[-90.1667,50.2543],[-90.1663,50.3243],[-90.1662,50.4952],[-90.1667,50.9151],[-90.1663,50.9933],[-90.1663,51.0281],[-90.1663,51.1296],[-90.1638,51.1275],[-90.1611,51.1287],[-90.1569,51.1288],[-90.1569,51.1266],[-90.1543,51.1259],[-90.1534,51.1238],[-90.1478,51.1232],[-90.1436,51.1252],[-90.1413,51.1237],[-90.1438,51.1226],[-90.1406,51.1213],[-90.1383,51.1186],[-90.1361,51.1189],[-90.1337,51.1179],[-90.1308,51.1199],[-90.126,51.1207],[-90.1197,51.1209],[-90.1179,51.1193],[-90.1143,51.1213],[-90.109,51.1215],[-90.1064,51.12],[-90.1013,51.1193],[-90.0988,51.1206],[-90.1003,51.1226],[-90.096,51.1221],[-90.0878,51.1223],[-90.0842,51.1231],[-90.082,51.1219],[-90.0779,51.1228],[-90.0743,51.1223],[-90.0711,51.1227],[-90.0691,51.1217],[-90.066,51.1223],[-90.0615,51.1216],[-90.0524,51.1217],[-90.0447,51.1198],[-90.0444,51.1219],[-90.0416,51.125],[-90.042,51.1269],[-90.0408,51.1283],[-90.0367,51.1289],[-90.033,51.1305],[-90.0285,51.1346],[-90.0236,51.1397],[-90.0212,51.1405],[-90.0178,51.1381],[-90.0191,51.1339],[-90.0176,51.1313],[-90.0121,51.1289],[-90.0121,51.1269],[-90.0093,51.1263],[-90.008,51.1279],[-89.998,51.1294],[-89.994,51.1313],[-89.9911,51.1297],[-89.9883,51.131],[-89.9919,51.133],[-89.9963,51.1317],[-89.9993,51.1334],[-89.999,51.1359],[-90.0013,51.136],[-90.0005,51.1383],[-90.0022,51.1399],[-89.9998,51.1421],[-89.997,51.1432],[-89.992,51.1427],[-89.9904,51.1417],[-89.9862,51.1453],[-89.982,51.1453],[-89.9805,51.1479],[-89.9773,51.1488],[-89.9698,51.147],[-89.9675,51.1506],[-89.9619,51.1533],[-89.9578,51.1535],[-89.9623,51.1563],[-89.9586,51.158],[-89.9568,51.1598],[-89.9537,51.1604],[-89.9525,51.1617],[-89.9528,51.165],[-89.9492,51.1665],[-89.9459,51.1671],[-89.9439,51.1655],[-89.9412,51.1656],[-89.9401,51.1679],[-89.9355,51.1664],[-89.9341,51.1665],[-89.9305,51.1646],[-89.9305,51.1624],[-89.9369,51.1627],[-89.9358,51.1609],[-89.9367,51.1591],[-89.9365,51.1564],[-89.9345,51.1554],[-89.9365,51.1526],[-89.9353,51.1488],[-89.9295,51.1496],[-89.9258,51.1487],[-89.9207,51.1517],[-89.9225,51.1479],[-89.9195,51.1475],[-89.92,51.1461],[-89.9168,51.1445],[-89.9121,51.1443],[-89.9082,51.1451],[-89.9044,51.1469],[-89.902,51.1487],[-89.8928,51.1537],[-89.8898,51.1535],[-89.8875,51.1555],[-89.8889,51.1572],[-89.8954,51.1573],[-89.8966,51.1585],[-89.8949,51.1621],[-89.8955,51.17],[-89.8913,51.1751],[-89.8874,51.1754],[-89.8849,51.1735],[-89.882,51.1739],[-89.8795,51.1727],[-89.8726,51.1731],[-89.8698,51.1737],[-89.8675,51.1759],[-89.8591,51.1786],[-89.8531,51.1852],[-89.8467,51.1897],[-89.843,51.1905],[-89.8391,51.1942],[-89.8368,51.1945],[-89.8327,51.1963],[-89.8305,51.1985],[-89.8261,51.1977],[-89.8238,51.1999],[-89.8186,51.2029],[-89.8164,51.2029],[-89.8134,51.2006],[-89.8065,51.2036],[-89.8054,51.2035],[-89.8026,51.207],[-89.7953,51.2119],[-89.7883,51.2162],[-89.7842,51.2153],[-89.7765,51.217],[-89.7678,51.2174],[-89.7594,51.2144],[-89.7476,51.2143],[-89.745,51.2149],[-89.7406,51.2182],[-89.7369,51.2179],[-89.7354,51.2188],[-89.7271,51.2213],[-89.7252,51.2196],[-89.7214,51.2184],[-89.7139,51.221],[-89.7126,51.2225],[-89.7083,51.2246],[-89.7059,51.2285],[-89.7029,51.2301],[-89.6997,51.2293],[-89.6972,51.2303],[-89.6922,51.2282],[-89.6852,51.2274],[-89.6772,51.2244],[-89.678,51.2278],[-89.6717,51.2338],[-89.6648,51.2321],[-89.6607,51.2342],[-89.6526,51.24],[-89.6474,51.2415],[-89.6421,51.2441],[-89.6323,51.2468],[-89.6263,51.2504],[-89.6237,51.2514],[-89.6179,51.2549],[-89.6129,51.2568],[-89.6097,51.2569],[-89.6034,51.256],[-89.6013,51.2534],[-89.6029,51.2523],[-89.6028,51.2501],[-89.6101,51.245],[-89.612,51.2423],[-89.6097,51.2388],[-89.6069,51.2383],[-89.6055,51.2346],[-89.608,51.2327],[-89.613,51.2317],[-89.6156,51.2293],[-89.6188,51.2294],[-89.6239,51.2258],[-89.6286,51.2242],[-89.632,51.2243],[-89.6342,51.2228],[-89.6342,51.2209],[-89.6362,51.2183],[-89.6393,51.2166],[-89.6442,51.2154],[-89.6444,51.2142],[-89.647,51.2124],[-89.6434,51.2115],[-89.645,51.21],[-89.6496,51.2084],[-89.6509,51.207],[-89.6476,51.2064],[-89.6563,51.1997],[-89.6584,51.1968],[-89.6582,51.1947],[-89.6513,51.1917],[-89.6484,51.1916],[-89.6467,51.1935],[-89.6435,51.1956],[-89.6408,51.1996],[-89.6332,51.2038],[-89.6331,51.205],[-89.63,51.2053],[-89.6298,51.2078],[-89.6273,51.2072],[-89.6256,51.2082],[-89.6253,51.2109],[-89.6223,51.2121],[-89.6205,51.2146],[-89.6157,51.2167],[-89.6125,51.2216],[-89.6093,51.2219],[-89.6057,51.2236],[-89.601,51.2246],[-89.5978,51.2229],[-89.5881,51.2231],[-89.586,51.2208],[-89.5811,51.2217],[-89.5747,51.2244],[-89.5718,51.2271],[-89.5695,51.2311],[-89.569,51.2345],[-89.5713,51.2352],[-89.5743,51.2381],[-89.5772,51.2384],[-89.5798,51.2371],[-89.5822,51.2387],[-89.58,51.2422],[-89.5782,51.2436],[-89.5718,51.2458],[-89.5699,51.2472],[-89.5697,51.2494],[-89.5725,51.2529],[-89.5762,51.2544],[-89.578,51.2573],[-89.5784,51.2605],[-89.5752,51.2649],[-89.5793,51.2718],[-89.5788,51.2743],[-89.5764,51.276],[-89.5694,51.2797],[-89.5667,51.2803],[-89.5591,51.279],[-89.5541,51.2813],[-89.5484,51.2854],[-89.5455,51.2862],[-89.5402,51.2904],[-89.5294,51.295],[-89.5277,51.2974],[-89.5243,51.2997],[-89.5143,51.3022],[-89.5115,51.3039],[-89.508,51.3072],[-89.5016,51.3142],[-89.4951,51.3166],[-89.4918,51.3203],[-89.4904,51.3232],[-89.4878,51.3263],[-89.4865,51.3295],[-89.4831,51.3308],[-89.4798,51.3347],[-89.4746,51.3368],[-89.4673,51.3372],[-89.46,51.3412],[-89.4598,51.3428],[-89.4558,51.3457],[-89.4454,51.3497],[-89.441,51.3551],[-89.4351,51.3576],[-89.4324,51.3605],[-89.4233,51.3645],[-89.4179,51.3677],[-89.4135,51.3681],[-89.4101,51.3692],[-89.4084,51.3723],[-89.4063,51.3728],[-89.3997,51.3766],[-89.3947,51.3785],[-89.3954,51.3796],[-89.3907,51.3818],[-89.3881,51.3812],[-89.3841,51.3817],[-89.3797,51.3839],[-89.3745,51.3885],[-89.3657,51.3931],[-89.3635,51.3928],[-89.3607,51.395],[-89.3585,51.3944],[-89.352,51.3956],[-89.3503,51.3978],[-89.3462,51.3996],[-89.3422,51.4025],[-89.3397,51.4032],[-89.338,51.405],[-89.3302,51.407],[-89.3258,51.4119],[-89.3218,51.4147],[-89.3193,51.4172],[-89.3188,51.4191],[-89.3216,51.4213],[-89.3216,51.4253],[-89.3201,51.426],[-89.3164,51.4244],[-89.311,51.4247],[-89.3082,51.4257],[-89.3031,51.429],[-89.2977,51.4313],[-89.2933,51.4311],[-89.2871,51.4331],[-89.2845,51.4301],[-89.2911,51.4269],[-89.2931,51.4246],[-89.2887,51.421],[-89.2841,51.4188],[-89.2773,51.4193],[-89.2728,51.4218],[-89.2672,51.4224],[-89.2659,51.4219],[-89.2608,51.4243],[-89.2604,51.4263],[-89.2565,51.4306],[-89.2531,51.4316],[-89.2499,51.4307],[-89.2485,51.4321],[-89.2447,51.4322],[-89.2415,51.4293],[-89.2376,51.4284],[-89.2333,51.4294],[-89.2274,51.4292],[-89.2248,51.4308],[-89.2214,51.4303],[-89.2202,51.4288],[-89.2143,51.4257],[-89.2106,51.4278],[-89.2077,51.4283],[-89.2047,51.4262],[-89.1993,51.4257],[-89.1918,51.4266],[-89.188,51.4285],[-89.1841,51.432],[-89.184,51.4339],[-89.1869,51.4353],[-89.1862,51.4369],[-89.1872,51.439],[-89.1857,51.4415],[-89.1864,51.443],[-89.1852,51.4451],[-89.187,51.4471],[-89.1832,51.452],[-89.1827,51.4547],[-89.1792,51.4587],[-89.1766,51.4605],[-89.1731,51.4673],[-89.1675,51.4723],[-89.1644,51.4761],[-89.1625,51.4832],[-89.1588,51.4865],[-89.1586,51.4882],[-89.1566,51.4901],[-89.149,51.493],[-89.1454,51.4953],[-89.1438,51.499],[-89.1385,51.505],[-89.1374,51.5088],[-89.1335,51.5132],[-89.1261,51.5181],[-89.1166,51.5224],[-89.1148,51.5242],[-89.112,51.5253],[-89.1088,51.5253],[-89.1084,51.5276],[-89.1064,51.5278],[-89.1025,51.5253],[-89.0979,51.5254],[-89.094,51.527],[-89.0917,51.5261],[-89.0832,51.5248],[-89.0767,51.5261],[-89.0761,51.5248],[-89.0713,51.5224],[-89.0647,51.521],[-89.0558,51.5226],[-89.0437,51.5235],[-89.0411,51.5212],[-89.0422,51.5193],[-89.0461,51.5162],[-89.0465,51.5151],[-89.0441,51.5137],[-89.0418,51.5112],[-89.0386,51.5106],[-89.0331,51.5081],[-89.0271,51.5064],[-89.025,51.5066],[-89.0173,51.506],[-89.0133,51.5052],[-89.0034,51.5076],[-88.9988,51.5092],[-88.9957,51.5093],[-88.9951,51.5077],[-88.9975,51.5051],[-88.9917,51.501],[-88.9918,51.4989],[-88.9899,51.4979],[-88.9942,51.4958],[-89.0035,51.4899],[-89.0119,51.4865],[-89.0146,51.4849],[-89.0157,51.4832],[-89.0149,51.4799],[-89.0112,51.4775],[-89.0152,51.4758],[-89.0165,51.4739],[-89.0152,51.4718],[-89.0169,51.4655],[-89.0158,51.4627],[-89.014,51.461],[-89.0152,51.4588],[-89.0113,51.4544],[-89.0083,51.453],[-89.0092,51.4508],[-89.0056,51.4495],[-89.0038,51.4472],[-89.0051,51.4438],[-89.01,51.4439],[-89.0122,51.4433],[-89.0151,51.4438],[-89.0206,51.4436],[-89.0232,51.4424],[-89.0279,51.4345],[-89.0271,51.4321],[-89.025,51.431],[-89.0231,51.4324],[-89.0126,51.4342],[-89.0094,51.4329],[-89.0098,51.4313],[-89.0139,51.4325],[-89.0152,51.4303],[-89.0121,51.4283],[-89.0086,51.4304],[-89.0063,51.4304],[-89.0038,51.4317],[-89.0023,51.4337],[-88.9999,51.4341],[-88.9951,51.4367],[-88.9945,51.4393],[-88.9922,51.441],[-88.9891,51.4419],[-88.9884,51.4451],[-88.987,51.4474],[-88.982,51.4508],[-88.9837,51.4524],[-88.983,51.4536],[-88.985,51.4558],[-88.981,51.4586],[-88.9835,51.4615],[-88.9835,51.463],[-88.9786,51.4658],[-88.9751,51.47],[-88.9752,51.4723],[-88.9731,51.4752],[-88.9722,51.4779],[-88.9673,51.4811],[-88.9629,51.4808],[-88.96,51.4799],[-88.9552,51.48],[-88.9501,51.4812],[-88.9477,51.4826],[-88.9455,51.4861],[-88.9424,51.4882],[-88.935,51.488],[-88.9295,51.4866],[-88.9219,51.4894],[-88.9188,51.4922],[-88.9134,51.4933],[-88.9128,51.4946],[-88.9054,51.4966],[-88.9032,51.4978],[-88.897,51.4975],[-88.8902,51.4999],[-88.888,51.5019],[-88.8837,51.5034],[-88.8823,51.5046],[-88.8778,51.5041],[-88.8722,51.5075],[-88.8682,51.5093],[-88.8636,51.5097],[-88.8608,51.509],[-88.8574,51.5099],[-88.8574,51.5112],[-88.8546,51.5122],[-88.8545,51.5143],[-88.8514,51.5159],[-88.8524,51.5194],[-88.8519,51.5211],[-88.8483,51.5256],[-88.8497,51.5291],[-88.8482,51.5318],[-88.843,51.535],[-88.8428,51.5364],[-88.8479,51.5401],[-88.848,51.5431],[-88.8443,51.5471],[-88.8377,51.5498],[-88.8345,51.5547],[-88.8326,51.556],[-88.8288,51.5565],[-88.8211,51.5543],[-88.8179,51.5527],[-88.8146,51.5521],[-88.8057,51.5535],[-88.7999,51.5557],[-88.7963,51.5564],[-88.7896,51.5563],[-88.7833,51.5553],[-88.7769,51.5554],[-88.7717,51.5565],[-88.7653,51.5571],[-88.7544,51.5571],[-88.742,51.5563],[-88.7429,51.5541],[-88.7457,51.5537],[-88.7464,51.5514],[-88.7433,51.5493],[-88.7409,51.5496],[-88.7347,51.547],[-88.7279,51.5479],[-88.7265,51.5496],[-88.7236,51.549],[-88.7183,51.5468],[-88.7183,51.5448],[-88.711,51.5447],[-88.7084,51.5436],[-88.7051,51.5437],[-88.7018,51.5448],[-88.6995,51.5465],[-88.6886,51.5479],[-88.6853,51.5477],[-88.6824,51.5464],[-88.6787,51.5466],[-88.6762,51.545],[-88.6744,51.545],[-88.6715,51.5435],[-88.6661,51.5432],[-88.6609,51.5402],[-88.6566,51.5404],[-88.6542,51.5385],[-88.6435,51.5398],[-88.6392,51.5408],[-88.6335,51.5429],[-88.6292,51.5454],[-88.627,51.5458],[-88.6236,51.5434],[-88.6169,51.5427],[-88.6125,51.5441],[-88.6073,51.5446],[-88.6022,51.5509],[-88.5926,51.5499],[-88.5896,51.549],[-88.5852,51.5507],[-88.5825,51.5524],[-88.5746,51.5551],[-88.5742,51.5563],[-88.5697,51.5552],[-88.5682,51.5538],[-88.5637,51.5529],[-88.5619,51.5509],[-88.5573,51.5505],[-88.5449,51.5521],[-88.5409,51.5521],[-88.5383,51.5502],[-88.5351,51.5497],[-88.5349,51.5478],[-88.5368,51.547],[-88.5441,51.547],[-88.551,51.5444],[-88.5523,51.5434],[-88.5562,51.543],[-88.5564,51.5409],[-88.551,51.5382],[-88.5506,51.5356],[-88.5483,51.5338],[-88.5453,51.533],[-88.5444,51.5314],[-88.5412,51.5307],[-88.5429,51.5294],[-88.5425,51.5271],[-88.5354,51.5258],[-88.5336,51.5228],[-88.5296,51.5205],[-88.529,51.5163],[-88.5262,51.5134],[-88.5269,51.5102],[-88.5231,51.5096],[-88.524,51.508],[-88.5272,51.5063],[-88.5252,51.5038],[-88.5199,51.5029],[-88.5188,51.5022],[-88.5138,51.5013],[-88.5111,51.4982],[-88.5123,51.4962],[-88.5153,51.495],[-88.513,51.4927],[-88.5072,51.4916],[-88.5018,51.4922],[-88.4979,51.4944],[-88.4944,51.4946],[-88.4935,51.4966],[-88.4879,51.4971],[-88.4858,51.4986],[-88.4826,51.4997],[-88.4821,51.4982],[-88.4769,51.4979],[-88.4708,51.4964],[-88.4635,51.4963],[-88.4623,51.4947],[-88.4535,51.4944],[-88.4506,51.4948],[-88.4459,51.4941],[-88.4401,51.491],[-88.4377,51.4916],[-88.4352,51.4904],[-88.4282,51.4907],[-88.4271,51.4896],[-88.423,51.4887],[-88.4183,51.489],[-88.412,51.488],[-88.409,51.4885],[-88.4053,51.4853],[-88.4013,51.4851],[-88.4032,51.4834],[-88.4024,51.4812],[-88.4047,51.4807],[-88.4062,51.4779],[-88.4032,51.4759],[-88.3998,51.4773],[-88.3965,51.4762],[-88.3973,51.4734],[-88.4023,51.473],[-88.4055,51.4717],[-88.4087,51.4717],[-88.4078,51.4697],[-88.4158,51.4682],[-88.4199,51.4682],[-88.4215,51.4662],[-88.4201,51.465],[-88.417,51.4667],[-88.4085,51.4667],[-88.4055,51.466],[-88.4031,51.4704],[-88.3995,51.4707],[-88.3952,51.4725],[-88.3841,51.4735],[-88.3814,51.4725],[-88.3809,51.4702],[-88.3781,51.4696],[-88.3724,51.4711],[-88.3638,51.4722],[-88.3581,51.4741],[-88.3503,51.4753],[-88.348,51.474],[-88.3443,51.473],[-88.3452,51.4715],[-88.3489,51.4705],[-88.3509,51.4709],[-88.3549,51.4677],[-88.3508,51.4656],[-88.3478,51.4666],[-88.3439,51.4696],[-88.3375,51.4723],[-88.3386,51.4745],[-88.3379,51.4759],[-88.3397,51.4771],[-88.3342,51.4811],[-88.3296,51.483],[-88.3255,51.484],[-88.3217,51.4841],[-88.3228,51.4824],[-88.322,51.4802],[-88.3225,51.4784],[-88.3212,51.4769],[-88.3189,51.4785],[-88.315,51.4789],[-88.3121,51.48],[-88.3085,51.4778],[-88.3036,51.4779],[-88.296,51.4746],[-88.2894,51.4749],[-88.2867,51.4755],[-88.2848,51.4745],[-88.2818,51.4751],[-88.2803,51.4736],[-88.2842,51.4732],[-88.2823,51.4714],[-88.2783,51.4711],[-88.2686,51.4712],[-88.2693,51.4727],[-88.2775,51.4735],[-88.2792,51.4757],[-88.2754,51.4783],[-88.2698,51.4796],[-88.2706,51.4778],[-88.2676,51.4769],[-88.2546,51.4756],[-88.2471,51.4767],[-88.2449,51.4751],[-88.245,51.4735],[-88.2374,51.4726],[-88.2338,51.4727],[-88.2318,51.4746],[-88.2231,51.4731],[-88.2183,51.4731],[-88.2195,51.4708],[-88.217,51.4703],[-88.2077,51.4715],[-88.2016,51.4711],[-88.1985,51.4725],[-88.1971,51.4704],[-88.193,51.471],[-88.1931,51.468],[-88.1972,51.467],[-88.2007,51.4648],[-88.2045,51.4639],[-88.2047,51.4622],[-88.2072,51.462],[-88.21,51.4635],[-88.2178,51.4631],[-88.2195,51.4639],[-88.2258,51.4612],[-88.2294,51.4608],[-88.2286,51.4571],[-88.2293,51.4548],[-88.2249,51.4542],[-88.2214,51.4566],[-88.2182,51.4543],[-88.2215,51.4512],[-88.2282,51.4507],[-88.2303,51.4491],[-88.2347,51.4485],[-88.2328,51.4455],[-88.2265,51.4458],[-88.2237,51.4466],[-88.2213,51.4452],[-88.2195,51.4477],[-88.2134,51.4478],[-88.2126,51.4488],[-88.2055,51.4491],[-88.2043,51.4508],[-88.2075,51.4513],[-88.2112,51.4509],[-88.2196,51.4515],[-88.2165,51.4531],[-88.2144,51.4527],[-88.2108,51.4535],[-88.2075,51.4525],[-88.2022,51.4525],[-88.1997,51.4515],[-88.1969,51.4525],[-88.1963,51.4503],[-88.193,51.4507],[-88.1905,51.452],[-88.1837,51.4527],[-88.1821,51.4504],[-88.1785,51.45],[-88.1734,51.4515],[-88.1726,51.4541],[-88.17,51.4563],[-88.1709,51.4577],[-88.1741,51.4578],[-88.1779,51.4566],[-88.183,51.457],[-88.1834,51.4599],[-88.1785,51.4621],[-88.1785,51.4648],[-88.1753,51.4634],[-88.1703,51.4648],[-88.1675,51.4665],[-88.1625,51.4663],[-88.1607,51.4673],[-88.1578,51.4672],[-88.1547,51.4681],[-88.1494,51.4676],[-88.1469,51.4687],[-88.1444,51.4676],[-88.1497,51.4655],[-88.1482,51.4647],[-88.143,51.4662],[-88.1388,51.4704],[-88.1348,51.4715],[-88.1324,51.4734],[-88.1257,51.4733],[-88.1238,51.4748],[-88.1207,51.4757],[-88.1207,51.4772],[-88.1168,51.4772],[-88.1162,51.4794],[-88.117,51.4815],[-88.1114,51.4847],[-88.1054,51.4837],[-88.1025,51.4856],[-88.0954,51.4824],[-88.0939,51.4833],[-88.0884,51.4798],[-88.0842,51.4804],[-88.0826,51.4794],[-88.0797,51.4809],[-88.0759,51.4814],[-88.0732,51.4832],[-88.0662,51.4855],[-88.0617,51.4852],[-88.0591,51.4845],[-88.0549,51.4853],[-88.0466,51.4879],[-88.0428,51.4898],[-88.0372,51.4912],[-88.0348,51.4891],[-88.0297,51.4861],[-88.027,51.4869],[-88.0284,51.4887],[-88.0353,51.4917],[-88.0338,51.4933],[-88.0284,51.4963],[-88.0242,51.4971],[-88.0165,51.496],[-88.0107,51.4928],[-88.0087,51.4933],[-88.0056,51.4921],[-88.0034,51.4929],[-87.9993,51.4902],[-87.9983,51.4885],[-87.9947,51.4895],[-87.988,51.4907],[-87.9868,51.4881],[-87.9836,51.4893],[-87.9787,51.4898],[-87.9757,51.489],[-87.9764,51.486],[-87.9806,51.4848],[-87.989,51.4849],[-87.992,51.4838],[-87.9904,51.4823],[-87.9867,51.4811],[-87.977,51.4824],[-87.9721,51.4799],[-87.9692,51.476],[-87.9667,51.4754],[-87.9623,51.4758],[-87.9557,51.4778],[-87.9516,51.4762],[-87.9517,51.4749],[-87.9487,51.4738],[-87.9435,51.4738],[-87.9406,51.47],[-87.9413,51.4682],[-87.9456,51.4664],[-87.9464,51.4635],[-87.9458,51.46],[-87.9409,51.4605],[-87.943,51.4576],[-87.9428,51.455],[-87.9412,51.4537],[-87.9363,51.4544],[-87.9293,51.4564],[-87.924,51.4589],[-87.9191,51.4584],[-87.9168,51.4566],[-87.9164,51.4523],[-87.913,51.4501],[-87.9143,51.4481],[-87.9092,51.4475],[-87.9028,51.4501],[-87.9002,51.45],[-87.8981,51.4487],[-87.8955,51.4495],[-87.8907,51.4491],[-87.8869,51.4499],[-87.8829,51.4499],[-87.8825,51.4481],[-87.8836,51.4462],[-87.8811,51.4435],[-87.8789,51.4431],[-87.876,51.4414],[-87.873,51.442],[-87.8649,51.442],[-87.8607,51.441],[-87.8602,51.4392],[-87.865,51.4371],[-87.8666,51.4353],[-87.8641,51.4338],[-87.8592,51.4331],[-87.857,51.4348],[-87.8544,51.434],[-87.8513,51.4353],[-87.8469,51.4338],[-87.8443,51.4337],[-87.8407,51.4318],[-87.8371,51.4326],[-87.8339,51.4314],[-87.8348,51.4286],[-87.8306,51.4271],[-87.827,51.4245],[-87.8241,51.4239],[-87.8232,51.4219],[-87.8203,51.4214],[-87.8155,51.4195],[-87.8164,51.4165],[-87.8151,51.4148],[-87.8165,51.4128],[-87.8198,51.411],[-87.8272,51.4093],[-87.8349,51.4119],[-87.8378,51.4116],[-87.8428,51.413],[-87.8456,51.4126],[-87.8523,51.4148],[-87.8552,51.4148],[-87.859,51.4157],[-87.865,51.4159],[-87.8718,51.4147],[-87.8787,51.4155],[-87.881,51.4128],[-87.8848,51.4109],[-87.8882,51.4101],[-87.8882,51.4083],[-87.8917,51.4056],[-87.8908,51.4038],[-87.8951,51.4021],[-87.8981,51.4032],[-87.9039,51.4036],[-87.91,51.4047],[-87.9132,51.4058],[-87.9157,51.4088],[-87.92,51.4105],[-87.928,51.4106],[-87.9334,51.4095],[-87.9354,51.4082],[-87.9348,51.4058],[-87.9362,51.4045],[-87.9393,51.4037],[-87.9427,51.4016],[-87.9442,51.3998],[-87.9463,51.3998],[-87.95,51.3958],[-87.9477,51.3944],[-87.9447,51.3914],[-87.9417,51.3907],[-87.9394,51.3888],[-87.9361,51.3899],[-87.9347,51.3885],[-87.9386,51.3876],[-87.9401,51.3853],[-87.9375,51.3835],[-87.9309,51.3859],[-87.9264,51.3851],[-87.9227,51.3877],[-87.9191,51.3886],[-87.9157,51.3873],[-87.9117,51.3883],[-87.9085,51.3898],[-87.908,51.3925],[-87.9038,51.394],[-87.9005,51.3933],[-87.8986,51.3942],[-87.8946,51.3931],[-87.8938,51.3953],[-87.8898,51.3957],[-87.888,51.3986],[-87.8829,51.4029],[-87.8772,51.4037],[-87.8768,51.406],[-87.8702,51.4066],[-87.8645,51.4056],[-87.8628,51.4078],[-87.8633,51.4095],[-87.8593,51.4089],[-87.8564,51.4102],[-87.8499,51.4111],[-87.849,51.4096],[-87.8453,51.4086],[-87.8373,51.4086],[-87.8344,51.4066],[-87.8291,51.4068],[-87.8224,51.4048],[-87.8164,51.4049],[-87.8058,51.4027],[-87.801,51.4012],[-87.7957,51.4002],[-87.7994,51.3982],[-87.8005,51.3962],[-87.7994,51.3933],[-87.7979,51.3918],[-87.7955,51.3914],[-87.7958,51.3884],[-87.7941,51.3863],[-87.7951,51.3824],[-87.7932,51.3782],[-87.7963,51.3778],[-87.7969,51.3764],[-87.8014,51.3738],[-87.799,51.3725],[-87.7968,51.3698],[-87.7929,51.3668],[-87.7915,51.3623],[-87.7952,51.3611],[-87.7956,51.358],[-87.8013,51.3524],[-87.8018,51.3511],[-87.8045,51.351],[-87.8082,51.3493],[-87.8099,51.3477],[-87.8071,51.3459],[-87.8034,51.3466],[-87.7948,51.3495],[-87.7878,51.3507],[-87.7843,51.3533],[-87.7825,51.3535],[-87.7746,51.3566],[-87.7697,51.3608],[-87.7633,51.3622],[-87.7618,51.3613],[-87.7538,51.3615],[-87.7482,51.3605],[-87.7446,51.3592],[-87.7469,51.3565],[-87.7444,51.3506],[-87.7417,51.3483],[-87.743,51.3463],[-87.7421,51.3441],[-87.7393,51.3434],[-87.7342,51.3436],[-87.73,51.3419],[-87.7259,51.3422],[-87.7232,51.3429],[-87.7237,51.3386],[-87.7204,51.3383],[-87.7155,51.3404],[-87.712,51.3411],[-87.707,51.3363],[-87.6986,51.3327],[-87.6914,51.3351],[-87.6905,51.3346],[-87.6887,51.331],[-87.6912,51.3259],[-87.69,51.3244],[-87.6858,51.3236],[-87.6831,51.3243],[-87.682,51.3221],[-87.6759,51.3208],[-87.6767,51.3191],[-87.6806,51.3182],[-87.6792,51.3168],[-87.6812,51.3155],[-87.686,51.3151],[-87.6886,51.3139],[-87.6952,51.3137],[-87.705,51.3106],[-87.7078,51.3101],[-87.7094,51.3078],[-87.7088,51.306],[-87.7118,51.3055],[-87.7128,51.3044],[-87.7101,51.3031],[-87.7058,51.304],[-87.7052,51.3063],[-87.7012,51.3074],[-87.696,51.3073],[-87.6894,51.3091],[-87.6837,51.3089],[-87.6796,51.3094],[-87.6776,51.3106],[-87.6749,51.3107],[-87.6676,51.3121],[-87.6648,51.3117],[-87.6637,51.3097],[-87.6604,51.3103],[-87.6592,51.3083],[-87.6569,51.3067],[-87.654,51.3016],[-87.6482,51.2995],[-87.6468,51.2971],[-87.6479,51.2944],[-87.6476,51.2898],[-87.6444,51.2848],[-87.6452,51.2837],[-87.6494,51.2833],[-87.6478,51.2805],[-87.6434,51.2791],[-87.6405,51.2775],[-87.6373,51.2801],[-87.6336,51.2805],[-87.6325,51.2797],[-87.6257,51.2798],[-87.6177,51.2807],[-87.6149,51.2786],[-87.6147,51.2762],[-87.6131,51.2746],[-87.6081,51.2745],[-87.6046,51.2753],[-87.6031,51.2735],[-87.5967,51.2713],[-87.5906,51.2724],[-87.5882,51.2708],[-87.5837,51.2704],[-87.5718,51.2714],[-87.5716,51.2697],[-87.568,51.268],[-87.5667,51.2666],[-87.5673,51.2648],[-87.5647,51.2619],[-87.5658,51.2589],[-87.5617,51.2593],[-87.5591,51.2607],[-87.5557,51.2602],[-87.5544,51.2582],[-87.5475,51.2594],[-87.5458,51.2582],[-87.5416,51.2598],[-87.5401,51.2616],[-87.5331,51.2632],[-87.5291,51.2623],[-87.5287,51.2604],[-87.5318,51.2592],[-87.5287,51.2558],[-87.5297,51.2541],[-87.5329,51.2534],[-87.5392,51.2505],[-87.5392,51.2473],[-87.5353,51.2462],[-87.5422,51.2427],[-87.546,51.2428],[-87.5519,51.2388],[-87.5486,51.2388],[-87.5441,51.2412],[-87.5375,51.243],[-87.5351,51.242],[-87.5378,51.2378],[-87.5413,51.2378],[-87.5424,51.2367],[-87.548,51.2362],[-87.5492,51.2349],[-87.5522,51.2346],[-87.5532,51.2358],[-87.558,51.2347],[-87.5578,51.2331],[-87.5552,51.2324],[-87.5544,51.2341],[-87.5516,51.234],[-87.5509,51.2321],[-87.545,51.2339],[-87.5416,51.2369],[-87.5385,51.2374],[-87.5371,51.2366],[-87.5318,51.2385],[-87.529,51.2383],[-87.525,51.2394],[-87.519,51.2381],[-87.5145,51.2397],[-87.5119,51.24],[-87.5092,51.2391],[-87.5049,51.2412],[-87.5014,51.2399],[-87.4973,51.2414],[-87.4929,51.242],[-87.4918,51.2429],[-87.4837,51.2458],[-87.4832,51.2448],[-87.4794,51.2454],[-87.4741,51.2475],[-87.4685,51.2452],[-87.4686,51.2471],[-87.4669,51.2478],[-87.4646,51.2458],[-87.4592,51.2497],[-87.4553,51.248],[-87.4515,51.2487],[-87.4517,51.2458],[-87.4455,51.2451],[-87.4319,51.2496],[-87.4262,51.2519],[-87.4245,51.2537],[-87.4201,51.2548],[-87.4186,51.2565],[-87.4113,51.2571],[-87.4031,51.2591],[-87.3968,51.2594],[-87.3952,51.2616],[-87.3918,51.26],[-87.3881,51.2595],[-87.3786,51.2595],[-87.377,51.2612],[-87.3706,51.2594],[-87.3665,51.2624],[-87.364,51.2612],[-87.3578,51.2608],[-87.3516,51.2629],[-87.349,51.2628],[-87.3418,51.2652],[-87.3402,51.2664],[-87.3311,51.2662],[-87.3256,51.2673],[-87.3236,51.2687],[-87.3207,51.269],[-87.3125,51.2713],[-87.3101,51.2709],[-87.3072,51.2717],[-87.305,51.2693],[-87.3024,51.2685],[-87.2989,51.2696],[-87.2964,51.2694],[-87.2866,51.2716],[-87.2844,51.2712],[-87.2814,51.2722],[-87.2784,51.2713],[-87.2741,51.273],[-87.2705,51.2723],[-87.2652,51.2747],[-87.262,51.2745],[-87.2565,51.2764],[-87.2498,51.2801],[-87.2435,51.2808],[-87.2456,51.2774],[-87.2478,51.2766],[-87.2476,51.2746],[-87.243,51.2732],[-87.2339,51.2732],[-87.233,51.2763],[-87.235,51.2785],[-87.2397,51.2784],[-87.2418,51.2805],[-87.2388,51.2824],[-87.2352,51.2827],[-87.2315,51.2821],[-87.2272,51.2841],[-87.2231,51.2847],[-87.22,51.2859],[-87.216,51.2886],[-87.2088,51.2914],[-87.1969,51.2941],[-87.1968,51.2965],[-87.1987,51.2993],[-87.1957,51.2991],[-87.1946,51.2977],[-87.1919,51.2975],[-87.1922,51.2959],[-87.1886,51.2953],[-87.1877,51.2982],[-87.1837,51.2995],[-87.1816,51.2994],[-87.1786,51.3005],[-87.1767,51.2994],[-87.1725,51.3017],[-87.1689,51.3005],[-87.1647,51.3015],[-87.1609,51.3008],[-87.1561,51.3008],[-87.1519,51.3015],[-87.148,51.2995],[-87.1424,51.2995],[-87.1369,51.3022],[-87.1354,51.3057],[-87.132,51.3079],[-87.1292,51.3078],[-87.1278,51.3051],[-87.1253,51.3055],[-87.122,51.3045],[-87.1182,51.3064],[-87.1131,51.3077],[-87.111,51.3098],[-87.1131,51.3111],[-87.1153,51.3145],[-87.118,51.3159],[-87.1157,51.3198],[-87.119,51.3214],[-87.1244,51.3217],[-87.1284,51.3239],[-87.1314,51.3248],[-87.1295,51.3274],[-87.1294,51.329],[-87.1267,51.3303],[-87.1184,51.3325],[-87.1114,51.3375],[-87.1103,51.3393],[-87.1062,51.343],[-87.1053,51.3456],[-87.102,51.3465],[-87.0986,51.3467],[-87.0969,51.3488],[-87.093,51.3504],[-87.0897,51.3526],[-87.0885,51.3517],[-87.0814,51.3508],[-87.0795,51.3497],[-87.0743,51.3499],[-87.0704,51.3516],[-87.0627,51.3534],[-87.0574,51.3553],[-87.0533,51.3579],[-87.0533,51.36],[-87.051,51.3625],[-87.0463,51.3652],[-87.0453,51.3673],[-87.0469,51.3696],[-87.0454,51.371],[-87.0426,51.3718],[-87.0397,51.374],[-87.0395,51.3757],[-87.0359,51.379],[-87.032,51.381],[-87.0263,51.3808],[-87.0259,51.3828],[-87.0227,51.3825],[-87.019,51.384],[-87.019,51.3883],[-87.0206,51.3907],[-87.0185,51.3939],[-87.0135,51.3986],[-87.0108,51.3991],[-87.0027,51.4039],[-87.0006,51.4043],[-86.9662,51.4199],[-86.9445,51.4224],[-86.9195,51.4122],[-86.9001,51.4145],[-86.8954,51.4022],[-86.8787,51.3913],[-86.8438,51.3902],[-86.8174,51.3967],[-86.8031,51.4022],[-86.7825,51.4144],[-86.7585,51.4138],[-86.7449,51.4183],[-86.7204,51.4255],[-86.7346,51.4445],[-86.7381,51.4607],[-86.6816,51.4836],[-86.6354,51.4962],[-86.599,51.499],[-86.5695,51.5108],[-86.5542,51.5162]]]},"properties":{"id":106,"name":"Thunder Bay—Superior North"}},{"type":"Feature","geometry":{"type":"Polygon","coordinates":[[[-76.1618,44.2807],[-76.1643,44.2398],[-76.1917,44.2214],[-76.2068,44.215],[-76.2455,44.2039],[-76.2867,44.2038],[-76.3127,44.1991],[-76.3529,44.1343],[-76.4389,44.0941],[-76.5063,44.0075],[-76.5064,44.0076],[-76.5319,44.0529],[-76.5532,44.0906],[-76.5927,44.1605],[-76.6363,44.2373],[-76.644,44.2502],[-76.6542,44.2651],[-76.6625,44.2778],[-76.6675,44.2851],[-76.6589,44.2852],[-76.6355,44.2871],[-76.6321,44.2872],[-76.6136,44.2875],[-76.5939,44.2876],[-76.5919,44.2878],[-76.5854,44.2898],[-76.579,44.2899],[-76.5755,44.2887],[-76.5669,44.284],[-76.5499,44.2784],[-76.5453,44.2774],[-76.5353,44.2763],[-76.532,44.2756],[-76.5141,44.2708],[-76.5088,44.2699],[-76.4968,44.2691],[-76.4942,44.2691],[-76.489,44.2706],[-76.479,44.2759],[-76.4739,44.2777],[-76.4351,44.287],[-76.4298,44.289],[-76.4195,44.294],[-76.4169,44.2956],[-76.4123,44.3013],[-76.4091,44.3032],[-76.3848,44.3145],[-76.3784,44.3164],[-76.3493,44.3212],[-76.3458,44.3216],[-76.306,44.3251],[-76.2898,44.326],[-76.2465,44.3304],[-76.2353,44.3312],[-76.2352,44.3233],[-76.2348,44.3192],[-76.2341,44.305],[-76.2106,44.3082],[-76.2012,44.3069],[-76.1913,44.3009],[-76.1997,44.2954],[-76.1618,44.2807]]]},"properties":{"id":46,"name":"Kingston and the Islands"}},{"type":"Feature","geometry":{"type":"Polygon","coordinates":[[[-78.7962,43.8664],[-78.8025,43.8686],[-78.7992,43.8609],[-78.8179,43.8568],[-78.824,43.8637],[-78.8267,43.863],[-78.8297,43.8614],[-78.8313,43.8581],[-78.8336,43.8585],[-78.8423,43.8576],[-78.8472,43.8555],[-78.8555,43.8544],[-78.8627,43.8527],[-78.8686,43.8511],[-78.8695,43.8501],[-78.8818,43.8525],[-78.8905,43.8731],[-78.8966,43.8865],[-78.9058,43.9075],[-78.9057,43.9078],[-78.9134,43.925],[-78.9132,43.9252],[-78.8298,43.944],[-78.8057,43.889],[-78.7962,43.8664]]]},"properties":{"id":77,"name":"Oshawa"}},{"type":"Feature","geometry":{"type":"Polygon","coordinates":[[[-78.8818,43.8525],[-78.8884,43.8533],[-78.8926,43.8527],[-78.8964,43.8511],[-78.9005,43.8479],[-78.9006,43.8463],[-78.9033,43.8459],[-78.9074,43.8462],[-78.9185,43.8494],[-78.9179,43.8479],[-78.9256,43.8503],[-78.927,43.85],[-78.9299,43.8514],[-78.9351,43.8511],[-78.9386,43.8495],[-78.9408,43.8472],[-78.9438,43.8458],[-78.9467,43.8461],[-78.9513,43.8456],[-78.9567,43.8441],[-78.963,43.8405],[-78.9674,43.8367],[-78.9707,43.8334],[-78.9865,43.8707],[-78.9925,43.8844],[-78.9943,43.8891],[-79.0013,43.905],[-79.0065,43.918],[-79.0085,43.9225],[-79.0151,43.936],[-79.0257,43.9601],[-79.0329,43.9757],[-79.0406,43.9936],[-79.0473,44.0093],[-79.0033,44.019],[-78.9936,44.0212],[-78.9586,44.0289],[-78.952,44.0142],[-78.9512,44.011],[-78.944,43.9942],[-78.9434,43.9941],[-78.936,43.9769],[-78.9286,43.9607],[-78.9191,43.9388],[-78.9131,43.9254],[-78.9132,43.9252],[-78.9134,43.925],[-78.9057,43.9078],[-78.9058,43.9075],[-78.8966,43.8865],[-78.8905,43.8731],[-78.8818,43.8525]]]},"properties":{"id":116,"name":"Whitby"}},{"type":"Feature","geometry":{"type":"Polygon","coordinates":[[[-82.9969,42.2357],[-82.9888,42.2337],[-82.9859,42.2342],[-82.9748,42.2416],[-82.965,42.2458],[-82.9608,42.247],[-82.9614,42.2558],[-82.9624,42.2582],[-82.974,42.2764],[-82.9601,42.2817],[-82.9526,42.283],[-82.968,42.3074],[-83.0098,42.2994],[-83.0252,42.3232],[-83.0279,42.3272],[-83.0192,42.3295],[-83,42.3314],[-82.9885,42.3325],[-82.9592,42.3394],[-82.9452,42.347],[-82.9109,42.3548],[-82.9106,42.3543],[-82.8661,42.3645],[-82.8661,42.3649],[-82.854,42.3676],[-82.8519,42.3582],[-82.8437,42.3226],[-82.8433,42.3203],[-82.8408,42.3174],[-82.8419,42.3146],[-82.844,42.3121],[-82.8444,42.3102],[-82.8463,42.3084],[-82.8692,42.3108],[-82.8712,42.2774],[-82.8742,42.2301],[-82.8748,42.2193],[-82.8764,42.1955],[-82.8774,42.1798],[-82.9377,42.1818],[-82.9674,42.1829],[-83.0006,42.1839],[-82.9969,42.2357]]]},"properties":{"id":118,"name":"Windsor—Tecumseh"}},{"type":"Feature","geometry":{"type":"Polygon","coordinates":[[[-82.9969,42.2357],[-82.998,42.236],[-83.0311,42.2484],[-83.0342,42.2504],[-83.0355,42.2522],[-83.0394,42.2522],[-83.0599,42.2529],[-83.0706,42.2555],[-83.0711,42.2501],[-83.0762,42.2526],[-83.0766,42.2463],[-83.114,42.2557],[-83.1151,42.2559],[-83.1116,42.2606],[-83.097,42.2897],[-83.0848,42.3031],[-83.0793,42.309],[-83.0634,42.3179],[-83.0279,42.3272],[-83.0252,42.3232],[-83.0098,42.2994],[-82.968,42.3074],[-82.9526,42.283],[-82.9601,42.2817],[-82.974,42.2764],[-82.9624,42.2582],[-82.9614,42.2558],[-82.9608,42.247],[-82.965,42.2458],[-82.9748,42.2416],[-82.9859,42.2342],[-82.9888,42.2337],[-82.9969,42.2357]]]},"properties":{"id":119,"name":"Windsor West"}},{"type":"Feature","geometry":{"type":"Polygon","coordinates":[[[-82.5886,42.3974],[-82.5925,42.3078],[-82.5942,42.2817],[-82.5965,42.2446],[-82.5975,42.2228],[-82.599,42.1986],[-82.601,42.1704],[-82.6357,42.1717],[-82.6373,42.1487],[-82.6391,42.1237],[-82.6409,42.0986],[-82.6442,42.049],[-82.648,42.0001],[-82.6532,41.9314],[-82.6606,41.8347],[-82.6637,41.8291],[-82.6683,41.8263],[-82.6746,41.8291],[-82.6824,41.8306],[-82.6919,41.8301],[-82.7026,41.8249],[-82.706,41.8198],[-82.7073,41.8189],[-82.7137,41.8106],[-82.7162,41.7989],[-82.725,41.7876],[-82.7379,41.7671],[-82.7491,41.75],[-82.8322,41.7501],[-82.8778,41.772],[-82.9407,41.8022],[-83,41.8308],[-83,41.8306],[-83.0691,41.8636],[-83.1056,41.9439],[-83.1311,42.0001],[-83.1495,42.0408],[-83.1235,42.1202],[-83.1217,42.1252],[-83.134,42.1748],[-83.128,42.2387],[-83.1151,42.2559],[-83.114,42.2557],[-83.0766,42.2463],[-83.0762,42.2526],[-83.0711,42.2501],[-83.0706,42.2555],[-83.0599,42.2529],[-83.0394,42.2522],[-83.0355,42.2522],[-83.0342,42.2504],[-83.0311,42.2484],[-82.998,42.236],[-82.9969,42.2357],[-83.0006,42.1839],[-82.9674,42.1829],[-82.9377,42.1818],[-82.8774,42.1798],[-82.8764,42.1955],[-82.8748,42.2193],[-82.8742,42.2301],[-82.8712,42.2774],[-82.8692,42.3108],[-82.8463,42.3084],[-82.8444,42.3102],[-82.844,42.3121],[-82.8419,42.3146],[-82.8408,42.3174],[-82.8433,42.3203],[-82.8437,42.3226],[-82.8519,42.3582],[-82.854,42.3676],[-82.828,42.3735],[-82.8035,42.3981],[-82.7935,42.3981],[-82.7324,42.3978],[-82.7016,42.3975],[-82.5886,42.3974]]]},"properties":{"id":27,"name":"Essex"}},{"type":"Feature","geometry":{"type":"Polygon","coordinates":[[[-79.518,49.3187],[-79.6074,49.319],[-79.6816,49.3192],[-79.8087,49.3194],[-79.88,49.3195],[-79.9509,49.3195],[-80.0765,49.3195],[-80.2122,49.3194],[-80.2753,49.3193],[-80.4788,49.3192],[-80.6749,49.3191],[-80.7309,49.3192],[-80.8763,49.3196],[-80.9325,49.3195],[-81.0166,49.3194],[-81.1304,49.3192],[-81.1415,49.3194],[-81.1828,49.3192],[-81.2197,49.3191],[-81.2727,49.319],[-81.2727,49.254],[-81.2722,49.1892],[-81.2722,49.1673],[-81.2723,49.1022],[-81.2723,49.0585],[-81.2068,49.0585],[-81.2068,48.9863],[-81.2069,48.9212],[-81.207,48.8845],[-81.2046,48.8845],[-81.2034,48.7984],[-81.2038,48.7984],[-81.2037,48.7403],[-81.2036,48.7113],[-81.2253,48.7112],[-81.275,48.7112],[-81.2801,48.7111],[-81.3241,48.7111],[-81.3347,48.711],[-81.3347,48.7116],[-81.395,48.7116],[-81.4814,48.7116],[-81.597,48.7116],[-81.6188,48.7115],[-81.7059,48.7113],[-81.7272,48.7112],[-81.7274,48.6747],[-81.7276,48.6245],[-81.7272,48.5377],[-81.7273,48.4507],[-81.7264,48.4506],[-81.7264,48.3638],[-81.7264,48.2771],[-81.857,48.2774],[-81.857,48.321],[-81.8569,48.3639],[-81.857,48.4507],[-81.9668,48.4506],[-82.0527,48.4504],[-82.1709,48.4504],[-82.2488,48.4504],[-82.4083,48.4504],[-82.4442,48.4504],[-82.537,48.4504],[-82.6007,48.4504],[-82.6396,48.4503],[-82.6396,48.5326],[-82.6396,48.5805],[-82.6396,48.6373],[-82.6396,48.7116],[-82.6396,48.8409],[-82.6395,48.8989],[-82.6394,48.9839],[-82.6393,49.0579],[-82.6414,49.1424],[-82.6426,49.1898],[-82.6781,49.19],[-82.6782,49.187],[-82.8089,49.1873],[-82.8782,49.1873],[-83.0351,49.1873],[-83.0788,49.1873],[-83.1603,49.1873],[-83.222,49.1873],[-83.3156,49.1876],[-83.4209,49.1877],[-83.5191,49.1878],[-83.6418,49.1877],[-83.6418,49.24],[-83.6419,49.3179],[-83.6419,49.3662],[-83.642,49.4495],[-83.6817,49.4496],[-83.7236,49.4493],[-83.7942,49.4492],[-83.8819,49.4491],[-83.9667,49.4492],[-84.0829,49.4491],[-84.1485,49.449],[-84.2857,49.4488],[-84.4854,49.4477],[-84.4861,49.5783],[-84.4863,49.7088],[-84.5281,49.7091],[-84.614,49.7092],[-84.6875,49.7092],[-84.8145,49.7092],[-84.88,49.7092],[-84.9592,49.7092],[-85.0907,49.7092],[-85.3323,49.7087],[-85.3327,49.7646],[-85.3332,49.8398],[-85.3339,49.9696],[-85.5356,49.9699],[-85.7374,49.9699],[-85.9011,49.9698],[-85.9678,49.9697],[-86.0734,49.9694],[-86.1434,49.9692],[-86.1865,49.9693],[-86.313,49.9696],[-86.3973,49.9697],[-86.548,49.9699],[-86.5479,50.0131],[-86.5481,50.099],[-86.5483,50.157],[-86.5487,50.2301],[-86.5486,50.2905],[-86.5486,50.3597],[-86.5487,50.3734],[-86.5519,51.0368],[-86.5525,51.1622],[-86.5528,51.2332],[-86.5536,51.3948],[-86.5542,51.5162],[-86.5542,51.5168],[-86.5571,52.1814],[-86.5585,52.4974],[-86.5617,53.2202],[-86.5621,53.3205],[-86.565,53.9332],[-86.5653,54.0011],[-87,54],[-87.0808,54.0003],[-87.0854,54.0169],[-87.0828,54.023],[-87.0835,54.0281],[-87.0938,54.0362],[-87.0972,54.0445],[-87.1094,54.0614],[-87.1233,54.0675],[-87.1267,54.077],[-87.1326,54.0865],[-87.1412,54.1018],[-87.1471,54.1146],[-87.1482,54.1232],[-87.1585,54.1367],[-87.1602,54.1441],[-87.1648,54.1486],[-87.1668,54.1533],[-87.1659,54.1555],[-87.1667,54.1578],[-87.1742,54.1712],[-87.1742,54.1774],[-87.1764,54.1875],[-87.1756,54.1895],[-87.1712,54.1917],[-87.1714,54.1972],[-87.1707,54.199],[-87.1647,54.2012],[-87.1653,54.2069],[-87.1692,54.2148],[-87.1768,54.2226],[-87.1832,54.2283],[-87.1869,54.2327],[-87.188,54.2374],[-87.1866,54.241],[-87.1844,54.2427],[-87.1843,54.2445],[-87.1824,54.2461],[-87.1859,54.2491],[-87.1845,54.2516],[-87.1862,54.2538],[-87.1859,54.2586],[-87.1895,54.263],[-87.1889,54.2655],[-87.1916,54.2662],[-87.2426,54.2371],[-87.3011,54.2233],[-87.3426,54.2624],[-87.1837,54.3211],[-87.1741,54.329],[-87.1663,54.3307],[-87.1577,54.3346],[-87.1442,54.3446],[-87.1435,54.3517],[-87.1457,54.3556],[-87.1454,54.3625],[-87.1428,54.3778],[-87.1423,54.3847],[-87.1483,54.3969],[-87.1617,54.4058],[-87.1692,54.4136],[-87.1813,54.4223],[-87.1867,54.4341],[-87.1957,54.4449],[-87.2061,54.4609],[-87.2136,54.4671],[-87.2197,54.4788],[-87.2243,54.4854],[-87.2295,54.5066],[-87.2248,54.5151],[-87.2279,54.5224],[-87.2261,54.5301],[-87.231,54.5361],[-87.2329,54.5401],[-87.2377,54.5461],[-87.2348,54.5584],[-87.2453,54.5652],[-87.2562,54.5777],[-87.2499,54.5833],[-87.2521,54.5851],[-87.2532,54.5878],[-87.2546,54.596],[-87.2625,54.601],[-87.2701,54.6036],[-87.2714,54.6077],[-87.2654,54.6113],[-87.2628,54.6153],[-87.2774,54.623],[-87.2925,54.6586],[-87.3023,54.6887],[-87.3068,54.7098],[-87.3104,54.7168],[-87.3097,54.72],[-87.3,54.7327],[-87.2902,54.7351],[-87.2361,54.7378],[-87.134,54.7443],[-87.0897,54.742],[-87.0399,54.7404],[-86.9392,54.7436],[-86.8924,54.7524],[-86.8658,54.7545],[-86.8066,54.7616],[-86.7835,54.7725],[-86.7653,54.7731],[-86.7357,54.7715],[-86.7219,54.7723],[-86.7016,54.7777],[-86.6812,54.779],[-86.6722,54.783],[-86.6512,54.7803],[-86.6336,54.7752],[-86.6158,54.7641],[-86.5913,54.7491],[-86.5501,54.7501],[-86.5742,55.8069],[-86.56,55.8007],[-86.5069,55.7907],[-86.4673,55.781],[-86.4417,55.7722],[-86.4157,55.7665],[-86.3827,55.7555],[-86.3648,55.7474],[-86.2977,55.7104],[-86.2712,55.7003],[-86.244,55.6945],[-86.2024,55.6881],[-86.1612,55.6815],[-86.1371,55.6804],[-86.1217,55.6749],[-86.0789,55.6659],[-86.07,55.6655],[-86.0578,55.6603],[-86.0399,55.6643],[-86.0007,55.6634],[-85.9794,55.6597],[-85.9489,55.6526],[-85.9098,55.6464],[-85.9013,55.6435],[-85.8894,55.6338],[-85.8686,55.6211],[-85.8551,55.6193],[-85.8346,55.6136],[-85.8208,55.6081],[-85.8074,55.6004],[-85.7769,55.5886],[-85.7676,55.5912],[-85.7346,55.59],[-85.7226,55.5842],[-85.7064,55.579],[-85.688,55.5697],[-85.6598,55.564],[-85.6516,55.5597],[-85.6461,55.556],[-85.6438,55.5469],[-85.6341,55.5366],[-85.6167,55.5266],[-85.6131,55.5262],[-85.6075,55.5207],[-85.6009,55.519],[-85.5879,55.5039],[-85.5898,55.4994],[-85.577,55.4963],[-85.568,55.4995],[-85.5528,55.4912],[-85.5479,55.4866],[-85.5399,55.4784],[-85.5114,55.4621],[-85.4998,55.4512],[-85.4637,55.432],[-85.4315,55.4166],[-85.4095,55.4034],[-85.3947,55.3973],[-85.3799,55.3943],[-85.3492,55.3803],[-85.3362,55.3781],[-85.3272,55.3769],[-85.3201,55.3782],[-85.3128,55.3762],[-85.3043,55.3764],[-85.2977,55.3729],[-85.279,55.3687],[-85.246,55.369],[-85.2342,55.3673],[-85.2286,55.3624],[-85.2247,55.3514],[-85.2153,55.3401],[-85.1964,55.3403],[-85.1897,55.3443],[-85.1771,55.3432],[-85.1619,55.3373],[-85.1606,55.3334],[-85.1546,55.3305],[-85.1331,55.3269],[-85.13,55.3237],[-85.1281,55.3112],[-85.1257,55.3086],[-85.1185,55.3059],[-85.1153,55.2982],[-85.1213,55.2937],[-85.1148,55.2895],[-85.1296,55.2747],[-85.1377,55.2713],[-85.1149,55.2551],[-85.108,55.2573],[-85.0827,55.26],[-85.0658,55.2678],[-85.053,55.2701],[-85.0213,55.2672],[-85.0077,55.2672],[-85.0027,55.2729],[-84.9956,55.2771],[-84.9876,55.2771],[-84.9713,55.2714],[-84.9645,55.2666],[-84.9448,55.2621],[-84.9348,55.2618],[-84.9263,55.2646],[-84.9164,55.2638],[-84.9078,55.2576],[-84.8862,55.2525],[-84.8309,55.2473],[-84.8184,55.2432],[-84.8111,55.2389],[-84.8015,55.234],[-84.7914,55.2321],[-84.775,55.2318],[-84.7601,55.2347],[-84.7477,55.2323],[-84.7338,55.2336],[-84.7266,55.2314],[-84.7131,55.2309],[-84.6936,55.232],[-84.6712,55.2317],[-84.6119,55.2381],[-84.5812,55.2393],[-84.5695,55.2377],[-84.5527,55.2329],[-84.5447,55.237],[-84.5358,55.2376],[-84.5203,55.2344],[-84.4974,55.2367],[-84.4797,55.2437],[-84.4704,55.2443],[-84.4597,55.2522],[-84.4279,55.2574],[-84.4179,55.2593],[-84.3403,55.2644],[-84.332,55.2657],[-84.3227,55.2727],[-84.3043,55.27],[-84.2867,55.2653],[-84.2721,55.2637],[-84.2523,55.2644],[-84.2423,55.264],[-84.2335,55.2662],[-84.2222,55.2728],[-84.2125,55.2755],[-84.2074,55.2749],[-84.2017,55.2707],[-84.1945,55.2707],[-84.1865,55.275],[-84.1817,55.2745],[-84.174,55.2685],[-84.1544,55.2618],[-84.137,55.258],[-84.1325,55.2502],[-84.1274,55.2501],[-84.0817,55.2501],[-84.0547,55.2598],[-84.0145,55.2688],[-84.0112,55.2705],[-83.9995,55.2746],[-83.9885,55.284],[-83.9862,55.2856],[-83.9824,55.2868],[-83.9744,55.2873],[-83.9683,55.2889],[-83.9612,55.2895],[-83.9603,55.2908],[-83.9513,55.292],[-83.9352,55.2919],[-83.911,55.2951],[-83.8993,55.2931],[-83.8792,55.2847],[-83.8597,55.2791],[-83.8509,55.2792],[-83.8394,55.278],[-83.8138,55.2677],[-83.8004,55.2649],[-83.7883,55.2585],[-83.7699,55.2526],[-83.7613,55.2513],[-83.7507,55.2462],[-83.745,55.242],[-83.7334,55.2379],[-83.7128,55.2261],[-83.7056,55.2243],[-83.6969,55.225],[-83.6937,55.2268],[-83.6882,55.2276],[-83.6815,55.2262],[-83.6604,55.2163],[-83.6452,55.214],[-83.6399,55.2139],[-83.6475,55.2198],[-83.6605,55.2252],[-83.6765,55.2334],[-83.6803,55.2405],[-83.7007,55.2532],[-83.7058,55.2589],[-83.7059,55.2635],[-83.7035,55.2675],[-83.6996,55.2683],[-83.6921,55.2666],[-83.682,55.2684],[-83.675,55.2675],[-83.6686,55.2635],[-83.6575,55.2642],[-83.6488,55.2542],[-83.6427,55.2516],[-83.6343,55.2494],[-83.6187,55.2478],[-83.6009,55.2466],[-83.5894,55.245],[-83.569,55.2433],[-83.5535,55.2399],[-83.534,55.2339],[-83.5215,55.229],[-83.5041,55.2218],[-83.4976,55.221],[-83.4747,55.2144],[-83.4605,55.2111],[-83.4368,55.2086],[-83.4223,55.2079],[-83.4168,55.2108],[-83.4334,55.2183],[-83.4297,55.2224],[-83.4238,55.2225],[-83.4095,55.219],[-83.3732,55.2042],[-83.3621,55.2003],[-83.3542,55.1989],[-83.3474,55.1989],[-83.3301,55.2004],[-83.3175,55.2018],[-83.3169,55.2027],[-83.3218,55.208],[-83.3205,55.2115],[-83.3152,55.2129],[-83.2932,55.2108],[-83.2832,55.2109],[-83.2716,55.2091],[-83.2638,55.21],[-83.263,55.2142],[-83.2577,55.2182],[-83.2507,55.2193],[-83.2247,55.2153],[-83.2149,55.2117],[-83.2075,55.2062],[-83.2002,55.2032],[-83.1901,55.2003],[-83.1733,55.1983],[-83.1604,55.198],[-83.1509,55.198],[-83.13,55.1999],[-83.1119,55.2019],[-83.0871,55.2063],[-83.0774,55.2055],[-83.0645,55.2072],[-83.0639,55.2081],[-83.0556,55.2111],[-83.039,55.2125],[-83.0231,55.2173],[-83.0068,55.2203],[-82.9921,55.2209],[-82.9816,55.2224],[-82.9661,55.2235],[-82.9494,55.2194],[-82.9353,55.2143],[-82.9215,55.2059],[-82.908,55.1881],[-82.8859,55.1522],[-82.8875,55.149],[-82.8822,55.1448],[-82.8729,55.1414],[-82.865,55.1419],[-82.8507,55.1376],[-82.8333,55.1317],[-82.8145,55.1289],[-82.8032,55.1281],[-82.7869,55.1286],[-82.7767,55.1298],[-82.7708,55.1324],[-82.7588,55.1352],[-82.7451,55.1391],[-82.7356,55.1396],[-82.7324,55.1416],[-82.7266,55.1406],[-82.7162,55.14],[-82.7091,55.1411],[-82.7127,55.1432],[-82.7176,55.1487],[-82.7213,55.1562],[-82.7184,55.1608],[-82.7139,55.1626],[-82.7053,55.1638],[-82.6966,55.1615],[-82.6848,55.1601],[-82.6825,55.1618],[-82.6808,55.1649],[-82.6838,55.1686],[-82.6757,55.1706],[-82.6772,55.1724],[-82.6851,55.1768],[-82.6824,55.1795],[-82.6782,55.1785],[-82.6629,55.1677],[-82.6566,55.166],[-82.6451,55.1615],[-82.6342,55.1516],[-82.6324,55.1427],[-82.6253,55.1406],[-82.6099,55.1417],[-82.5902,55.1434],[-82.5777,55.14],[-82.5667,55.1289],[-82.5501,55.1155],[-82.5291,55.099],[-82.5202,55.0905],[-82.5147,55.089],[-82.5034,55.1054],[-82.4994,55.1077],[-82.4744,55.1033],[-82.4697,55.1038],[-82.4598,55.1141],[-82.4497,55.111],[-82.438,55.1025],[-82.4321,55.0957],[-82.4198,55.0738],[-82.4101,55.0702],[-82.4064,55.0672],[-82.3989,55.0674],[-82.39,55.0614],[-82.3825,55.0616],[-82.3759,55.0631],[-82.3682,55.0674],[-82.3599,55.0673],[-82.3362,55.0589],[-82.3154,55.0529],[-82.3094,55.0525],[-82.3086,55.0553],[-82.3103,55.0612],[-82.3175,55.0714],[-82.3324,55.0878],[-82.3351,55.0945],[-82.3347,55.1023],[-82.3199,55.0997],[-82.3139,55.1041],[-82.3123,55.1092],[-82.317,55.1188],[-82.3291,55.1299],[-82.3438,55.1323],[-82.3491,55.1355],[-82.3574,55.1447],[-82.3594,55.1503],[-82.3561,55.1567],[-82.3506,55.1574],[-82.3489,55.1545],[-82.3505,55.1467],[-82.3472,55.1409],[-82.3418,55.1375],[-82.3372,55.1386],[-82.338,55.1485],[-82.3348,55.1486],[-82.3297,55.1466],[-82.3219,55.1351],[-82.3106,55.129],[-82.3081,55.123],[-82.3041,55.1179],[-82.2982,55.1164],[-82.2909,55.1204],[-82.2584,55.109],[-82.2543,55.1053],[-82.2546,55.0945],[-82.2476,55.0702],[-82.2487,55.0591],[-82.2542,55.0561],[-82.2686,55.0514],[-82.2772,55.0455],[-82.2794,55.0392],[-82.2802,55.0213],[-82.2762,55.0107],[-82.2707,55.0062],[-82.2613,54.9971],[-82.2615,54.9879],[-82.2588,54.9754],[-82.2584,54.945],[-82.2578,54.9411],[-82.2611,54.937],[-82.2655,54.9398],[-82.2685,54.9387],[-82.2717,54.9307],[-82.2719,54.917],[-82.2666,54.8955],[-82.2627,54.8911],[-82.2612,54.8864],[-82.2567,54.8754],[-82.2481,54.863],[-82.243,54.8607],[-82.2378,54.8605],[-82.2298,54.8706],[-82.2199,54.878],[-82.2156,54.8759],[-82.212,54.8708],[-82.2114,54.8614],[-82.2077,54.8451],[-82.201,54.8326],[-82.2032,54.8156],[-82.2038,54.8018],[-82.2088,54.785],[-82.2153,54.7735],[-82.2163,54.7647],[-82.2201,54.7585],[-82.2306,54.7495],[-82.242,54.7315],[-82.2501,54.7251],[-82.257,54.7156],[-82.2885,54.662],[-82.2942,54.6552],[-82.2898,54.6449],[-82.2892,54.6328],[-82.2904,54.6279],[-82.2976,54.6159],[-82.3047,54.5958],[-82.3073,54.5819],[-82.3144,54.5519],[-82.3158,54.5452],[-82.3202,54.5081],[-82.3295,54.4945],[-82.3515,54.4592],[-82.3587,54.4471],[-82.3785,54.4087],[-82.385,54.3967],[-82.3928,54.382],[-82.4011,54.3625],[-82.409,54.3527],[-82.4151,54.3515],[-82.4301,54.355],[-82.438,54.3553],[-82.4375,54.3519],[-82.4312,54.3442],[-82.4312,54.3366],[-82.4284,54.3313],[-82.439,54.2846],[-82.4406,54.2648],[-82.4407,54.2579],[-82.439,54.2493],[-82.4299,54.2188],[-82.4294,54.2154],[-82.4293,54.2097],[-82.4326,54.2061],[-82.4415,54.2056],[-82.4553,54.2042],[-82.4612,54.2018],[-82.4526,54.1993],[-82.4367,54.1996],[-82.4302,54.1982],[-82.4183,54.1921],[-82.4111,54.1811],[-82.4072,54.1737],[-82.3854,54.1535],[-82.3635,54.1327],[-82.3628,54.1307],[-82.3657,54.1268],[-82.3849,54.1153],[-82.3738,54.1163],[-82.3599,54.1219],[-82.3529,54.1222],[-82.3368,54.1164],[-82.3326,54.1144],[-82.3318,54.1119],[-82.3391,54.1037],[-82.3454,54.1015],[-82.3404,54.097],[-82.3355,54.1005],[-82.3308,54.1048],[-82.3289,54.1052],[-82.3221,54.1044],[-82.3111,54.0983],[-82.2981,54.0873],[-82.2728,54.0618],[-82.2626,54.0536],[-82.2382,54.0285],[-82.2339,54.0207],[-82.2295,54.0093],[-82.2291,53.9992],[-82.2167,53.9732],[-82.2038,53.9494],[-82.191,53.9363],[-82.1829,53.9238],[-82.1768,53.906],[-82.1717,53.9003],[-82.1715,53.8994],[-82.1648,53.8856],[-82.1559,53.8725],[-82.1517,53.8574],[-82.142,53.8388],[-82.1386,53.8342],[-82.1392,53.8328],[-82.1374,53.8315],[-82.1331,53.8232],[-82.1299,53.8117],[-82.1299,53.7936],[-82.1322,53.7779],[-82.1365,53.7597],[-82.1454,53.7441],[-82.15,53.7389],[-82.1624,53.7215],[-82.1824,53.6998],[-82.1851,53.6898],[-82.1925,53.6795],[-82.2051,53.6504],[-82.2101,53.6302],[-82.2117,53.6019],[-82.2136,53.5938],[-82.2169,53.5853],[-82.2166,53.5835],[-82.2183,53.5768],[-82.2139,53.5678],[-82.213,53.5438],[-82.2084,53.5259],[-82.2051,53.5137],[-82.2025,53.5063],[-82.1961,53.4972],[-82.1865,53.4842],[-82.1826,53.4759],[-82.176,53.4703],[-82.172,53.4611],[-82.1702,53.449],[-82.1669,53.4398],[-82.1624,53.4244],[-82.1399,53.376],[-82.1289,53.3213],[-82.1225,53.3088],[-82.1211,53.2862],[-82.1173,53.2682],[-82.1183,53.2622],[-82.1238,53.2576],[-82.1456,53.2479],[-82.158,53.2441],[-82.1774,53.2327],[-82.2033,53.2144],[-82.2252,53.2006],[-82.2367,53.1903],[-82.2385,53.185],[-82.2461,53.1717],[-82.2503,53.1692],[-82.2493,53.1674],[-82.2671,53.1387],[-82.2725,53.1343],[-82.2711,53.13],[-82.2818,53.1023],[-82.282,53.08],[-82.2878,53.0632],[-82.2878,53.0605],[-82.2893,53.0528],[-82.2881,53.0425],[-82.2871,53.0403],[-82.2879,53.023],[-82.286,53.0126],[-82.2836,53.0042],[-82.2855,52.9993],[-82.283,52.9951],[-82.2769,52.9821],[-82.2763,52.978],[-82.2836,52.9737],[-82.2799,52.9721],[-82.2784,52.9694],[-82.2802,52.9688],[-82.2882,52.9691],[-82.2941,52.9679],[-82.2925,52.967],[-82.2865,52.9623],[-82.2921,52.9569],[-82.3047,52.9475],[-82.2964,52.9478],[-82.2908,52.9508],[-82.2738,52.9513],[-82.2669,52.9455],[-82.2578,52.9354],[-82.2548,52.9275],[-82.2558,52.9243],[-82.2536,52.9244],[-82.251,52.9227],[-82.2406,52.9186],[-82.223,52.9097],[-82.2152,52.9053],[-82.2009,52.9008],[-82.189,52.9001],[-82.1711,52.8962],[-82.1699,52.8933],[-82.1769,52.8842],[-82.1741,52.8809],[-82.1686,52.8848],[-82.1626,52.8849],[-82.1531,52.8898],[-82.1455,52.8898],[-82.1388,52.8878],[-82.1135,52.8754],[-82.1048,52.8699],[-82.0887,52.8553],[-82.0755,52.8475],[-82.0648,52.8385],[-82.0527,52.8311],[-82.0391,52.8254],[-82.0219,52.8081],[-82.0113,52.7997],[-81.9903,52.79],[-81.9747,52.7789],[-81.9668,52.7759],[-81.9649,52.7737],[-81.9685,52.7721],[-81.9809,52.7715],[-81.9841,52.7704],[-81.9963,52.7688],[-82,52.7674],[-82,52.7632],[-81.9829,52.7647],[-81.9822,52.7652],[-81.9733,52.7659],[-81.9623,52.7603],[-81.9509,52.7354],[-81.9469,52.726],[-81.9305,52.7],[-81.9207,52.6892],[-81.9055,52.6746],[-81.8944,52.6649],[-81.8872,52.6595],[-81.8779,52.6547],[-81.8698,52.6531],[-81.8405,52.6373],[-81.8216,52.631],[-81.7817,52.6087],[-81.7811,52.6068],[-81.7787,52.6061],[-81.7769,52.6038],[-81.7726,52.6025],[-81.7451,52.5745],[-81.7274,52.5597],[-81.6982,52.5293],[-81.6618,52.4983],[-81.6223,52.4718],[-81.6068,52.462],[-81.5851,52.4507],[-81.5692,52.4469],[-81.5598,52.4435],[-81.5513,52.4358],[-81.549,52.4295],[-81.5568,52.4117],[-81.5639,52.404],[-81.5679,52.4001],[-81.5678,52.391],[-81.5673,52.3894],[-81.5691,52.3838],[-81.5664,52.3656],[-81.5648,52.3563],[-81.5539,52.3442],[-81.5337,52.3325],[-81.528,52.3259],[-81.5305,52.32],[-81.5315,52.3188],[-81.5468,52.3099],[-81.5547,52.3045],[-81.5662,52.299],[-81.56,52.3003],[-81.5625,52.2931],[-81.5602,52.2853],[-81.5565,52.2856],[-81.5445,52.2857],[-81.5306,52.2845],[-81.5287,52.2842],[-81.5052,52.2697],[-81.4932,52.2609],[-81.4847,52.2491],[-81.4719,52.233],[-81.4515,52.1879],[-81.4507,52.187],[-81.4421,52.1691],[-81.4351,52.1639],[-81.4253,52.1513],[-81.4249,52.1481],[-81.4297,52.1449],[-81.4246,52.1428],[-81.4212,52.1396],[-81.4113,52.135],[-81.3933,52.1157],[-81.3768,52.1082],[-81.3674,52.102],[-81.3566,52.0982],[-81.3272,52.0888],[-81.3076,52.0862],[-81.2925,52.0819],[-81.2721,52.0755],[-81.2422,52.068],[-81.227,52.062],[-81.2117,52.0611],[-81.1941,52.0534],[-81.1846,52.0486],[-81.1788,52.0438],[-81.1714,52.0407],[-81.1629,52.0411],[-81.1583,52.0432],[-81.1531,52.0432],[-81.1459,52.0412],[-81.1382,52.0425],[-81.1252,52.0419],[-81.1119,52.0397],[-81.1048,52.0421],[-81.1004,52.049],[-81.0965,52.0599],[-81.0874,52.0583],[-81.0845,52.0554],[-81.0898,52.0504],[-81.0909,52.0467],[-81.0893,52.0431],[-81.0823,52.0399],[-81.0767,52.0335],[-81.0626,52.0268],[-81.0574,52.0266],[-81.0492,52.0295],[-81.0459,52.0331],[-81.0519,52.0404],[-81.048,52.0419],[-81.0436,52.0387],[-81.0416,52.0282],[-81.0366,52.0202],[-81.0314,52.0168],[-81.0244,52.0143],[-81.0135,52.013],[-81.0071,52.0151],[-80.9997,52.0154],[-80.991,52.014],[-80.9881,52.0114],[-80.9837,52],[-80.975,52],[-80.9736,51.9984],[-80.9756,51.9957],[-80.9743,51.9917],[-80.9752,51.9899],[-80.9729,51.987],[-80.9663,51.9815],[-80.9597,51.9789],[-80.9585,51.9771],[-80.9566,51.9718],[-80.9549,51.9697],[-80.9507,51.9663],[-80.9485,51.9636],[-80.9445,51.9602],[-80.9433,51.956],[-80.941,51.9521],[-80.936,51.9458],[-80.9306,51.9405],[-80.9305,51.9371],[-80.9275,51.9349],[-80.9219,51.9272],[-80.9247,51.9264],[-80.9247,51.9246],[-80.9171,51.917],[-80.9165,51.913],[-80.9131,51.9109],[-80.9095,51.9103],[-80.9079,51.9074],[-80.9026,51.9056],[-80.8983,51.9055],[-80.8936,51.9017],[-80.8895,51.8968],[-80.8852,51.893],[-80.8787,51.8899],[-80.874,51.886],[-80.8717,51.8848],[-80.8649,51.8843],[-80.8595,51.8847],[-80.8585,51.8822],[-80.855,51.8834],[-80.8525,51.8822],[-80.8496,51.8777],[-80.8461,51.8754],[-80.8405,51.8732],[-80.8308,51.8713],[-80.8231,51.8682],[-80.8195,51.8672],[-80.8115,51.8658],[-80.8047,51.8668],[-80.8,51.8699],[-80.7989,51.8717],[-80.7999,51.8753],[-80.7988,51.8768],[-80.7961,51.8739],[-80.7962,51.8718],[-80.7919,51.8673],[-80.7912,51.8645],[-80.7875,51.8588],[-80.7827,51.8572],[-80.7791,51.8565],[-80.7757,51.8572],[-80.7731,51.856],[-80.7722,51.8541],[-80.7782,51.8541],[-80.7797,51.8523],[-80.778,51.8503],[-80.7652,51.8411],[-80.7597,51.8395],[-80.7576,51.8368],[-80.7523,51.8329],[-80.7458,51.8303],[-80.7386,51.8246],[-80.7343,51.819],[-80.7313,51.8156],[-80.728,51.813],[-80.7222,51.811],[-80.7198,51.8094],[-80.7108,51.8076],[-80.7038,51.8089],[-80.6998,51.8073],[-80.7047,51.8046],[-80.7054,51.8026],[-80.7035,51.7992],[-80.6985,51.8019],[-80.6967,51.806],[-80.6968,51.8108],[-80.6954,51.8141],[-80.6936,51.8133],[-80.6932,51.8097],[-80.6915,51.8066],[-80.6917,51.8035],[-80.6905,51.7995],[-80.6864,51.7966],[-80.6828,51.7956],[-80.6788,51.7959],[-80.6785,51.7941],[-80.6754,51.7936],[-80.6701,51.7948],[-80.6644,51.7932],[-80.6613,51.7896],[-80.6584,51.7877],[-80.6573,51.7854],[-80.6583,51.7835],[-80.6562,51.7806],[-80.6552,51.778],[-80.6532,51.7762],[-80.6527,51.7735],[-80.651,51.7707],[-80.6453,51.7642],[-80.6425,51.7619],[-80.6376,51.7569],[-80.6296,51.7512],[-80.6224,51.7458],[-80.6159,51.7431],[-80.6124,51.7406],[-80.6107,51.7387],[-80.6114,51.7373],[-80.6071,51.7328],[-80.6055,51.7293],[-80.5915,51.718],[-80.5898,51.7162],[-80.589,51.7119],[-80.5869,51.7089],[-80.5823,51.7074],[-80.5781,51.7074],[-80.5743,51.7067],[-80.5707,51.7032],[-80.5692,51.7005],[-80.5681,51.6962],[-80.5679,51.6849],[-80.5691,51.6809],[-80.5707,51.6795],[-80.5722,51.6746],[-80.5755,51.6685],[-80.5761,51.6622],[-80.5725,51.6539],[-80.5706,51.6415],[-80.5683,51.6359],[-80.5666,51.6334],[-80.5649,51.6252],[-80.5629,51.6188],[-80.5546,51.6072],[-80.5501,51.6012],[-80.5465,51.5986],[-80.5392,51.5958],[-80.5377,51.5919],[-80.5318,51.5871],[-80.5271,51.5802],[-80.5261,51.5769],[-80.5243,51.5736],[-80.5236,51.5662],[-80.5226,51.562],[-80.5205,51.5582],[-80.5179,51.5547],[-80.517,51.5488],[-80.5185,51.5474],[-80.5165,51.5461],[-80.514,51.5398],[-80.5111,51.5355],[-80.5061,51.5297],[-80.5075,51.527],[-80.501,51.5228],[-80.4972,51.5168],[-80.4924,51.5127],[-80.4921,51.51],[-80.4852,51.5066],[-80.4747,51.5019],[-80.4687,51.4979],[-80.4603,51.4936],[-80.4561,51.4922],[-80.4483,51.4922],[-80.4463,51.4904],[-80.4455,51.4853],[-80.44,51.4793],[-80.4378,51.4748],[-80.4366,51.4688],[-80.4357,51.4676],[-80.4333,51.4608],[-80.4303,51.4541],[-80.4269,51.4521],[-80.4267,51.4507],[-80.4291,51.4439],[-80.4315,51.4401],[-80.4326,51.4361],[-80.433,51.4312],[-80.4347,51.4261],[-80.4348,51.4211],[-80.4356,51.4171],[-80.4354,51.4124],[-80.4369,51.4083],[-80.4359,51.4039],[-80.4341,51.4039],[-80.433,51.4013],[-80.4341,51.3994],[-80.433,51.3967],[-80.4318,51.3901],[-80.4323,51.3886],[-80.432,51.383],[-80.4328,51.3822],[-80.4329,51.377],[-80.4345,51.3753],[-80.4213,51.373],[-80.4168,51.3697],[-80.4137,51.366],[-80.4065,51.3563],[-80.3925,51.3437],[-80.3831,51.3386],[-80.3755,51.3361],[-80.3715,51.3365],[-80.3652,51.3349],[-80.3662,51.3333],[-80.358,51.3329],[-80.3548,51.3314],[-80.3484,51.3314],[-80.3414,51.3289],[-80.3364,51.3278],[-80.3293,51.3271],[-80.326,51.3253],[-80.3191,51.3235],[-80.3178,51.321],[-80.32,51.3197],[-80.3201,51.3172],[-80.3184,51.3158],[-80.3191,51.3138],[-80.3129,51.3144],[-80.3062,51.3178],[-80.303,51.3153],[-80.2989,51.3137],[-80.2905,51.3127],[-80.2882,51.3112],[-80.2895,51.3088],[-80.2864,51.3083],[-80.2831,51.3101],[-80.277,51.3112],[-80.2651,51.3072],[-80.2608,51.3068],[-80.2519,51.3042],[-80.2444,51.3032],[-80.2421,51.3013],[-80.239,51.3027],[-80.234,51.3007],[-80.2253,51.3001],[-80.2186,51.2978],[-80.2077,51.2965],[-80.199,51.2972],[-80.1911,51.2948],[-80.1865,51.2954],[-80.1794,51.2931],[-80.1768,51.2942],[-80.1744,51.2939],[-80.1693,51.2945],[-80.1634,51.293],[-80.1567,51.2919],[-80.1537,51.2919],[-80.1495,51.2928],[-80.1464,51.2926],[-80.1433,51.2915],[-80.1395,51.2918],[-80.1365,51.2907],[-80.1306,51.2915],[-80.1216,51.2909],[-80.1167,51.2909],[-80.1132,51.2903],[-80.107,51.2847],[-80.1055,51.2829],[-80.1001,51.2793],[-80.0882,51.2777],[-80.0837,51.2765],[-80.081,51.2751],[-80.0754,51.2734],[-80.0695,51.2691],[-80.0618,51.2671],[-80.0579,51.2648],[-80.0515,51.2642],[-80.0461,51.2611],[-80.0408,51.2598],[-80.0317,51.2584],[-80.0268,51.2583],[-80.0205,51.2565],[-80.0163,51.2569],[-80.0137,51.2561],[-80.0079,51.2526],[-80.0036,51.2513],[-80,51.2485],[-80,51.2423],[-79.9928,51.2414],[-79.9831,51.2378],[-79.9697,51.2276],[-79.9583,51.2177],[-79.9543,51.2098],[-79.9448,51.2055],[-79.938,51.1987],[-79.931,51.1941],[-79.9031,51.1786],[-79.8914,51.1738],[-79.8766,51.1704],[-79.8681,51.1693],[-79.8478,51.1659],[-79.8406,51.166],[-79.8363,51.1656],[-79.8335,51.1681],[-79.8424,51.1848],[-79.8443,51.1977],[-79.85,51.2072],[-79.8445,51.2106],[-79.8394,51.2106],[-79.8263,51.2031],[-79.8195,51.1962],[-79.8047,51.1876],[-79.7966,51.1907],[-79.7979,51.2054],[-79.8006,51.209],[-79.7985,51.2134],[-79.7875,51.2181],[-79.7832,51.2221],[-79.7759,51.2405],[-79.7723,51.2523],[-79.7697,51.2539],[-79.7665,51.2544],[-79.7518,51.2511],[-79.7414,51.2604],[-79.725,51.2726],[-79.7467,51.2844],[-79.7451,51.2941],[-79.7577,51.3087],[-79.7654,51.3161],[-79.78,51.341],[-79.7804,51.3453],[-79.7675,51.3537],[-79.7566,51.3579],[-79.7552,51.3603],[-79.7558,51.3684],[-79.7507,51.3703],[-79.7436,51.378],[-79.7317,51.3852],[-79.7156,51.3908],[-79.6972,51.395],[-79.6993,51.4137],[-79.6956,51.4167],[-79.6892,51.4174],[-79.672,51.4142],[-79.6611,51.4159],[-79.6511,51.4227],[-79.6478,51.4244],[-79.6413,51.4234],[-79.6288,51.4339],[-79.6155,51.4366],[-79.618,51.4485],[-79.616,51.4528],[-79.614,51.4592],[-79.6082,51.4557],[-79.6064,51.4505],[-79.6006,51.4494],[-79.5955,51.4502],[-79.5851,51.4625],[-79.5877,51.4796],[-79.5569,51.4788],[-79.5417,51.4834],[-79.5375,51.4866],[-79.5365,51.4856],[-79.5214,51.4678],[-79.5183,51.4571],[-79.518,50.6773],[-79.5178,49.8726],[-79.5177,49.5793],[-79.5177,49.5445],[-79.5179,49.4721],[-79.5179,49.4142],[-79.518,49.3823],[-79.518,49.3187]]]},"properties":{"id":124,"name":"Mushkegowuk—James Bay"}},{"type":"Feature","geometry":{"type":"Polygon","coordinates":[[[-79.2277,43.8421],[-79.2768,43.8307],[-79.2973,43.8259],[-79.3375,43.8166],[-79.3413,43.8156],[-79.3725,43.8085],[-79.3962,43.8033],[-79.3981,43.8063],[-79.4011,43.8186],[-79.406,43.8383],[-79.3979,43.8374],[-79.3914,43.8369],[-79.3832,43.8371],[-79.3773,43.8378],[-79.3681,43.8392],[-79.356,43.8412],[-79.3435,43.8429],[-79.3248,43.8465],[-79.2818,43.8564],[-79.2741,43.8578],[-79.2662,43.8599],[-79.2581,43.8633],[-79.2519,43.8657],[-79.2488,43.8638],[-79.2457,43.8637],[-79.2456,43.8612],[-79.242,43.8591],[-79.2401,43.8596],[-79.2346,43.859],[-79.2318,43.8578],[-79.232,43.8557],[-79.2339,43.8545],[-79.2355,43.8517],[-79.2311,43.8498],[-79.2313,43.8449],[-79.2294,43.8442],[-79.2277,43.8421]]]},"properties":{"id":57,"name":"Markham—Thornhill"}},{"type":"Feature","geometry":{"type":"Polygon","coordinates":[[[-79.7203,43.3687],[-79.7565,43.3953],[-79.7744,43.4083],[-79.7709,43.4117],[-79.7604,43.4213],[-79.7573,43.4245],[-79.7289,43.4507],[-79.7243,43.4539],[-79.7209,43.4583],[-79.7189,43.4617],[-79.7152,43.4631],[-79.7069,43.4704],[-79.7,43.4769],[-79.6955,43.4807],[-79.7022,43.4855],[-79.7132,43.4937],[-79.6974,43.5082],[-79.6817,43.5228],[-79.6454,43.4963],[-79.6162,43.4749],[-79.6335,43.4639],[-79.6452,43.4488],[-79.6535,43.437],[-79.6606,43.4263],[-79.6678,43.4159],[-79.6758,43.4058],[-79.6832,43.3988],[-79.6969,43.388],[-79.7141,43.3742],[-79.7112,43.3721],[-79.7126,43.371],[-79.7154,43.373],[-79.7203,43.3687]]]},"properties":{"id":74,"name":"Oakville"}},{"type":"Feature","geometry":{"type":"Polygon","coordinates":[[[-79.6935,43.5706],[-79.6913,43.569],[-79.6905,43.5666],[-79.688,43.5669],[-79.6837,43.5657],[-79.6831,43.5646],[-79.6849,43.5631],[-79.6838,43.5616],[-79.6797,43.5628],[-79.6775,43.5617],[-79.6739,43.5619],[-79.6688,43.5575],[-79.6676,43.5557],[-79.6641,43.556],[-79.6612,43.5531],[-79.6579,43.552],[-79.6553,43.5496],[-79.6556,43.5475],[-79.6582,43.5448],[-79.6581,43.5432],[-79.6601,43.5422],[-79.6662,43.5369],[-79.6817,43.5228],[-79.6974,43.5082],[-79.7172,43.523],[-79.7201,43.5243],[-79.7234,43.5247],[-79.7265,43.5263],[-79.731,43.5298],[-79.7355,43.5328],[-79.7444,43.538],[-79.7476,43.5402],[-79.7552,43.546],[-79.7626,43.5524],[-79.7493,43.5644],[-79.7442,43.5687],[-79.7333,43.5785],[-79.7301,43.576],[-79.7283,43.5738],[-79.7231,43.5701],[-79.7198,43.5685],[-79.7067,43.5588],[-79.6935,43.5706]]]},"properties":{"id":62,"name":"Mississauga—Erin Mills"}},{"type":"Feature","geometry":{"type":"Polygon","coordinates":[[[-79.4084,43.7536],[-79.4114,43.7517],[-79.4142,43.7516],[-79.4178,43.7497],[-79.4225,43.7497],[-79.4237,43.7517],[-79.4282,43.7542],[-79.4302,43.7574],[-79.4336,43.7575],[-79.4377,43.7606],[-79.44,43.7615],[-79.4466,43.7883],[-79.4454,43.7906],[-79.4457,43.7924],[-79.3962,43.8033],[-79.3933,43.7911],[-79.3921,43.7848],[-79.388,43.7666],[-79.387,43.7633],[-79.394,43.7617],[-79.3989,43.7596],[-79.4084,43.7536]]]},"properties":{"id":117,"name":"Willowdale"}},{"type":"Feature","geometry":{"type":"Polygon","coordinates":[[[-79.333,43.7034],[-79.3347,43.7031],[-79.3337,43.7066],[-79.3345,43.71],[-79.3379,43.7089],[-79.3403,43.7118],[-79.3449,43.7152],[-79.35,43.7172],[-79.3503,43.7191],[-79.3488,43.7236],[-79.3499,43.7262],[-79.3522,43.7281],[-79.3553,43.7317],[-79.3569,43.7383],[-79.3619,43.7613],[-79.3621,43.7649],[-79.363,43.7663],[-79.3507,43.7669],[-79.3289,43.7682],[-79.3197,43.7684],[-79.3152,43.7579],[-79.3093,43.7409],[-79.3026,43.7248],[-79.3006,43.7198],[-79.32,43.7155],[-79.3202,43.7139],[-79.3188,43.711],[-79.3244,43.7098],[-79.3261,43.7081],[-79.328,43.7081],[-79.3329,43.7052],[-79.333,43.7034]]]},"properties":{"id":20,"name":"Don Valley East"}},{"type":"Feature","geometry":{"type":"Polygon","coordinates":[[[-79.1786,43.7505],[-79.1894,43.7446],[-79.2122,43.7272],[-79.2189,43.7432],[-79.2288,43.741],[-79.2352,43.7564],[-79.2353,43.7577],[-79.2454,43.7555],[-79.2456,43.7569],[-79.2513,43.7716],[-79.2522,43.7746],[-79.2549,43.7812],[-79.2464,43.7828],[-79.2346,43.7858],[-79.2293,43.7875],[-79.222,43.7913],[-79.2156,43.7937],[-79.1969,43.7965],[-79.196,43.7933],[-79.1938,43.7879],[-79.1936,43.7859],[-79.1863,43.7692],[-79.186,43.7674],[-79.1786,43.7505]]]},"properties":{"id":95,"name":"Scarborough—Guildwood"}},{"type":"Feature","geometry":{"type":"Polygon","coordinates":[[[-77.1396,45.0988],[-77.1305,45.0816],[-77.1254,45.0732],[-77.1108,45.0477],[-77.1066,45.0391],[-77.0974,45.0221],[-77.0821,44.9935],[-77.07,44.9707],[-77.0655,44.9621],[-77.0751,44.9596],[-77.1376,44.9425],[-77.1856,44.9295],[-77.1903,44.9279],[-77.2218,44.9194],[-77.2045,44.8715],[-77.1974,44.8536],[-77.1924,44.8395],[-77.19,44.8321],[-77.188,44.825],[-77.1844,44.8143],[-77.1825,44.8069],[-77.1754,44.7876],[-77.174,44.7826],[-77.1762,44.7768],[-77.1755,44.7753],[-77.1686,44.7698],[-77.167,44.7664],[-77.1675,44.764],[-77.1533,44.7679],[-77.1268,44.7749],[-77.1174,44.7771],[-77.1126,44.7676],[-77.0992,44.7419],[-77.0859,44.7161],[-77.0727,44.6903],[-77.0595,44.6643],[-77.0462,44.6384],[-77.0331,44.6124],[-76.9939,44.6221],[-76.9743,44.6267],[-76.9548,44.6317],[-76.9355,44.6367],[-76.9258,44.6391],[-76.8877,44.5872],[-76.8365,44.5216],[-76.8271,44.5096],[-76.8221,44.5029],[-76.8125,44.4893],[-76.8088,44.4847],[-76.8035,44.4763],[-76.7924,44.4603],[-76.7715,44.4317],[-76.7658,44.424],[-76.7523,44.4055],[-76.7477,44.3989],[-76.7391,44.3872],[-76.7305,44.3766],[-76.7212,44.3642],[-76.7127,44.3517],[-76.7049,44.3395],[-76.6997,44.331],[-76.6903,44.3178],[-76.6868,44.3127],[-76.6739,44.2945],[-76.6675,44.2851],[-76.6625,44.2778],[-76.6542,44.2651],[-76.644,44.2502],[-76.6363,44.2373],[-76.5927,44.1605],[-76.5532,44.0906],[-76.5319,44.0529],[-76.5516,44.0496],[-76.6349,44.0323],[-76.7576,44.0112],[-76.7581,44.0111],[-76.7906,44.0611],[-76.8372,44.1328],[-76.8446,44.1292],[-76.8491,44.1266],[-76.8638,44.1188],[-76.8709,44.1147],[-76.8783,44.1098],[-76.8913,44.105],[-76.8963,44.1024],[-76.9081,44.0969],[-76.9151,44.0942],[-76.9207,44.09],[-76.9253,44.0855],[-76.928,44.0835],[-76.9384,44.0769],[-76.949,44.0697],[-76.9578,44.0626],[-76.962,44.0606],[-76.9716,44.057],[-76.9775,44.0556],[-77,44.0514],[-77.008,44.0485],[-77.0111,44.0477],[-77.021,44.0447],[-77.0321,44.0434],[-77.0416,44.0431],[-77.0546,44.0443],[-77.0604,44.0466],[-77.066,44.0493],[-77.0706,44.0522],[-77.0781,44.0575],[-77.0829,44.0618],[-77.0854,44.0659],[-77.087,44.0707],[-77.0865,44.0765],[-77.0856,44.079],[-77.0796,44.0887],[-77.0779,44.0923],[-77.072,44.1072],[-77.071,44.1108],[-77.0702,44.1171],[-77.0698,44.1255],[-77.0664,44.1318],[-77.062,44.1409],[-77.0594,44.1451],[-77.0586,44.148],[-77.0562,44.1527],[-77.0538,44.1617],[-77.0499,44.1796],[-77.0496,44.1826],[-77.0504,44.1845],[-77.0528,44.1853],[-77.0568,44.1853],[-77.06,44.1843],[-77.0718,44.178],[-77.0868,44.1736],[-77.1091,44.1676],[-77.1243,44.1643],[-77.1328,44.1615],[-77.1382,44.1593],[-77.1423,44.158],[-77.1524,44.1558],[-77.1595,44.1557],[-77.1712,44.1565],[-77.1767,44.1557],[-77.1945,44.1509],[-77.2131,44.1475],[-77.2221,44.1467],[-77.2299,44.147],[-77.2342,44.1476],[-77.2465,44.1721],[-77.2487,44.1718],[-77.2498,44.1746],[-77.2487,44.1767],[-77.2572,44.1938],[-77.2591,44.1975],[-77.2695,44.2183],[-77.279,44.2212],[-77.2838,44.222],[-77.2874,44.2221],[-77.2928,44.2214],[-77.3198,44.215],[-77.3583,44.2058],[-77.3642,44.2038],[-77.3791,44.1977],[-77.3854,44.1956],[-77.4031,44.1911],[-77.4116,44.1887],[-77.4135,44.1924],[-77.4228,44.2112],[-77.4407,44.2484],[-77.4501,44.2667],[-77.4675,44.3033],[-77.473,44.3145],[-77.5125,44.3049],[-77.5417,44.2976],[-77.5382,44.2928],[-77.5373,44.2904],[-77.5464,44.288],[-77.5638,44.2837],[-77.5674,44.2912],[-77.5907,44.2857],[-77.6164,44.2793],[-77.6462,44.2722],[-77.6542,44.2892],[-77.663,44.3081],[-77.6683,44.3191],[-77.6848,44.354],[-77.6993,44.3832],[-77.713,44.4085],[-77.7168,44.416],[-77.722,44.4257],[-77.7274,44.4366],[-77.7414,44.4622],[-77.7452,44.4699],[-77.75,44.4784],[-77.7539,44.4846],[-77.7641,44.5041],[-77.7685,44.5133],[-77.7732,44.5239],[-77.7786,44.5344],[-77.7811,44.5397],[-77.7993,44.5764],[-77.814,44.6006],[-77.8218,44.6159],[-77.8274,44.6263],[-77.8352,44.6423],[-77.8422,44.6575],[-77.8589,44.7069],[-77.868,44.7247],[-77.8699,44.7294],[-77.8814,44.756],[-77.8878,44.7693],[-77.8855,44.7699],[-77.8876,44.7745],[-77.9076,44.8121],[-77.9144,44.8253],[-77.9277,44.8492],[-77.9496,44.8903],[-77.9612,44.9115],[-77.9736,44.9335],[-77.9798,44.9443],[-77.9939,44.968],[-77.9985,44.9753],[-78.0043,44.9858],[-78.0055,44.9887],[-78.0236,45.023],[-78.0361,45.0479],[-78.0494,45.0726],[-78.0532,45.0793],[-78.0619,45.0957],[-78.0824,45.1338],[-78.0913,45.151],[-78.0999,45.1681],[-78.1059,45.1771],[-78.1101,45.1849],[-78.1191,45.202],[-78.1372,45.2358],[-78.1558,45.27],[-78.1776,45.3104],[-78.1413,45.3192],[-78.1172,45.325],[-78.0957,45.3305],[-78.0873,45.3323],[-78.0728,45.336],[-78.0504,45.3419],[-78.0313,45.3469],[-78.0068,45.3529],[-77.9683,45.3627],[-77.916,45.3771],[-77.8682,45.3898],[-77.8102,45.4054],[-77.7799,45.4136],[-77.7447,45.4228],[-77.7094,45.4317],[-77.7097,45.4327],[-77.6899,45.4381],[-77.6702,45.4015],[-77.6654,45.393],[-77.6516,45.3672],[-77.6328,45.3327],[-77.6236,45.3154],[-77.6355,45.3121],[-77.619,45.2816],[-77.6124,45.2693],[-77.6052,45.2561],[-77.5913,45.2304],[-77.5637,45.1791],[-77.5447,45.144],[-77.5202,45.1502],[-77.4962,45.1566],[-77.4721,45.1633],[-77.3774,45.1906],[-77.3629,45.1945],[-77.3102,45.2092],[-77.2864,45.2159],[-77.2618,45.2224],[-77.2133,45.2355],[-77.2013,45.2131],[-77.1859,45.184],[-77.1765,45.1673],[-77.1673,45.1503],[-77.1583,45.1328],[-77.1396,45.0988]]]},"properties":{"id":40,"name":"Hastings—Lennox and Addington"}},{"type":"Feature","geometry":{"type":"Polygon","coordinates":[[[-76.0505,45.1715],[-76.0418,45.1643],[-76.005,45.1337],[-75.9866,45.1186],[-75.9608,45.0971],[-75.9408,45.0799],[-75.9531,45.0723],[-75.9318,45.0549],[-75.9252,45.0493],[-75.916,45.041],[-75.9001,45.028],[-75.8924,45.0211],[-75.87,45.002],[-75.839,44.978],[-75.826,44.9673],[-75.8195,44.9618],[-75.8194,44.9606],[-75.8165,44.9581],[-75.8163,44.9563],[-75.8177,44.9525],[-75.8199,44.9506],[-75.821,44.9466],[-75.826,44.941],[-75.8273,44.9364],[-75.8301,44.9326],[-75.8319,44.9285],[-75.8317,44.926],[-75.8358,44.9263],[-75.8365,44.9251],[-75.8439,44.9314],[-75.8545,44.9252],[-75.8467,44.9188],[-75.8472,44.9158],[-75.8505,44.9151],[-75.8581,44.9155],[-75.8607,44.9111],[-75.8678,44.9085],[-75.8713,44.9055],[-75.8762,44.8964],[-75.8777,44.8925],[-75.878,44.8868],[-75.8797,44.8832],[-75.8825,44.8806],[-75.8838,44.8785],[-75.8852,44.8742],[-75.8867,44.8722],[-75.8915,44.8698],[-75.8953,44.869],[-75.9045,44.8697],[-75.9143,44.8683],[-75.9173,44.8686],[-75.9211,44.8707],[-75.9256,44.8768],[-75.9275,44.882],[-75.9265,44.8842],[-75.9274,44.8874],[-75.9304,44.8868],[-75.9362,44.8867],[-75.9418,44.8847],[-75.9467,44.8812],[-75.9502,44.8763],[-75.9522,44.8744],[-75.9562,44.872],[-75.9608,44.8707],[-75.9671,44.8711],[-75.9717,44.8709],[-75.9804,44.8727],[-75.9818,44.8741],[-75.9829,44.8791],[-75.9883,44.881],[-75.9913,44.8837],[-75.9946,44.8836],[-75.9965,44.8848],[-75.9969,44.887],[-75.9964,44.8901],[-76.0036,44.8924],[-76.005,44.8894],[-76.0095,44.8865],[-76.0056,44.8832],[-76.0106,44.8801],[-76.0118,44.8811],[-76.0151,44.8803],[-76.0165,44.8775],[-76.0257,44.885],[-76.0355,44.8783],[-76.0372,44.8797],[-76.0357,44.8833],[-76.0316,44.8907],[-76.0359,44.8915],[-76.0377,44.8935],[-76.0414,44.8935],[-76.044,44.8941],[-76.0444,44.8973],[-76.0478,44.9002],[-76.0521,44.9],[-76.0547,44.8976],[-76.055,44.8953],[-76.0583,44.8966],[-76.0602,44.8961],[-76.0587,44.8926],[-76.06,44.8916],[-76.0635,44.8911],[-76.0647,44.8919],[-76.0735,44.8925],[-76.0748,44.8906],[-76.0778,44.8881],[-76.0794,44.8829],[-76.082,44.883],[-76.0856,44.8805],[-76.0842,44.8679],[-76.0895,44.8677],[-76.0951,44.8725],[-76.0973,44.8708],[-76.1051,44.8704],[-76.1122,44.8682],[-76.1162,44.8651],[-76.1231,44.8604],[-76.1276,44.8542],[-76.1366,44.8486],[-76.1459,44.8463],[-76.1495,44.8449],[-76.1627,44.838],[-76.1656,44.8362],[-76.1699,44.8318],[-76.1734,44.8267],[-76.1799,44.8232],[-76.1827,44.8182],[-76.1872,44.8154],[-76.1874,44.8128],[-76.1885,44.8107],[-76.1917,44.8074],[-76.1984,44.803],[-76.2004,44.7992],[-76.1999,44.7922],[-76.2026,44.7864],[-76.2112,44.7724],[-76.2172,44.7637],[-76.2239,44.753],[-76.2273,44.7468],[-76.2311,44.7412],[-76.2374,44.7328],[-76.2407,44.7298],[-76.2454,44.7261],[-76.2549,44.7203],[-76.2617,44.7169],[-76.2713,44.7129],[-76.276,44.7105],[-76.2845,44.7056],[-76.2908,44.7034],[-76.2956,44.7077],[-76.3197,44.7261],[-76.3589,44.7582],[-76.3995,44.7911],[-76.4032,44.794],[-76.4149,44.7866],[-76.4302,44.7781],[-76.4539,44.7645],[-76.47,44.7547],[-76.4662,44.7513],[-76.4889,44.7385],[-76.5085,44.7268],[-76.5221,44.7184],[-76.5006,44.6994],[-76.4945,44.6935],[-76.4888,44.6875],[-76.4814,44.6813],[-76.4803,44.68],[-76.4718,44.672],[-76.4566,44.6581],[-76.4493,44.6518],[-76.4308,44.6347],[-76.4024,44.6095],[-76.3902,44.5984],[-76.3812,44.5906],[-76.3641,44.5754],[-76.3287,44.543],[-76.3097,44.5258],[-76.3073,44.5243],[-76.2914,44.5124],[-76.2821,44.5046],[-76.2705,44.4954],[-76.2646,44.4911],[-76.2556,44.4968],[-76.2547,44.4898],[-76.252,44.4771],[-76.2485,44.456],[-76.2478,44.4469],[-76.2485,44.4469],[-76.2433,44.4088],[-76.2414,44.388],[-76.2396,44.3727],[-76.2355,44.3515],[-76.2353,44.3312],[-76.2465,44.3304],[-76.2898,44.326],[-76.306,44.3251],[-76.3458,44.3216],[-76.3493,44.3212],[-76.3784,44.3164],[-76.3848,44.3145],[-76.4091,44.3032],[-76.4123,44.3013],[-76.4169,44.2956],[-76.4195,44.294],[-76.4298,44.289],[-76.4351,44.287],[-76.4739,44.2777],[-76.479,44.2759],[-76.489,44.2706],[-76.4942,44.2691],[-76.4968,44.2691],[-76.5088,44.2699],[-76.5141,44.2708],[-76.532,44.2756],[-76.5353,44.2763],[-76.5453,44.2774],[-76.5499,44.2784],[-76.5669,44.284],[-76.5755,44.2887],[-76.579,44.2899],[-76.5854,44.2898],[-76.5919,44.2878],[-76.5939,44.2876],[-76.6136,44.2875],[-76.6321,44.2872],[-76.6355,44.2871],[-76.6589,44.2852],[-76.6675,44.2851],[-76.6739,44.2945],[-76.6868,44.3127],[-76.6903,44.3178],[-76.6997,44.331],[-76.7049,44.3395],[-76.7127,44.3517],[-76.7212,44.3642],[-76.7305,44.3766],[-76.7391,44.3872],[-76.7477,44.3989],[-76.7523,44.4055],[-76.7658,44.424],[-76.7715,44.4317],[-76.7924,44.4603],[-76.8035,44.4763],[-76.8088,44.4847],[-76.8125,44.4893],[-76.8221,44.5029],[-76.8271,44.5096],[-76.8365,44.5216],[-76.8877,44.5872],[-76.9258,44.6391],[-76.9355,44.6367],[-76.9548,44.6317],[-76.9743,44.6267],[-76.9939,44.6221],[-77.0331,44.6124],[-77.0462,44.6384],[-77.0595,44.6643],[-77.0727,44.6903],[-77.0859,44.7161],[-77.0992,44.7419],[-77.1126,44.7676],[-77.1174,44.7771],[-77.1268,44.7749],[-77.1533,44.7679],[-77.1675,44.764],[-77.167,44.7664],[-77.1686,44.7698],[-77.1755,44.7753],[-77.1762,44.7768],[-77.174,44.7826],[-77.1754,44.7876],[-77.1825,44.8069],[-77.1844,44.8143],[-77.188,44.825],[-77.19,44.8321],[-77.1924,44.8395],[-77.1974,44.8536],[-77.2045,44.8715],[-77.2218,44.9194],[-77.1903,44.9279],[-77.1856,44.9295],[-77.1376,44.9425],[-77.0751,44.9596],[-77.0655,44.9621],[-77.07,44.9707],[-77.0821,44.9935],[-77.0974,45.0221],[-77.1066,45.0391],[-77.1108,45.0477],[-77.1254,45.0732],[-77.1305,45.0816],[-77.1396,45.0988],[-77.0794,45.115],[-76.9695,45.1445],[-76.981,45.1658],[-76.9861,45.1748],[-76.9919,45.1858],[-76.9899,45.1858],[-76.9869,45.1837],[-76.9845,45.183],[-76.9804,45.184],[-76.9749,45.1886],[-76.9594,45.2001],[-76.9566,45.2013],[-76.9511,45.2017],[-76.9459,45.2038],[-76.9403,45.2088],[-76.9308,45.2104],[-76.9276,45.2094],[-76.9215,45.2046],[-76.9174,45.2022],[-76.9187,45.1996],[-76.9161,45.1946],[-76.913,45.1938],[-76.9069,45.1958],[-76.9014,45.197],[-76.8997,45.1964],[-76.8958,45.194],[-76.89,45.1944],[-76.8814,45.1981],[-76.8775,45.2003],[-76.8651,45.2084],[-76.8571,45.2129],[-76.8506,45.216],[-76.845,45.2175],[-76.8402,45.2178],[-76.8248,45.2198],[-76.8125,45.2208],[-76.7841,45.1709],[-76.7693,45.1449],[-76.7507,45.1583],[-76.7178,45.1771],[-76.7114,45.181],[-76.7016,45.1864],[-76.6851,45.1972],[-76.6727,45.206],[-76.6551,45.2177],[-76.6364,45.2297],[-76.6092,45.2466],[-76.5888,45.2598],[-76.5703,45.2714],[-76.5572,45.28],[-76.5326,45.2954],[-76.5061,45.3118],[-76.5038,45.31],[-76.4976,45.3138],[-76.4534,45.3416],[-76.4408,45.35],[-76.4264,45.3597],[-76.415,45.3681],[-76.4102,45.3713],[-76.3904,45.3856],[-76.3771,45.3946],[-76.3556,45.4094],[-76.3159,45.379],[-76.3054,45.3708],[-76.2683,45.3424],[-76.252,45.3301],[-76.2414,45.3219],[-76.2308,45.3138],[-76.2144,45.3008],[-76.2106,45.3031],[-76.1919,45.2877],[-76.1627,45.2632],[-76.1478,45.2503],[-76.1273,45.2338],[-76.1109,45.2207],[-76.1061,45.2165],[-76.0903,45.2041],[-76.0801,45.1958],[-76.0673,45.1854],[-76.0505,45.1715]]]},"properties":{"id":51,"name":"Lanark—Frontenac—Kingston"}},{"type":"Feature","geometry":{"type":"Polygon","coordinates":[[[-81.2298,42.9747],[-81.2268,42.9687],[-81.2226,42.9645],[-81.2177,42.9587],[-81.2384,42.958],[-81.2605,42.9568],[-81.2577,42.9451],[-81.258,42.9407],[-81.2785,42.9393],[-81.292,42.9381],[-81.3257,42.936],[-81.3489,42.9341],[-81.3538,42.9347],[-81.3528,42.9367],[-81.3556,42.9376],[-81.3579,42.9405],[-81.3628,42.9411],[-81.3652,42.9427],[-81.3674,42.9412],[-81.3703,42.9412],[-81.3689,42.939],[-81.3667,42.9388],[-81.3658,42.9371],[-81.3694,42.9352],[-81.3732,42.9364],[-81.3777,42.9359],[-81.3779,42.9344],[-81.3819,42.9431],[-81.3807,42.9433],[-81.3845,42.9518],[-81.3892,42.9543],[-81.3879,42.9581],[-81.3906,42.9632],[-81.3892,42.9651],[-81.3862,42.9661],[-81.3831,42.9689],[-81.3765,42.9713],[-81.3714,42.9764],[-81.3699,42.9787],[-81.3661,42.9814],[-81.3611,42.983],[-81.359,42.9848],[-81.3558,42.9862],[-81.3527,42.9868],[-81.3507,42.9862],[-81.3528,42.9928],[-81.362,43.0102],[-81.3629,43.0099],[-81.3691,43.0219],[-81.3416,43.0299],[-81.3198,43.0362],[-81.3168,43.0301],[-81.3082,43.0147],[-81.3042,43.0069],[-81.2995,42.9971],[-81.29,42.9785],[-81.2898,42.977],[-81.2919,42.9712],[-81.2898,42.9719],[-81.2898,42.975],[-81.2884,42.9757],[-81.2772,42.9769],[-81.275,42.9781],[-81.268,42.977],[-81.2605,42.9773],[-81.2557,42.9785],[-81.2551,42.9765],[-81.2526,42.9771],[-81.2492,42.9751],[-81.2474,42.9748],[-81.2443,42.9756],[-81.244,42.9736],[-81.2418,42.9728],[-81.2402,42.9738],[-81.2355,42.975],[-81.2326,42.9736],[-81.2298,42.9747]]]},"properties":{"id":55,"name":"London West"}},{"type":"Feature","geometry":{"type":"Polygon","coordinates":[[[-79.2785,43.6704],[-79.2819,43.6783],[-79.2831,43.6786],[-79.2905,43.6967],[-79.2923,43.7003],[-79.3006,43.7198],[-79.3026,43.7248],[-79.3003,43.7251],[-79.2712,43.7314],[-79.2583,43.7346],[-79.2455,43.7373],[-79.2288,43.741],[-79.2189,43.7432],[-79.2122,43.7272],[-79.2185,43.721],[-79.2216,43.7102],[-79.2327,43.6998],[-79.2454,43.6913],[-79.2545,43.6869],[-79.2669,43.6788],[-79.2785,43.6704]]]},"properties":{"id":98,"name":"Scarborough Southwest"}},{"type":"Feature","geometry":{"type":"Polygon","coordinates":[[[-79.2288,43.741],[-79.2455,43.7373],[-79.2583,43.7346],[-79.2712,43.7314],[-79.3003,43.7251],[-79.3026,43.7248],[-79.3093,43.7409],[-79.3152,43.7579],[-79.3197,43.7684],[-79.3124,43.7687],[-79.3079,43.7696],[-79.2748,43.7773],[-79.2549,43.7812],[-79.2522,43.7746],[-79.2513,43.7716],[-79.2456,43.7569],[-79.2454,43.7555],[-79.2353,43.7577],[-79.2352,43.7564],[-79.2288,43.741]]]},"properties":{"id":94,"name":"Scarborough Centre"}},{"type":"Feature","geometry":{"type":"Polygon","coordinates":[[[-79.7755,43.9898],[-79.761,43.9642],[-79.7525,43.9495],[-79.742,43.9305],[-79.7268,43.9035],[-79.7169,43.8854],[-79.7046,43.8637],[-79.6976,43.8519],[-79.6949,43.85],[-79.6958,43.8487],[-79.6982,43.8456],[-79.7166,43.8292],[-79.7489,43.8005],[-79.7581,43.7924],[-79.7602,43.7912],[-79.7719,43.7824],[-79.7753,43.7794],[-79.7781,43.7756],[-79.7818,43.7722],[-79.7963,43.759],[-79.8047,43.7515],[-79.8085,43.7491],[-79.8197,43.7388],[-79.8251,43.7427],[-79.8357,43.7329],[-79.8301,43.7287],[-79.8497,43.7109],[-79.861,43.7009],[-79.8633,43.6983],[-79.8706,43.6917],[-79.8739,43.6877],[-79.8807,43.6815],[-79.8851,43.6783],[-79.8889,43.6749],[-79.9316,43.7066],[-79.9394,43.7124],[-79.9479,43.7185],[-79.953,43.7226],[-79.9744,43.7384],[-80.0065,43.7625],[-80.0593,43.802],[-80.0755,43.8139],[-80.1044,43.8353],[-80.1299,43.8541],[-80.1398,43.8615],[-80.1654,43.8383],[-80.2082,43.7997],[-80.2511,43.7614],[-80.29,43.7885],[-80.3008,43.7961],[-80.3278,43.8153],[-80.333,43.8189],[-80.3879,43.8577],[-80.3885,43.8582],[-80.3987,43.8561],[-80.4042,43.8805],[-80.4151,43.929],[-80.4203,43.9532],[-80.4273,43.9773],[-80.4384,44.026],[-80.3952,44.035],[-80.375,44.0393],[-80.3847,44.0796],[-80.3979,44.1348],[-80.3976,44.1352],[-80.3609,44.1673],[-80.384,44.1808],[-80.4054,44.1934],[-80.4101,44.1954],[-80.4176,44.1975],[-80.4229,44.2],[-80.4084,44.2129],[-80.4111,44.2146],[-80.3285,44.2321],[-80.2922,44.2398],[-80.278,44.2427],[-80.2537,44.2479],[-80.2291,44.2534],[-80.1798,44.2638],[-80.1324,44.2739],[-80.1157,44.2774],[-80.0981,44.2812],[-80.0497,44.2914],[-80.034,44.2949],[-80.0249,44.2587],[-80.0153,44.2176],[-80.0082,44.1885],[-79.9979,44.1464],[-79.9925,44.1236],[-79.994,44.1232],[-79.9858,44.0898],[-79.9744,44.0445],[-79.9712,44.0306],[-79.9648,44.0049],[-79.9512,43.9514],[-79.9358,43.9548],[-79.8701,43.9691],[-79.8095,43.9822],[-79.8019,43.9843],[-79.7968,43.9851],[-79.7755,43.9898]]]},"properties":{"id":23,"name":"Dufferin—Caledon"}},{"type":"Feature","geometry":{"type":"Polygon","coordinates":[[[-79.3347,43.7031],[-79.3359,43.7031],[-79.3418,43.6993],[-79.3442,43.6983],[-79.3483,43.6999],[-79.3515,43.6987],[-79.3546,43.6983],[-79.3567,43.6955],[-79.3598,43.6954],[-79.3618,43.6942],[-79.3599,43.6915],[-79.3622,43.6885],[-79.3637,43.6889],[-79.362,43.6912],[-79.3635,43.6935],[-79.3668,43.6944],[-79.3709,43.6906],[-79.3751,43.6928],[-79.3814,43.6951],[-79.3848,43.694],[-79.387,43.7005],[-79.3912,43.7111],[-79.399,43.7096],[-79.4022,43.7251],[-79.404,43.7319],[-79.4064,43.7431],[-79.4081,43.7498],[-79.4084,43.7536],[-79.3989,43.7596],[-79.394,43.7617],[-79.387,43.7633],[-79.3783,43.7651],[-79.3718,43.7659],[-79.363,43.7663],[-79.3621,43.7649],[-79.3619,43.7613],[-79.3569,43.7383],[-79.3553,43.7317],[-79.3522,43.7281],[-79.3499,43.7262],[-79.3488,43.7236],[-79.3503,43.7191],[-79.35,43.7172],[-79.3449,43.7152],[-79.3403,43.7118],[-79.3379,43.7089],[-79.3345,43.71],[-79.3337,43.7066],[-79.3347,43.7031]]]},"properties":{"id":22,"name":"Don Valley West"}},{"type":"Feature","geometry":{"type":"Polygon","coordinates":[[[-79.4646,43.6922],[-79.4655,43.6941],[-79.4687,43.7054],[-79.4725,43.7249],[-79.4437,43.7311],[-79.4399,43.7325],[-79.4267,43.7403],[-79.4176,43.7462],[-79.4151,43.7491],[-79.4114,43.7517],[-79.4084,43.7536],[-79.4081,43.7498],[-79.4064,43.7431],[-79.404,43.7319],[-79.4022,43.7251],[-79.399,43.7096],[-79.3984,43.7067],[-79.4364,43.6987],[-79.4503,43.6957],[-79.4633,43.6928],[-79.4646,43.6922]]]},"properties":{"id":25,"name":"Eglinton—Lawrence"}},{"type":"Feature","geometry":{"type":"Polygon","coordinates":[[[-80.2832,43.4208],[-80.2877,43.419],[-80.3,43.4154],[-80.3095,43.4147],[-80.3327,43.4139],[-80.3502,43.4136],[-80.3556,43.4132],[-80.358,43.4124],[-80.368,43.4066],[-80.3768,43.4031],[-80.3988,43.3909],[-80.4023,43.3884],[-80.4049,43.3855],[-80.4137,43.3698],[-80.4529,43.363],[-80.4814,43.358],[-80.4813,43.3607],[-80.4858,43.3746],[-80.487,43.377],[-80.4904,43.3871],[-80.4919,43.3925],[-80.4949,43.3964],[-80.4973,43.404],[-80.5075,43.4129],[-80.5141,43.4192],[-80.5046,43.4228],[-80.493,43.4262],[-80.4787,43.4291],[-80.47,43.4305],[-80.461,43.4314],[-80.4584,43.433],[-80.4569,43.4362],[-80.4419,43.4314],[-80.4392,43.43],[-80.4352,43.4264],[-80.4335,43.4256],[-80.4317,43.4305],[-80.4283,43.4341],[-80.4276,43.4359],[-80.4085,43.4469],[-80.4044,43.4479],[-80.4014,43.4436],[-80.3936,43.4474],[-80.3922,43.4503],[-80.3878,43.4436],[-80.3791,43.4467],[-80.3742,43.4502],[-80.3721,43.4512],[-80.3587,43.4549],[-80.3527,43.4593],[-80.342,43.4609],[-80.3363,43.464],[-80.3176,43.4706],[-80.3141,43.4714],[-80.3059,43.4721],[-80.3026,43.4686],[-80.2971,43.4545],[-80.2922,43.4432],[-80.2832,43.4208]]]},"properties":{"id":49,"name":"Kitchener South—Hespeler"}},{"type":"Feature","geometry":{"type":"Polygon","coordinates":[[[-80.3922,43.4503],[-80.3936,43.4474],[-80.4014,43.4436],[-80.4044,43.4479],[-80.4085,43.4469],[-80.4276,43.4359],[-80.4283,43.4341],[-80.4317,43.4305],[-80.4335,43.4256],[-80.4352,43.4264],[-80.4392,43.43],[-80.4419,43.4314],[-80.4569,43.4362],[-80.4584,43.433],[-80.461,43.4314],[-80.47,43.4305],[-80.4787,43.4291],[-80.493,43.4262],[-80.5046,43.4228],[-80.5141,43.4192],[-80.519,43.4235],[-80.5231,43.4279],[-80.5269,43.4337],[-80.5302,43.4378],[-80.532,43.4387],[-80.5368,43.4397],[-80.5424,43.4426],[-80.541,43.4435],[-80.5424,43.4456],[-80.5386,43.4469],[-80.541,43.449],[-80.5343,43.4514],[-80.5338,43.4505],[-80.5222,43.4548],[-80.5202,43.4563],[-80.5115,43.4592],[-80.5008,43.4632],[-80.5017,43.4646],[-80.4985,43.4662],[-80.501,43.4686],[-80.4955,43.4705],[-80.4966,43.4728],[-80.4936,43.474],[-80.4891,43.4732],[-80.4807,43.4741],[-80.4768,43.4728],[-80.4754,43.4715],[-80.4708,43.4632],[-80.4329,43.4758],[-80.4224,43.4784],[-80.4226,43.4769],[-80.4271,43.4722],[-80.4265,43.4695],[-80.424,43.4676],[-80.4213,43.4639],[-80.4203,43.4611],[-80.415,43.458],[-80.4111,43.457],[-80.4045,43.457],[-80.395,43.455],[-80.3924,43.4525],[-80.3922,43.4503]]]},"properties":{"id":47,"name":"Kitchener Centre"}},{"type":"Feature","geometry":{"type":"Polygon","coordinates":[[[-79.4294,43.671],[-79.4302,43.6747],[-79.4327,43.6808],[-79.4346,43.6871],[-79.4387,43.6871],[-79.4461,43.6856],[-79.4503,43.6957],[-79.4364,43.6987],[-79.3984,43.7067],[-79.399,43.7096],[-79.3912,43.7111],[-79.387,43.7005],[-79.3848,43.694],[-79.3891,43.6931],[-79.3897,43.6897],[-79.3864,43.6877],[-79.3908,43.6868],[-79.3928,43.685],[-79.3912,43.6811],[-79.4014,43.6768],[-79.422,43.6724],[-79.4294,43.671]]]},"properties":{"id":111,"name":"Toronto—St. Paul's"}},{"type":"Feature","geometry":{"type":"Polygon","coordinates":[[[-79.4943,43.994],[-79.492,43.9845],[-79.4875,43.9647],[-79.4854,43.9569],[-79.4814,43.9389],[-79.4776,43.9236],[-79.4753,43.917],[-79.4709,43.8987],[-79.4691,43.8919],[-79.4674,43.8841],[-79.4633,43.8682],[-79.4587,43.8477],[-79.4869,43.8418],[-79.4995,43.8393],[-79.506,43.8369],[-79.5193,43.8341],[-79.5327,43.831],[-79.535,43.8301],[-79.5463,43.8279],[-79.5477,43.8428],[-79.5485,43.8469],[-79.5551,43.8454],[-79.5602,43.8449],[-79.5872,43.8395],[-79.5914,43.8381],[-79.6317,43.8295],[-79.6339,43.8298],[-79.6385,43.8274],[-79.6596,43.8227],[-79.6597,43.8234],[-79.6786,43.8193],[-79.6958,43.8487],[-79.6949,43.85],[-79.6976,43.8519],[-79.7046,43.8637],[-79.7169,43.8854],[-79.7268,43.9035],[-79.742,43.9305],[-79.7525,43.9495],[-79.761,43.9642],[-79.7755,43.9898],[-79.7598,43.9934],[-79.7527,43.9948],[-79.7021,44.0057],[-79.6702,44.0129],[-79.6437,44.0189],[-79.6294,44.0216],[-79.6044,44.027],[-79.5796,44.0325],[-79.5564,44.0379],[-79.5469,44.0399],[-79.5318,44.0434],[-79.5286,44.0433],[-79.5222,44.0443],[-79.5191,44.0452],[-79.5148,44.0472],[-79.5062,44.0492],[-79.5025,44.0327],[-79.5017,44.0282],[-79.5013,44.0236],[-79.4983,44.012],[-79.4943,43.994]]]},"properties":{"id":45,"name":"King—Vaughan"}},{"type":"Feature","geometry":{"type":"Polygon","coordinates":[[[-79.3796,43.8833],[-79.3752,43.8651],[-79.3701,43.8452],[-79.3681,43.8392],[-79.3773,43.8378],[-79.3832,43.8371],[-79.3914,43.8369],[-79.3979,43.8374],[-79.406,43.8383],[-79.4064,43.8396],[-79.4327,43.8338],[-79.4545,43.8293],[-79.4587,43.8477],[-79.4633,43.8682],[-79.4674,43.8841],[-79.4437,43.8891],[-79.4225,43.8937],[-79.4198,43.8936],[-79.4192,43.8912],[-79.4161,43.8912],[-79.4118,43.8892],[-79.4083,43.8892],[-79.4072,43.8863],[-79.4032,43.8841],[-79.4005,43.8783],[-79.3904,43.8809],[-79.3796,43.8833]]]},"properties":{"id":89,"name":"Richmond Hill"}},{"type":"Feature","geometry":{"type":"Polygon","coordinates":[[[-79.6393,43.7498],[-79.6378,43.7484],[-79.6303,43.7353],[-79.6339,43.7334],[-79.6394,43.737],[-79.6502,43.7274],[-79.656,43.722],[-79.6612,43.7176],[-79.6715,43.7083],[-79.6797,43.7144],[-79.682,43.7158],[-79.6976,43.7274],[-79.7097,43.7363],[-79.7202,43.7442],[-79.7486,43.7652],[-79.7511,43.7632],[-79.7552,43.7561],[-79.7573,43.7541],[-79.7818,43.7722],[-79.7781,43.7756],[-79.7753,43.7794],[-79.7719,43.7824],[-79.7602,43.7912],[-79.7581,43.7924],[-79.7489,43.8005],[-79.7166,43.8292],[-79.6982,43.8456],[-79.6958,43.8487],[-79.6786,43.8193],[-79.6586,43.7849],[-79.6431,43.7577],[-79.641,43.7521],[-79.6393,43.7498]]]},"properties":{"id":9,"name":"Brampton East"}},{"type":"Feature","geometry":{"type":"Polygon","coordinates":[[[-79.8099,43.5889],[-79.8079,43.5847],[-79.801,43.5793],[-79.775,43.5608],[-79.7626,43.5524],[-79.7552,43.546],[-79.7476,43.5402],[-79.7444,43.538],[-79.7355,43.5328],[-79.731,43.5298],[-79.7265,43.5263],[-79.7359,43.5191],[-79.7437,43.5122],[-79.7548,43.5031],[-79.7582,43.4986],[-79.7589,43.497],[-79.7639,43.4927],[-79.7695,43.4871],[-79.7734,43.4849],[-79.7864,43.4866],[-79.7971,43.4769],[-79.7986,43.474],[-79.8001,43.4742],[-79.8081,43.4667],[-79.8035,43.4568],[-79.801,43.4535],[-79.7952,43.4492],[-79.811,43.4348],[-79.8041,43.4298],[-79.81,43.4244],[-79.8204,43.4155],[-79.8255,43.4106],[-79.8295,43.4059],[-79.8316,43.4023],[-79.8334,43.3972],[-79.834,43.3928],[-79.8337,43.3832],[-79.8681,43.3528],[-79.9129,43.3848],[-79.9387,43.4027],[-79.9478,43.4092],[-79.9758,43.4289],[-80.0302,43.4682],[-80.0338,43.4707],[-80.0459,43.4794],[-80.0631,43.4915],[-80.0801,43.5039],[-80.1235,43.5348],[-80.1332,43.5419],[-80.1611,43.5615],[-80.1508,43.571],[-80.1443,43.5665],[-80.1387,43.5713],[-80.1395,43.5719],[-80.1286,43.5814],[-80.1343,43.5855],[-80.1289,43.5903],[-80.0956,43.6199],[-80.0856,43.6289],[-80.0508,43.6047],[-80.0361,43.5942],[-80.0144,43.5786],[-79.9739,43.5497],[-79.939,43.5246],[-79.9278,43.5346],[-79.9271,43.5355],[-79.9168,43.5449],[-79.9157,43.5454],[-79.8949,43.5641],[-79.8815,43.554],[-79.8685,43.5444],[-79.8629,43.5419],[-79.8565,43.5467],[-79.8349,43.5663],[-79.8187,43.5807],[-79.8099,43.5889]]]},"properties":{"id":59,"name":"Milton"}},{"type":"Feature","geometry":{"type":"Polygon","coordinates":[[[-79.7202,43.7442],[-79.7277,43.7361],[-79.7346,43.7302],[-79.7378,43.7285],[-79.7449,43.723],[-79.7476,43.7193],[-79.7521,43.7155],[-79.7618,43.7231],[-79.7652,43.7254],[-79.7744,43.718],[-79.7795,43.7133],[-79.7836,43.7088],[-79.7868,43.7058],[-79.814,43.7258],[-79.8192,43.7208],[-79.8301,43.7287],[-79.8357,43.7329],[-79.8251,43.7427],[-79.8197,43.7388],[-79.8085,43.7491],[-79.8047,43.7515],[-79.7963,43.759],[-79.7818,43.7722],[-79.7573,43.7541],[-79.7552,43.7561],[-79.7511,43.7632],[-79.7486,43.7652],[-79.7202,43.7442]]]},"properties":{"id":10,"name":"Brampton North"}},{"type":"Feature","geometry":{"type":"Polygon","coordinates":[[[-79.7565,43.3953],[-79.7666,43.3862],[-79.7739,43.3793],[-79.7881,43.3664],[-79.8061,43.3792],[-79.8206,43.3657],[-79.8221,43.3646],[-79.8327,43.3725],[-79.8329,43.3777],[-79.8337,43.3832],[-79.834,43.3928],[-79.8334,43.3972],[-79.8316,43.4023],[-79.8295,43.4059],[-79.8255,43.4106],[-79.8204,43.4155],[-79.81,43.4244],[-79.8041,43.4298],[-79.811,43.4348],[-79.7952,43.4492],[-79.801,43.4535],[-79.8035,43.4568],[-79.8081,43.4667],[-79.8001,43.4742],[-79.7986,43.474],[-79.7971,43.4769],[-79.7864,43.4866],[-79.7734,43.4849],[-79.7695,43.4871],[-79.7639,43.4927],[-79.7589,43.497],[-79.7582,43.4986],[-79.7548,43.5031],[-79.7437,43.5122],[-79.7359,43.5191],[-79.7265,43.5263],[-79.7234,43.5247],[-79.7201,43.5243],[-79.7172,43.523],[-79.6974,43.5082],[-79.7132,43.4937],[-79.7022,43.4855],[-79.6955,43.4807],[-79.7,43.4769],[-79.7069,43.4704],[-79.7152,43.4631],[-79.7189,43.4617],[-79.7209,43.4583],[-79.7243,43.4539],[-79.7289,43.4507],[-79.7573,43.4245],[-79.7604,43.4213],[-79.7709,43.4117],[-79.7744,43.4083],[-79.7565,43.3953]]]},"properties":{"id":75,"name":"Oakville North—Burlington"}},{"type":"Feature","geometry":{"type":"Polygon","coordinates":[[[-79.7929,43.3009],[-79.7966,43.299],[-79.8032,43.2957],[-79.8154,43.3125],[-79.82,43.3112],[-79.8252,43.3091],[-79.829,43.307],[-79.8317,43.3073],[-79.8392,43.3039],[-79.8435,43.3025],[-79.8465,43.3005],[-79.8548,43.2966],[-79.8581,43.294],[-79.8662,43.2887],[-79.8681,43.2865],[-79.8718,43.2875],[-79.8749,43.2863],[-79.8771,43.2879],[-79.8836,43.2882],[-79.8859,43.2878],[-79.8874,43.2902],[-79.8917,43.2933],[-79.9125,43.3085],[-79.9003,43.3173],[-79.8842,43.3293],[-79.8812,43.3282],[-79.8761,43.3293],[-79.8738,43.3306],[-79.8714,43.3331],[-79.8662,43.3372],[-79.8612,43.3418],[-79.86,43.347],[-79.8681,43.3528],[-79.8337,43.3832],[-79.8329,43.3777],[-79.8327,43.3725],[-79.8221,43.3646],[-79.8206,43.3657],[-79.8061,43.3792],[-79.7881,43.3664],[-79.7739,43.3793],[-79.7666,43.3862],[-79.7565,43.3953],[-79.7203,43.3687],[-79.7288,43.3619],[-79.7316,43.3601],[-79.7391,43.3561],[-79.7514,43.3473],[-79.7564,43.3433],[-79.77,43.3338],[-79.7748,43.331],[-79.7845,43.3258],[-79.7916,43.321],[-79.7969,43.3179],[-79.7929,43.3009]]]},"properties":{"id":15,"name":"Burlington"}},{"type":"Feature","geometry":{"type":"Polygon","coordinates":[[[-79.8889,43.6749],[-79.8673,43.659],[-79.846,43.6431],[-79.8246,43.6273],[-79.7899,43.6018],[-79.7879,43.6003],[-79.7938,43.5994],[-79.7979,43.598],[-79.8024,43.5953],[-79.8099,43.5889],[-79.8187,43.5807],[-79.8349,43.5663],[-79.8565,43.5467],[-79.8629,43.5419],[-79.8685,43.5444],[-79.8815,43.554],[-79.8949,43.5641],[-79.9157,43.5454],[-79.9168,43.5449],[-79.9271,43.5355],[-79.9278,43.5346],[-79.939,43.5246],[-79.9739,43.5497],[-80.0144,43.5786],[-80.0361,43.5942],[-80.0508,43.6047],[-80.0856,43.6289],[-80.0956,43.6199],[-80.1289,43.5903],[-80.1343,43.5855],[-80.1286,43.5814],[-80.1395,43.5719],[-80.1387,43.5713],[-80.1443,43.5665],[-80.1508,43.571],[-80.1611,43.5615],[-80.1332,43.5419],[-80.1235,43.5348],[-80.0801,43.5039],[-80.0631,43.4915],[-80.0459,43.4794],[-80.0338,43.4707],[-80.0713,43.4439],[-80.0838,43.4351],[-80.0786,43.4181],[-80.1083,43.4134],[-80.1434,43.4075],[-80.1768,43.402],[-80.2064,43.3972],[-80.243,43.3913],[-80.2694,43.387],[-80.2794,43.4119],[-80.2832,43.4208],[-80.2922,43.4432],[-80.2971,43.4545],[-80.3026,43.4686],[-80.3059,43.4721],[-80.308,43.4742],[-80.3182,43.483],[-80.3255,43.4896],[-80.351,43.5116],[-80.3699,43.5286],[-80.3738,43.5326],[-80.3703,43.5507],[-80.3672,43.5692],[-80.383,43.5636],[-80.4197,43.5901],[-80.4331,43.5998],[-80.4554,43.6158],[-80.4994,43.6476],[-80.5378,43.6752],[-80.5575,43.6897],[-80.5424,43.7008],[-80.5379,43.704],[-80.5292,43.7105],[-80.5112,43.7235],[-80.5075,43.7209],[-80.5008,43.726],[-80.4952,43.725],[-80.4987,43.7275],[-80.4898,43.734],[-80.4934,43.7366],[-80.467,43.7562],[-80.4494,43.769],[-80.4699,43.7836],[-80.4661,43.7879],[-80.4568,43.796],[-80.4561,43.7976],[-80.442,43.8101],[-80.4213,43.8287],[-80.3992,43.8483],[-80.3879,43.8577],[-80.333,43.8189],[-80.3278,43.8153],[-80.3008,43.7961],[-80.29,43.7885],[-80.2511,43.7614],[-80.2082,43.7997],[-80.1654,43.8383],[-80.1398,43.8615],[-80.1299,43.8541],[-80.1044,43.8353],[-80.0755,43.8139],[-80.0593,43.802],[-80.0065,43.7625],[-79.9744,43.7384],[-79.953,43.7226],[-79.9479,43.7185],[-79.9394,43.7124],[-79.9316,43.7066],[-79.8889,43.6749]],[[-80.2759,43.5698],[-80.2781,43.5672],[-80.2793,43.5691],[-80.2885,43.5624],[-80.2947,43.5633],[-80.3036,43.5567],[-80.3017,43.5554],[-80.3196,43.5423],[-80.3179,43.541],[-80.3269,43.5345],[-80.3069,43.5198],[-80.297,43.5234],[-80.2911,43.5189],[-80.2884,43.5183],[-80.2788,43.5115],[-80.2772,43.5114],[-80.2744,43.5135],[-80.273,43.5125],[-80.2712,43.5163],[-80.2681,43.5175],[-80.2685,43.519],[-80.2645,43.522],[-80.2631,43.5223],[-80.261,43.5262],[-80.2508,43.5187],[-80.2597,43.5122],[-80.255,43.5068],[-80.2533,43.4999],[-80.2512,43.4997],[-80.2458,43.5006],[-80.2435,43.4946],[-80.2335,43.4963],[-80.2301,43.4873],[-80.227,43.4783],[-80.2032,43.4824],[-80.2013,43.4826],[-80.1892,43.4738],[-80.1535,43.5005],[-80.1712,43.5136],[-80.2034,43.5372],[-80.1858,43.5502],[-80.1874,43.5528],[-80.1959,43.5592],[-80.1968,43.5609],[-80.1949,43.5624],[-80.2038,43.5686],[-80.225,43.584],[-80.2288,43.5813],[-80.2334,43.5846],[-80.244,43.5767],[-80.2556,43.5851],[-80.2675,43.5942],[-80.2689,43.5941],[-80.273,43.5909],[-80.2752,43.5863],[-80.2756,43.5834],[-80.2744,43.5823],[-80.2744,43.5778],[-80.2758,43.5764],[-80.2748,43.5736],[-80.2725,43.5722],[-80.2759,43.5698]]]},"properties":{"id":115,"name":"Wellington—Halton Hills"}},{"type":"Feature","geometry":{"type":"Polygon","coordinates":[[[-80.2759,43.5698],[-80.2725,43.5722],[-80.2748,43.5736],[-80.2758,43.5764],[-80.2744,43.5778],[-80.2744,43.5823],[-80.2756,43.5834],[-80.2752,43.5863],[-80.273,43.5909],[-80.2689,43.5941],[-80.2675,43.5942],[-80.2556,43.5851],[-80.244,43.5767],[-80.2334,43.5846],[-80.2288,43.5813],[-80.225,43.584],[-80.2038,43.5686],[-80.1949,43.5624],[-80.1968,43.5609],[-80.1959,43.5592],[-80.1874,43.5528],[-80.1858,43.5502],[-80.2034,43.5372],[-80.1712,43.5136],[-80.1535,43.5005],[-80.1892,43.4738],[-80.2013,43.4826],[-80.2032,43.4824],[-80.227,43.4783],[-80.2301,43.4873],[-80.2335,43.4963],[-80.2435,43.4946],[-80.2458,43.5006],[-80.2512,43.4997],[-80.2533,43.4999],[-80.255,43.5068],[-80.2597,43.5122],[-80.2508,43.5187],[-80.261,43.5262],[-80.2631,43.5223],[-80.2645,43.522],[-80.2685,43.519],[-80.2681,43.5175],[-80.2712,43.5163],[-80.273,43.5125],[-80.2744,43.5135],[-80.2772,43.5114],[-80.2788,43.5115],[-80.2884,43.5183],[-80.2911,43.5189],[-80.297,43.5234],[-80.3069,43.5198],[-80.3269,43.5345],[-80.3179,43.541],[-80.3196,43.5423],[-80.3017,43.5554],[-80.3036,43.5567],[-80.2947,43.5633],[-80.2885,43.5624],[-80.2793,43.5691],[-80.2781,43.5672],[-80.2759,43.5698]]]},"properties":{"id":33,"name":"Guelph"}},{"type":"Feature","geometry":{"type":"Polygon","coordinates":[[[-81.6234,42.4365],[-81.6242,42.4359],[-81.6723,42.4031],[-81.7147,42.3741],[-81.7475,42.3514],[-81.8105,42.3076],[-81.7777,42.2814],[-81.7767,42.2761],[-81.7775,42.2701],[-81.7808,42.2652],[-81.7862,42.2613],[-81.7958,42.2586],[-81.8237,42.2531],[-81.8545,42.2501],[-81.9383,42.2501],[-82,42.25],[-82.0468,42.25],[-82.0906,42.2269],[-82.1649,42.1875],[-82.2186,42.1597],[-82.2469,42.1453],[-82.3171,42.1096],[-82.3536,42.0907],[-82.3851,42.0822],[-82.394,42.0797],[-82.4469,42.0651],[-82.4664,42.0431],[-82.469,42],[-82.4703,41.9993],[-82.487,41.9314],[-82.4901,41.8885],[-82.5,41.75],[-82.5,41.6771],[-82.5806,41.6771],[-82.6802,41.6769],[-82.7498,41.7107],[-82.7491,41.75],[-82.7379,41.7671],[-82.725,41.7876],[-82.7162,41.7989],[-82.7137,41.8106],[-82.7073,41.8189],[-82.706,41.8198],[-82.7026,41.8249],[-82.6919,41.8301],[-82.6824,41.8306],[-82.6746,41.8291],[-82.6683,41.8263],[-82.6637,41.8291],[-82.6606,41.8347],[-82.6532,41.9314],[-82.648,42.0001],[-82.6442,42.049],[-82.6409,42.0986],[-82.6391,42.1237],[-82.6373,42.1487],[-82.6357,42.1717],[-82.601,42.1704],[-82.599,42.1986],[-82.5975,42.2228],[-82.5965,42.2446],[-82.5942,42.2817],[-82.5925,42.3078],[-82.5886,42.3974],[-82.5508,42.3976],[-82.4772,42.3382],[-82.4591,42.323],[-82.4538,42.3189],[-82.4488,42.3171],[-82.4437,42.3167],[-82.4408,42.3172],[-82.4341,42.3205],[-82.4274,42.3245],[-82.4218,42.3286],[-82.4191,42.3363],[-82.4178,42.3378],[-82.4118,42.3406],[-82.4079,42.34],[-82.4032,42.337],[-82.4009,42.3363],[-82.396,42.3365],[-82.3908,42.3337],[-82.3877,42.3336],[-82.3801,42.3381],[-82.3759,42.3392],[-82.3732,42.3424],[-82.3718,42.3426],[-82.3671,42.3409],[-82.3607,42.3411],[-82.3585,42.3417],[-82.3579,42.3433],[-82.3586,42.3464],[-82.3573,42.348],[-82.3532,42.3496],[-82.3468,42.3493],[-82.3409,42.3483],[-82.3364,42.3482],[-82.3337,42.3492],[-82.332,42.3507],[-82.3301,42.3509],[-82.3267,42.3485],[-82.3237,42.349],[-82.3223,42.3527],[-82.3208,42.3548],[-82.3166,42.3577],[-82.3139,42.359],[-82.3108,42.3619],[-82.3085,42.3621],[-82.3055,42.3609],[-82.3033,42.3614],[-82.3014,42.3642],[-82.2993,42.365],[-82.2949,42.3657],[-82.2867,42.3675],[-82.2825,42.367],[-82.2803,42.3681],[-82.28,42.3701],[-82.281,42.3724],[-82.2789,42.3742],[-82.273,42.3737],[-82.2684,42.3759],[-82.2666,42.3762],[-82.2637,42.3753],[-82.262,42.3755],[-82.2594,42.3785],[-82.2559,42.3807],[-82.2513,42.3814],[-82.2503,42.3825],[-82.2513,42.3864],[-82.2506,42.3881],[-82.246,42.3888],[-82.2402,42.3864],[-82.2363,42.3875],[-82.2306,42.3883],[-82.2275,42.3914],[-82.2237,42.3934],[-82.239,42.4055],[-82.217,42.4205],[-82.221,42.4237],[-82.194,42.4437],[-82.189,42.4397],[-82.1897,42.4392],[-82.1719,42.4251],[-82.1643,42.4189],[-82.1619,42.4198],[-82.1598,42.422],[-82.156,42.4244],[-82.1534,42.4244],[-82.1494,42.4234],[-82.1487,42.4246],[-82.1497,42.4287],[-82.1487,42.431],[-82.146,42.4322],[-82.1443,42.435],[-82.139,42.4363],[-82.1406,42.4402],[-82.14,42.4419],[-82.1374,42.445],[-82.1371,42.4479],[-82.132,42.4531],[-82.13,42.4546],[-82.1287,42.4576],[-82.1273,42.4583],[-82.124,42.4564],[-82.1219,42.4569],[-82.1226,42.4613],[-82.121,42.4622],[-82.1175,42.4624],[-82.1173,42.4637],[-82.1194,42.4673],[-82.1228,42.4718],[-82.1203,42.4727],[-82.1162,42.4768],[-82.1145,42.4804],[-82.1118,42.4831],[-82.1088,42.4836],[-82.1053,42.4861],[-82.1009,42.4845],[-82.0989,42.4852],[-82.0939,42.4893],[-82.0909,42.489],[-82.0903,42.4904],[-82.0923,42.4928],[-82.09,42.4935],[-82.0818,42.4939],[-82.0794,42.4947],[-82.0778,42.4981],[-82.0804,42.4989],[-82.0806,42.5001],[-82.0785,42.502],[-82.0788,42.5029],[-82.0822,42.5048],[-82.082,42.5061],[-82.0729,42.5111],[-82.071,42.5146],[-82.0677,42.5137],[-82.0638,42.514],[-82.0585,42.517],[-82.0561,42.5164],[-82.0566,42.5139],[-82.0542,42.5133],[-82.051,42.5175],[-82.0469,42.5169],[-82.0444,42.5171],[-82.0431,42.5203],[-82.043,42.5239],[-82.0451,42.5277],[-82.0433,42.5295],[-82.0395,42.5272],[-82.0351,42.5261],[-82.0336,42.5246],[-82.0317,42.5242],[-82.0294,42.5261],[-82.0257,42.5242],[-82.0219,42.5255],[-82.0158,42.5255],[-82.0114,42.5275],[-82.0097,42.529],[-82.0093,42.5312],[-82.0049,42.5358],[-82.0014,42.5364],[-82.002,42.5388],[-82.0064,42.543],[-82.0052,42.5444],[-81.9973,42.5453],[-81.9943,42.5485],[-81.9928,42.5492],[-81.9908,42.5471],[-81.9867,42.5454],[-81.9884,42.5437],[-81.9884,42.5417],[-81.987,42.5407],[-81.9844,42.541],[-81.9824,42.5399],[-81.9835,42.5364],[-81.9826,42.5356],[-81.9792,42.5364],[-81.9752,42.5393],[-81.9737,42.541],[-81.9707,42.5427],[-81.9649,42.5475],[-81.958,42.5542],[-81.9509,42.558],[-81.9441,42.5591],[-81.9406,42.5601],[-81.9372,42.5602],[-81.9296,42.5622],[-81.9296,42.5654],[-81.9281,42.5664],[-81.9213,42.5673],[-81.9171,42.5666],[-81.9155,42.5687],[-81.9109,42.57],[-81.9089,42.5683],[-81.909,42.5657],[-81.9071,42.5657],[-81.9041,42.5685],[-81.9037,42.5721],[-81.9002,42.575],[-81.898,42.5748],[-81.8975,42.578],[-81.9007,42.5791],[-81.9034,42.577],[-81.906,42.5772],[-81.9068,42.5787],[-81.9065,42.5812],[-81.9054,42.5831],[-81.8998,42.5874],[-81.8968,42.5875],[-81.8949,42.5862],[-81.894,42.5838],[-81.8919,42.5824],[-81.8882,42.5843],[-81.8861,42.5874],[-81.8855,42.59],[-81.8816,42.5938],[-81.8797,42.5965],[-81.8771,42.5988],[-81.872,42.6011],[-81.8674,42.6016],[-81.8589,42.5993],[-81.8532,42.599],[-81.8475,42.6006],[-81.844,42.6047],[-81.8347,42.608],[-81.8317,42.6054],[-81.823,42.5985],[-81.7945,42.5753],[-81.7876,42.5695],[-81.7504,42.5393],[-81.7065,42.5038],[-81.6814,42.4833],[-81.6234,42.4365]]]},"properties":{"id":18,"name":"Chatham-Kent—Leamington"}},{"type":"Feature","geometry":{"type":"Polygon","coordinates":[[[-79.3142,43.6483],[-79.3169,43.6147],[-79.3437,43.6108],[-79.3465,43.6107],[-79.3476,43.6257],[-79.3491,43.6316],[-79.3596,43.6454],[-79.3483,43.6501],[-79.3476,43.6511],[-79.3503,43.6543],[-79.3543,43.6579],[-79.3575,43.6687],[-79.3596,43.6705],[-79.3603,43.6718],[-79.3631,43.6737],[-79.3631,43.6754],[-79.3648,43.677],[-79.3637,43.6788],[-79.3663,43.6816],[-79.3632,43.6833],[-79.3616,43.6856],[-79.3622,43.6885],[-79.3599,43.6915],[-79.3618,43.6942],[-79.3598,43.6954],[-79.3567,43.6955],[-79.3546,43.6983],[-79.3515,43.6987],[-79.3483,43.6999],[-79.3442,43.6983],[-79.3418,43.6993],[-79.3359,43.7031],[-79.3347,43.7031],[-79.333,43.7034],[-79.3315,43.7017],[-79.3274,43.7015],[-79.3296,43.6983],[-79.3256,43.688],[-79.3149,43.6623],[-79.3154,43.6609],[-79.3125,43.6585],[-79.3132,43.6573],[-79.3142,43.6483]]]},"properties":{"id":110,"name":"Toronto—Danforth"}},{"type":"Feature","geometry":{"type":"Polygon","coordinates":[[[-79.4638,43.6237],[-79.467,43.6202],[-79.4769,43.6084],[-79.4935,43.5928],[-79.5081,43.5753],[-79.5193,43.5633],[-79.523,43.5603],[-79.5439,43.5814],[-79.5445,43.5854],[-79.5478,43.5873],[-79.5465,43.5888],[-79.5492,43.5904],[-79.5495,43.5924],[-79.5488,43.5951],[-79.5538,43.5959],[-79.5536,43.598],[-79.5559,43.6],[-79.5561,43.6022],[-79.5605,43.6057],[-79.5673,43.6097],[-79.5671,43.6107],[-79.5641,43.6124],[-79.5649,43.6135],[-79.5683,43.6144],[-79.5676,43.6171],[-79.5664,43.6183],[-79.5667,43.621],[-79.5652,43.6246],[-79.5636,43.6248],[-79.5636,43.627],[-79.5568,43.6287],[-79.5596,43.6363],[-79.5354,43.6418],[-79.5405,43.6535],[-79.5381,43.6551],[-79.5375,43.6529],[-79.5327,43.6522],[-79.5323,43.6504],[-79.5293,43.6512],[-79.5258,43.6507],[-79.5224,43.6482],[-79.5202,43.6508],[-79.5173,43.6579],[-79.5082,43.6615],[-79.5056,43.6628],[-79.4995,43.659],[-79.4997,43.6575],[-79.5027,43.6548],[-79.5015,43.6524],[-79.4977,43.652],[-79.4924,43.6522],[-79.4907,43.65],[-79.4928,43.6473],[-79.4926,43.6458],[-79.4905,43.6434],[-79.4899,43.6416],[-79.485,43.6419],[-79.4847,43.6384],[-79.479,43.6383],[-79.4773,43.6379],[-79.4751,43.634],[-79.4697,43.6315],[-79.4638,43.6237]]]},"properties":{"id":29,"name":"Etobicoke—Lakeshore"}},{"type":"Feature","geometry":{"type":"Polygon","coordinates":[[[-79.4281,43.6423],[-79.4286,43.6422],[-79.4254,43.6339],[-79.4287,43.6329],[-79.4249,43.6248],[-79.4256,43.6247],[-79.4546,43.6281],[-79.4607,43.6268],[-79.4638,43.6237],[-79.4697,43.6315],[-79.4751,43.634],[-79.4773,43.6379],[-79.479,43.6383],[-79.4847,43.6384],[-79.485,43.6419],[-79.4899,43.6416],[-79.4905,43.6434],[-79.4926,43.6458],[-79.4928,43.6473],[-79.4907,43.65],[-79.4924,43.6522],[-79.4977,43.652],[-79.5015,43.6524],[-79.5027,43.6548],[-79.4997,43.6575],[-79.4995,43.659],[-79.5056,43.6628],[-79.5097,43.6621],[-79.5122,43.6626],[-79.5105,43.664],[-79.5062,43.6654],[-79.4735,43.6674],[-79.46,43.6672],[-79.4444,43.6514],[-79.4411,43.6487],[-79.4383,43.6471],[-79.4281,43.6423]]]},"properties":{"id":83,"name":"Parkdale—High Park"}},{"type":"Feature","geometry":{"type":"Polygon","coordinates":[[[-79.3622,43.6885],[-79.3616,43.6856],[-79.3632,43.6833],[-79.3663,43.6816],[-79.3637,43.6788],[-79.3648,43.677],[-79.3631,43.6754],[-79.3631,43.6737],[-79.3603,43.6718],[-79.3596,43.6705],[-79.3617,43.6702],[-79.3703,43.6727],[-79.3772,43.6732],[-79.3795,43.6718],[-79.3799,43.67],[-79.3889,43.6682],[-79.3858,43.6608],[-79.3831,43.6614],[-79.3809,43.6563],[-79.3838,43.6557],[-79.3905,43.6545],[-79.4037,43.6517],[-79.406,43.6523],[-79.4208,43.6493],[-79.4255,43.6616],[-79.4294,43.671],[-79.422,43.6724],[-79.4014,43.6768],[-79.3912,43.6811],[-79.3928,43.685],[-79.3908,43.6868],[-79.3864,43.6877],[-79.3897,43.6897],[-79.3891,43.6931],[-79.3848,43.694],[-79.3814,43.6951],[-79.3751,43.6928],[-79.3709,43.6906],[-79.3668,43.6944],[-79.3635,43.6935],[-79.362,43.6912],[-79.3637,43.6889],[-79.3622,43.6885]]]},"properties":{"id":112,"name":"University—Rosedale"}},{"type":"Feature","geometry":{"type":"Polygon","coordinates":[[[-79.3596,43.6705],[-79.3575,43.6687],[-79.3543,43.6579],[-79.3503,43.6543],[-79.3548,43.6519],[-79.3717,43.648],[-79.3765,43.6458],[-79.3791,43.646],[-79.3815,43.6517],[-79.3838,43.6557],[-79.3809,43.6563],[-79.3831,43.6614],[-79.3858,43.6608],[-79.3889,43.6682],[-79.3799,43.67],[-79.3795,43.6718],[-79.3772,43.6732],[-79.3703,43.6727],[-79.3617,43.6702],[-79.3596,43.6705]]]},"properties":{"id":109,"name":"Toronto Centre"}},{"type":"Feature","geometry":{"type":"Polygon","coordinates":[[[-75.6962,45.3343],[-75.6997,45.3294],[-75.6982,45.3237],[-75.6962,45.3211],[-75.6962,45.3193],[-75.6985,45.3163],[-75.698,45.3141],[-75.6952,45.3079],[-75.6973,45.3047],[-75.6998,45.294],[-75.6968,45.2868],[-75.6981,45.282],[-75.701,45.2796],[-75.7022,45.2764],[-75.7009,45.2738],[-75.7025,45.2698],[-75.7055,45.2687],[-75.7051,45.2656],[-75.7064,45.2604],[-75.7052,45.2569],[-75.7059,45.2561],[-75.7061,45.2505],[-75.7052,45.2486],[-75.7028,45.2469],[-75.7031,45.2419],[-75.7017,45.2386],[-75.6995,45.2354],[-75.6951,45.2325],[-75.6917,45.2309],[-75.6897,45.2285],[-75.7347,45.2107],[-75.7881,45.1888],[-75.8093,45.1804],[-75.8186,45.1976],[-75.8393,45.2344],[-75.8439,45.2435],[-75.8508,45.2563],[-75.8579,45.2697],[-75.8524,45.2706],[-75.8353,45.2774],[-75.8377,45.2816],[-75.838,45.2843],[-75.8325,45.3014],[-75.8599,45.311],[-75.8768,45.3041],[-75.886,45.3206],[-75.838,45.34],[-75.8258,45.3425],[-75.8056,45.3456],[-75.8154,45.3309],[-75.7268,45.3395],[-75.7241,45.3348],[-75.7134,45.3394],[-75.7098,45.34],[-75.7073,45.3389],[-75.704,45.3349],[-75.7006,45.334],[-75.6962,45.3343]]]},"properties":{"id":66,"name":"Nepean"}},{"type":"Feature","geometry":{"type":"Polygon","coordinates":[[[-74.4523,45.3562],[-74.4595,45.3529],[-74.4851,45.3423],[-74.4935,45.3389],[-74.5104,45.3319],[-74.5276,45.325],[-74.562,45.3108],[-74.6208,45.287],[-74.6067,45.2699],[-74.6557,45.2491],[-74.7069,45.2263],[-74.7448,45.2091],[-74.7591,45.2029],[-74.7577,45.2012],[-74.7873,45.1886],[-74.8007,45.2058],[-74.8141,45.2224],[-74.8413,45.2552],[-74.8488,45.252],[-74.8534,45.2574],[-74.8677,45.2749],[-74.8729,45.282],[-74.8979,45.3144],[-74.9166,45.3379],[-74.9205,45.3433],[-74.9326,45.34],[-74.9953,45.3221],[-75.0169,45.3159],[-75.0078,45.3009],[-75.0022,45.2908],[-74.9941,45.2768],[-75.0427,45.2632],[-75.0574,45.2592],[-75.0834,45.2515],[-75.1149,45.2422],[-75.1369,45.2359],[-75.1623,45.2291],[-75.1723,45.2265],[-75.1923,45.2217],[-75.2012,45.2398],[-75.2326,45.2281],[-75.2627,45.2168],[-75.2999,45.2027],[-75.3532,45.1821],[-75.3644,45.1995],[-75.3674,45.2045],[-75.3794,45.2248],[-75.4025,45.2654],[-75.4116,45.2834],[-75.4259,45.3125],[-75.434,45.3281],[-75.4176,45.3325],[-75.4257,45.3481],[-75.4304,45.3565],[-75.4399,45.3741],[-75.4557,45.4041],[-75.4585,45.4092],[-75.473,45.4351],[-75.4567,45.4401],[-75.4489,45.4422],[-75.449,45.4451],[-75.4245,45.4515],[-75.4331,45.4669],[-75.4357,45.4712],[-75.4396,45.4719],[-75.4419,45.4737],[-75.4375,45.4746],[-75.4496,45.4958],[-75.4521,45.4972],[-75.4654,45.5169],[-75.4607,45.5185],[-75.4506,45.52],[-75.4332,45.521],[-75.4226,45.5205],[-75.4137,45.5226],[-75.4011,45.5236],[-75.3916,45.5245],[-75.3856,45.5265],[-75.3649,45.5304],[-75.351,45.534],[-75.3447,45.5359],[-75.3415,45.5377],[-75.325,45.5429],[-75.3179,45.5455],[-75.3118,45.5484],[-75.3069,45.5511],[-75.304,45.5535],[-75.3006,45.5578],[-75.2976,45.5598],[-75.2878,45.5644],[-75.2439,45.5849],[-75.2397,45.5861],[-75.2322,45.5872],[-75.2196,45.5875],[-75.2067,45.587],[-75.1983,45.5854],[-75.1926,45.5835],[-75.1863,45.5805],[-75.1804,45.5783],[-75.1746,45.5771],[-75.1707,45.5769],[-75.1606,45.5787],[-75.1534,45.5794],[-75.1484,45.5795],[-75.139,45.5782],[-75.1348,45.5769],[-75.1258,45.5761],[-75.1175,45.5767],[-75.1099,45.5788],[-75.1052,45.5808],[-75.0984,45.5827],[-75.0855,45.5879],[-75.083,45.5891],[-75.078,45.5904],[-75.0693,45.591],[-75.0522,45.5915],[-75.0433,45.5925],[-75.0398,45.5935],[-75.0307,45.5956],[-75.0181,45.5993],[-75.0138,45.6013],[-75.0082,45.6025],[-74.9997,45.6058],[-74.9927,45.6093],[-74.9865,45.6134],[-74.9838,45.6162],[-74.9798,45.6187],[-74.9727,45.6244],[-74.9626,45.6294],[-74.9494,45.6406],[-74.941,45.6457],[-74.9365,45.6462],[-74.9264,45.6465],[-74.915,45.645],[-74.9106,45.645],[-74.8969,45.6439],[-74.8899,45.6437],[-74.8856,45.6431],[-74.8722,45.6417],[-74.8534,45.6382],[-74.8416,45.6365],[-74.8335,45.6367],[-74.8313,45.6373],[-74.8258,45.6373],[-74.8099,45.6382],[-74.8051,45.6392],[-74.7932,45.6391],[-74.7788,45.6382],[-74.7717,45.6372],[-74.7695,45.6365],[-74.7572,45.6343],[-74.7408,45.6306],[-74.7301,45.6285],[-74.7239,45.6281],[-74.7175,45.6285],[-74.6989,45.6305],[-74.6911,45.6311],[-74.6691,45.6335],[-74.6583,45.635],[-74.651,45.6373],[-74.6449,45.6384],[-74.6411,45.6385],[-74.6349,45.6377],[-74.6299,45.6362],[-74.6256,45.6344],[-74.621,45.6311],[-74.6148,45.6251],[-74.6103,45.6233],[-74.6056,45.6221],[-74.601,45.6186],[-74.5891,45.6144],[-74.5722,45.6092],[-74.5596,45.6047],[-74.5508,45.6013],[-74.5414,45.5972],[-74.5332,45.594],[-74.5285,45.5924],[-74.5234,45.5915],[-74.515,45.5916],[-74.5043,45.5925],[-74.4912,45.595],[-74.4843,45.5957],[-74.478,45.5951],[-74.4696,45.5927],[-74.4632,45.5899],[-74.4599,45.5879],[-74.4541,45.5837],[-74.4482,45.5788],[-74.4442,45.5767],[-74.4394,45.5748],[-74.4305,45.5727],[-74.4247,45.573],[-74.4137,45.5725],[-74.4054,45.5716],[-74.3884,45.5687],[-74.3845,45.5676],[-74.3812,45.5655],[-74.3838,45.5572],[-74.3884,45.5408],[-74.3884,45.54],[-74.3945,45.5212],[-74.4006,45.5015],[-74.407,45.482],[-74.4203,45.443],[-74.4274,45.4239],[-74.4346,45.404],[-74.445,45.3761],[-74.4523,45.3562]]]},"properties":{"id":32,"name":"Glengarry—Prescott—Russell"}},{"type":"Feature","geometry":{"type":"Polygon","coordinates":[[[-79.8681,43.3528],[-79.86,43.347],[-79.8612,43.3418],[-79.8662,43.3372],[-79.8714,43.3331],[-79.8738,43.3306],[-79.8761,43.3293],[-79.8812,43.3282],[-79.8842,43.3293],[-79.9003,43.3173],[-79.9125,43.3085],[-79.8917,43.2933],[-79.8955,43.2906],[-79.897,43.2882],[-79.9005,43.2882],[-79.9135,43.2861],[-79.9166,43.286],[-79.927,43.2864],[-79.9314,43.2856],[-79.9335,43.2845],[-79.9421,43.279],[-79.9511,43.2755],[-79.9543,43.2748],[-79.9643,43.2733],[-79.9707,43.2734],[-79.9744,43.2728],[-80.0232,43.2549],[-80.0279,43.2532],[-80.041,43.2476],[-80.0432,43.2469],[-80.053,43.2452],[-80.0566,43.2449],[-80.0538,43.2353],[-80.0541,43.2332],[-80.0559,43.23],[-80.0558,43.2279],[-80.0545,43.2264],[-80.0509,43.2239],[-80.0492,43.2218],[-80.0474,43.2155],[-80.0471,43.2099],[-80.0464,43.2065],[-80.0417,43.191],[-80.0404,43.1887],[-80.0386,43.183],[-80.0246,43.1854],[-79.9629,43.1957],[-79.9557,43.1973],[-79.9381,43.2029],[-79.9314,43.2047],[-79.9301,43.2045],[-79.9286,43.208],[-79.9289,43.2103],[-79.9255,43.2102],[-79.9123,43.2071],[-79.8971,43.2035],[-79.8507,43.192],[-79.8255,43.1861],[-79.8234,43.1904],[-79.8237,43.1939],[-79.8218,43.199],[-79.815,43.2024],[-79.8104,43.2034],[-79.8084,43.203],[-79.8049,43.2041],[-79.8002,43.2039],[-79.7972,43.2051],[-79.7907,43.2052],[-79.7871,43.206],[-79.778,43.2095],[-79.7631,43.2111],[-79.7474,43.2124],[-79.7384,43.212],[-79.7275,43.209],[-79.7194,43.2072],[-79.6954,43.2036],[-79.6906,43.2033],[-79.6903,43.2042],[-79.6818,43.2039],[-79.6751,43.203],[-79.6719,43.2013],[-79.6683,43.2014],[-79.6611,43.2008],[-79.6508,43.198],[-79.6462,43.1955],[-79.6382,43.195],[-79.6356,43.1953],[-79.6497,43.163],[-79.6583,43.144],[-79.6833,43.1498],[-79.6917,43.1518],[-79.7098,43.1558],[-79.7239,43.1224],[-79.7417,43.08],[-79.7514,43.0563],[-79.7541,43.0505],[-79.7719,43.0566],[-79.8036,43.0678],[-79.8321,43.0778],[-79.8506,43.0845],[-79.8881,43.0978],[-79.9007,43.1022],[-79.9327,43.1137],[-79.9643,43.1248],[-79.9843,43.132],[-80.0217,43.1455],[-80.0335,43.1497],[-80.0566,43.1583],[-80.0916,43.1712],[-80.1027,43.1751],[-80.1348,43.1866],[-80.1647,43.1972],[-80.1817,43.2035],[-80.2006,43.2107],[-80.2084,43.2295],[-80.222,43.2641],[-80.2274,43.2785],[-80.2324,43.2913],[-80.2437,43.3205],[-80.2486,43.3335],[-80.2333,43.3361],[-80.2185,43.3384],[-80.1893,43.3435],[-80.1924,43.3524],[-80.1981,43.3703],[-80.1975,43.3704],[-80.1999,43.3793],[-80.2028,43.3882],[-80.2034,43.3881],[-80.2064,43.3972],[-80.1768,43.402],[-80.1434,43.4075],[-80.1083,43.4134],[-80.0786,43.4181],[-80.0838,43.4351],[-80.0713,43.4439],[-80.0338,43.4707],[-80.0302,43.4682],[-79.9758,43.4289],[-79.9478,43.4092],[-79.9387,43.4027],[-79.9129,43.3848],[-79.8681,43.3528]]]},"properties":{"id":31,"name":"Flamborough—Glanbrook"}},{"type":"Feature","geometry":{"type":"Polygon","coordinates":[[[-79.1178,42.7604],[-79.1174,42.7901],[-79.1167,42.8261],[-79.1163,42.8519],[-79.1163,42.8642],[-79.116,42.8835],[-79.1156,42.9005],[-79.1155,42.925],[-79.1152,42.9491],[-79.1152,42.9596],[-79.1671,42.9596],[-79.1672,42.9623],[-79.1686,42.9623],[-79.1689,42.9772],[-79.1698,43.0032],[-79.1694,43.0074],[-79.1695,43.0127],[-79.1688,43.0127],[-79.169,43.0416],[-79.1686,43.0415],[-79.1687,43.0588],[-79.175,43.0589],[-79.1752,43.0806],[-79.1753,43.1043],[-79.176,43.1203],[-79.1763,43.1327],[-79.1768,43.1408],[-79.1778,43.1404],[-79.1782,43.1499],[-79.1922,43.1449],[-79.1923,43.1453],[-79.1931,43.1541],[-79.1943,43.1602],[-79.1949,43.1658],[-79.1961,43.1733],[-79.1958,43.1751],[-79.1964,43.181],[-79.1973,43.1852],[-79.1985,43.1885],[-79.2005,43.1912],[-79.2014,43.2085],[-79.2026,43.23],[-79.192,43.2328],[-79.1742,43.241],[-79.152,43.2499],[-79.1394,43.2578],[-79.1281,43.2605],[-79.1222,43.2592],[-79.1121,43.259],[-79.0993,43.2621],[-79.0893,43.2649],[-79.0724,43.2653],[-79.0704,43.2624],[-79.0563,43.2549],[-79.055,43.2527],[-79.0547,43.2466],[-79.0558,43.2391],[-79.0531,43.2235],[-79.0564,43.2108],[-79.0562,43.2098],[-79.0492,43.2008],[-79.049,43.1991],[-79.0527,43.1841],[-79.0533,43.1739],[-79.0511,43.1676],[-79.0467,43.1624],[-79.0442,43.1519],[-79.0427,43.1483],[-79.0425,43.1435],[-79.0431,43.1392],[-79.0495,43.1352],[-79.0555,43.1282],[-79.0571,43.127],[-79.061,43.1258],[-79.0696,43.1204],[-79.0625,43.1158],[-79.0601,43.1137],[-79.0583,43.1093],[-79.0582,43.1068],[-79.0595,43.1046],[-79.0638,43.0955],[-79.0662,43.0913],[-79.0702,43.0881],[-79.0754,43.0816],[-79.0741,43.0779],[-79.0577,43.0748],[-79.0347,43.0708],[-79.0074,43.0657],[-79.0001,43.0561],[-79.0053,43.0474],[-79.0118,43.0292],[-79.0234,43.0163],[-79.0203,42.9948],[-79.012,42.9853],[-78.9751,42.9688],[-78.962,42.9579],[-78.933,42.9562],[-78.9196,42.9472],[-78.9099,42.9336],[-78.909,42.9304],[-78.9079,42.9298],[-78.9059,42.9238],[-78.9061,42.9002],[-78.9189,42.8736],[-78.9255,42.8541],[-78.9354,42.8284],[-78.9694,42.8155],[-79.0064,42.802],[-79.0436,42.7881],[-79.0533,42.7844],[-79.0807,42.7741],[-79.0889,42.7712],[-79.1178,42.7604]]]},"properties":{"id":69,"name":"Niagara Falls"}},{"type":"Feature","geometry":{"type":"Polygon","coordinates":[[[-79.1178,42.7604],[-79.1416,42.7513],[-79.1669,42.7529],[-79.1717,42.7535],[-79.1852,42.7521],[-79.2346,42.7543],[-79.2616,42.7541],[-79.2786,42.7527],[-79.2791,42.7746],[-79.2794,42.8106],[-79.28,42.8402],[-79.2802,42.8719],[-79.2812,42.9324],[-79.2817,42.972],[-79.2856,42.9703],[-79.2906,42.9666],[-79.2906,42.9976],[-79.29,42.9976],[-79.2901,43.0067],[-79.2906,43.0067],[-79.2905,43.0174],[-79.2803,43.0175],[-79.2801,43.0268],[-79.2674,43.0267],[-79.2675,43.0406],[-79.2679,43.0541],[-79.2721,43.0525],[-79.2751,43.0521],[-79.2794,43.0528],[-79.2817,43.054],[-79.2857,43.0589],[-79.2864,43.0821],[-79.2867,43.0872],[-79.2868,43.0964],[-79.2872,43.1086],[-79.2746,43.1088],[-79.2758,43.1424],[-79.2627,43.1438],[-79.2599,43.145],[-79.2505,43.1484],[-79.2445,43.1515],[-79.2438,43.1488],[-79.2457,43.144],[-79.2445,43.1409],[-79.247,43.1395],[-79.2475,43.1364],[-79.2487,43.135],[-79.2478,43.1338],[-79.2427,43.1349],[-79.2329,43.1338],[-79.2285,43.1321],[-79.2271,43.1322],[-79.2181,43.1356],[-79.2143,43.1364],[-79.213,43.1374],[-79.1945,43.1441],[-79.1923,43.1453],[-79.1922,43.1449],[-79.1782,43.1499],[-79.1778,43.1404],[-79.1768,43.1408],[-79.1763,43.1327],[-79.176,43.1203],[-79.1753,43.1043],[-79.1752,43.0806],[-79.175,43.0589],[-79.1687,43.0588],[-79.1686,43.0415],[-79.169,43.0416],[-79.1688,43.0127],[-79.1695,43.0127],[-79.1694,43.0074],[-79.1698,43.0032],[-79.1689,42.9772],[-79.1686,42.9623],[-79.1672,42.9623],[-79.1671,42.9596],[-79.1152,42.9596],[-79.1152,42.9491],[-79.1155,42.925],[-79.1156,42.9005],[-79.116,42.8835],[-79.1163,42.8642],[-79.1163,42.8519],[-79.1167,42.8261],[-79.1174,42.7901],[-79.1178,42.7604]]]},"properties":{"id":68,"name":"Niagara Centre"}},{"type":"Feature","geometry":{"type":"Polygon","coordinates":[[[-79.9843,43.132],[-80.0034,43.0893],[-80.0008,43.0877],[-79.9913,43.0869],[-79.9821,43.0819],[-79.9764,43.0797],[-79.9767,43.0789],[-79.988,43.0621],[-80.0076,43.0324],[-79.9935,43.0272],[-79.9969,43.0244],[-80.01,43.0292],[-80.0211,43.0126],[-80.0321,42.9957],[-80.0434,42.9793],[-80.0367,42.9768],[-80.039,42.9736],[-80.0457,42.9761],[-80.0524,42.9664],[-80.0555,42.9634],[-80.1078,42.9826],[-80.1663,43.0042],[-80.1888,43.0125],[-80.2385,43.0304],[-80.2437,43.0321],[-80.2632,43.0291],[-80.2867,43.0256],[-80.3068,43.0227],[-80.3705,43.0133],[-80.3698,43.0116],[-80.4139,43.005],[-80.4182,43.0163],[-80.4176,43.0164],[-80.422,43.028],[-80.4227,43.0279],[-80.4272,43.04],[-80.4275,43.042],[-80.4314,43.0521],[-80.4295,43.0524],[-80.4341,43.0645],[-80.4362,43.0642],[-80.4408,43.0763],[-80.4454,43.0879],[-80.4447,43.088],[-80.4503,43.1013],[-80.452,43.1014],[-80.4559,43.1121],[-80.4561,43.1132],[-80.4601,43.1238],[-80.4614,43.1239],[-80.4659,43.1356],[-80.4663,43.1359],[-80.4705,43.1468],[-80.4707,43.1491],[-80.475,43.1594],[-80.4804,43.172],[-80.4639,43.1748],[-80.4365,43.1794],[-80.4459,43.2023],[-80.4549,43.2248],[-80.4409,43.2273],[-80.3832,43.2371],[-80.3558,43.2419],[-80.3434,43.2437],[-80.3182,43.2481],[-80.3154,43.2503],[-80.3092,43.2505],[-80.3072,43.25],[-80.2585,43.2581],[-80.2462,43.2602],[-80.222,43.2641],[-80.2084,43.2295],[-80.2006,43.2107],[-80.1817,43.2035],[-80.1647,43.1972],[-80.1348,43.1866],[-80.1027,43.1751],[-80.0916,43.1712],[-80.0566,43.1583],[-80.0335,43.1497],[-80.0217,43.1455],[-79.9843,43.132]]]},"properties":{"id":13,"name":"Brantford—Brant"}},{"type":"Feature","geometry":{"type":"Polygon","coordinates":[[[-80.2064,43.3972],[-80.2034,43.3881],[-80.2028,43.3882],[-80.1999,43.3793],[-80.1975,43.3704],[-80.1981,43.3703],[-80.1924,43.3524],[-80.1893,43.3435],[-80.2185,43.3384],[-80.2333,43.3361],[-80.2486,43.3335],[-80.2437,43.3205],[-80.2324,43.2913],[-80.2274,43.2785],[-80.222,43.2641],[-80.2462,43.2602],[-80.2585,43.2581],[-80.3072,43.25],[-80.3092,43.2505],[-80.3154,43.2503],[-80.3182,43.2481],[-80.3434,43.2437],[-80.3558,43.2419],[-80.3832,43.2371],[-80.4409,43.2273],[-80.4549,43.2248],[-80.4571,43.2301],[-80.4796,43.2871],[-80.4993,43.3373],[-80.5036,43.3481],[-80.5059,43.3538],[-80.4814,43.358],[-80.4529,43.363],[-80.4137,43.3698],[-80.4049,43.3855],[-80.4023,43.3884],[-80.3988,43.3909],[-80.3768,43.4031],[-80.368,43.4066],[-80.358,43.4124],[-80.3556,43.4132],[-80.3502,43.4136],[-80.3327,43.4139],[-80.3095,43.4147],[-80.3,43.4154],[-80.2877,43.419],[-80.2832,43.4208],[-80.2794,43.4119],[-80.2694,43.387],[-80.243,43.3913],[-80.2064,43.3972]]]},"properties":{"id":16,"name":"Cambridge"}},{"type":"Feature","geometry":{"type":"Polygon","coordinates":[[[-79.6972,43.5868],[-79.6852,43.5779],[-79.6879,43.5752],[-79.6935,43.5706],[-79.7067,43.5588],[-79.7198,43.5685],[-79.7231,43.5701],[-79.7283,43.5738],[-79.7301,43.576],[-79.7333,43.5785],[-79.7442,43.5687],[-79.7493,43.5644],[-79.7626,43.5524],[-79.775,43.5608],[-79.801,43.5793],[-79.8079,43.5847],[-79.8099,43.5889],[-79.8024,43.5953],[-79.7979,43.598],[-79.7938,43.5994],[-79.7879,43.6003],[-79.7899,43.6018],[-79.7781,43.6094],[-79.761,43.6146],[-79.7545,43.6204],[-79.7338,43.6394],[-79.7329,43.6399],[-79.725,43.6356],[-79.7232,43.6342],[-79.7212,43.631],[-79.7078,43.6207],[-79.7291,43.6123],[-79.7276,43.6107],[-79.7209,43.6071],[-79.7184,43.6093],[-79.7148,43.6097],[-79.7124,43.6078],[-79.715,43.6048],[-79.7181,43.6035],[-79.718,43.6021],[-79.6972,43.5868]]]},"properties":{"id":65,"name":"Mississauga—Streetsville"}},{"type":"Feature","geometry":{"type":"Polygon","coordinates":[[[-79.7129,43.651],[-79.7329,43.6399],[-79.7338,43.6394],[-79.7545,43.6204],[-79.761,43.6146],[-79.7781,43.6094],[-79.7899,43.6018],[-79.8246,43.6273],[-79.8176,43.6333],[-79.8091,43.641],[-79.8076,43.6418],[-79.8031,43.6424],[-79.799,43.6444],[-79.801,43.6459],[-79.8016,43.6481],[-79.7976,43.6519],[-79.7786,43.6691],[-79.7707,43.6761],[-79.7873,43.6884],[-79.7817,43.6933],[-79.78,43.6962],[-79.7773,43.6988],[-79.7694,43.6929],[-79.7588,43.7026],[-79.7227,43.6756],[-79.7332,43.666],[-79.7129,43.651]]]},"properties":{"id":11,"name":"Brampton South"}},{"type":"Feature","geometry":{"type":"Polygon","coordinates":[[[-79.1703,43.8554],[-79.2045,43.8472],[-79.2277,43.8421],[-79.2294,43.8442],[-79.2313,43.8449],[-79.2311,43.8498],[-79.2355,43.8517],[-79.2339,43.8545],[-79.232,43.8557],[-79.2318,43.8578],[-79.2346,43.859],[-79.2401,43.8596],[-79.242,43.8591],[-79.2456,43.8612],[-79.2457,43.8637],[-79.2488,43.8638],[-79.2519,43.8657],[-79.2581,43.8633],[-79.2662,43.8599],[-79.2741,43.8578],[-79.2818,43.8564],[-79.2851,43.8694],[-79.2889,43.8852],[-79.2863,43.8862],[-79.2675,43.8906],[-79.2641,43.892],[-79.2672,43.9052],[-79.2683,43.9111],[-79.2745,43.9358],[-79.2775,43.9429],[-79.2781,43.9495],[-79.3029,43.9438],[-79.3028,43.9433],[-79.3289,43.9374],[-79.329,43.9376],[-79.3532,43.932],[-79.353,43.9313],[-79.3771,43.9257],[-79.3896,43.923],[-79.3903,43.9288],[-79.3892,43.9378],[-79.3896,43.9408],[-79.3918,43.9494],[-79.3925,43.9544],[-79.3931,43.9677],[-79.3923,43.9737],[-79.3926,43.9777],[-79.3944,43.9848],[-79.3957,43.9938],[-79.3976,43.9985],[-79.4025,44.0035],[-79.4051,44.0077],[-79.4065,44.0138],[-79.4098,44.0298],[-79.4111,44.0347],[-79.4156,44.0474],[-79.417,44.0524],[-79.4202,44.0684],[-79.4075,44.0711],[-79.3831,44.0768],[-79.31,44.0934],[-79.2762,44.1013],[-79.2653,44.0767],[-79.2528,44.0477],[-79.2424,44.0236],[-79.2346,44.0059],[-79.2248,43.9832],[-79.2211,43.9742],[-79.219,43.9672],[-79.214,43.9523],[-79.2067,43.9364],[-79.1984,43.9177],[-79.1823,43.8832],[-79.1703,43.8554]]]},"properties":{"id":56,"name":"Markham—Stouffville"}},{"type":"Feature","geometry":{"type":"Polygon","coordinates":[[[-79.8157,43.2292],[-79.8157,43.2255],[-79.8165,43.2203],[-79.8161,43.2153],[-79.8149,43.2102],[-79.8152,43.207],[-79.815,43.2024],[-79.8218,43.199],[-79.8237,43.1939],[-79.8234,43.1904],[-79.8255,43.1861],[-79.8507,43.192],[-79.8971,43.2035],[-79.9123,43.2071],[-79.9051,43.2236],[-79.8906,43.22],[-79.8806,43.2438],[-79.8788,43.2452],[-79.8731,43.2451],[-79.8644,43.2454],[-79.856,43.2441],[-79.8439,43.2407],[-79.8402,43.2399],[-79.8329,43.2371],[-79.8275,43.2335],[-79.8212,43.2307],[-79.8157,43.2292]]]},"properties":{"id":38,"name":"Hamilton Mountain"}},{"type":"Feature","geometry":{"type":"Polygon","coordinates":[[[-79.7966,43.299],[-79.8125,43.2603],[-79.8025,43.2578],[-79.8099,43.2405],[-79.8137,43.2313],[-79.8157,43.2292],[-79.8212,43.2307],[-79.8275,43.2335],[-79.8329,43.2371],[-79.8402,43.2399],[-79.8439,43.2407],[-79.856,43.2441],[-79.8644,43.2454],[-79.8731,43.2451],[-79.8788,43.2452],[-79.8825,43.2449],[-79.8857,43.2435],[-79.8878,43.2441],[-79.8908,43.2435],[-79.8956,43.245],[-79.8997,43.2445],[-79.911,43.2455],[-79.9142,43.2453],[-79.9192,43.2459],[-79.9317,43.2456],[-79.9318,43.2465],[-79.9212,43.248],[-79.9171,43.2501],[-79.9152,43.2523],[-79.9121,43.2541],[-79.9083,43.255],[-79.9014,43.2581],[-79.8967,43.2592],[-79.8942,43.2605],[-79.8933,43.2629],[-79.8926,43.2705],[-79.893,43.2761],[-79.8923,43.2795],[-79.8896,43.2798],[-79.87,43.2798],[-79.8662,43.2887],[-79.8581,43.294],[-79.8548,43.2966],[-79.8465,43.3005],[-79.8435,43.3025],[-79.8392,43.3039],[-79.8317,43.3073],[-79.829,43.307],[-79.8252,43.3091],[-79.82,43.3112],[-79.8154,43.3125],[-79.8032,43.2957],[-79.7966,43.299]]]},"properties":{"id":36,"name":"Hamilton Centre"}},{"type":"Feature","geometry":{"type":"Polygon","coordinates":[[[-79.6203,43.2301],[-79.6316,43.2046],[-79.6356,43.1953],[-79.6382,43.195],[-79.6462,43.1955],[-79.6508,43.198],[-79.6611,43.2008],[-79.6683,43.2014],[-79.6719,43.2013],[-79.6751,43.203],[-79.6818,43.2039],[-79.6903,43.2042],[-79.6906,43.2033],[-79.6954,43.2036],[-79.7194,43.2072],[-79.7275,43.209],[-79.7384,43.212],[-79.7474,43.2124],[-79.7631,43.2111],[-79.778,43.2095],[-79.7871,43.206],[-79.7907,43.2052],[-79.7972,43.2051],[-79.8002,43.2039],[-79.8049,43.2041],[-79.8084,43.203],[-79.8104,43.2034],[-79.815,43.2024],[-79.8152,43.207],[-79.8149,43.2102],[-79.8161,43.2153],[-79.8165,43.2203],[-79.8157,43.2255],[-79.8157,43.2292],[-79.8137,43.2313],[-79.8099,43.2405],[-79.8025,43.2578],[-79.8125,43.2603],[-79.7966,43.299],[-79.7929,43.3009],[-79.7802,43.2804],[-79.7767,43.2753],[-79.7403,43.25],[-79.7293,43.2469],[-79.7234,43.2449],[-79.7132,43.2398],[-79.7078,43.2382],[-79.7021,43.2378],[-79.6954,43.238],[-79.6893,43.2376],[-79.6774,43.2352],[-79.6636,43.2277],[-79.6538,43.2258],[-79.643,43.2289],[-79.6315,43.231],[-79.6203,43.2301]]]},"properties":{"id":37,"name":"Hamilton East—Stoney Creek"}},{"type":"Feature","geometry":{"type":"Polygon","coordinates":[[[-81.7264,48.2771],[-81.5964,48.2773],[-81.5964,48.2783],[-81.4658,48.2776],[-81.3582,48.2772],[-81.3356,48.2771],[-81.2706,48.2771],[-81.2044,48.2769],[-81.1829,48.2768],[-81.0746,48.2765],[-81.0742,48.1931],[-81.0743,48.1472],[-81.0744,48.1033],[-81.0742,48.0167],[-81.0743,47.9733],[-81.0744,47.9297],[-81.0744,47.872],[-81.0744,47.785],[-81.0744,47.7531],[-81.0745,47.6669],[-81.0742,47.6242],[-81.0738,47.5677],[-81.0733,47.4953],[-81.0738,47.4083],[-81.0743,47.3212],[-81.0744,47.2785],[-81.0745,47.2351],[-81.0747,47.1627],[-81.0746,47.1193],[-81.0746,47.0468],[-81.0746,47.0179],[-81.0746,46.9452],[-81.0744,46.888],[-80.9487,46.8875],[-80.9482,46.8319],[-80.9477,46.8158],[-80.9334,46.8157],[-80.933,46.8017],[-80.9225,46.8017],[-80.9047,46.8013],[-80.8804,46.8009],[-80.8595,46.8002],[-80.8385,46.7999],[-80.8175,46.7995],[-80.8174,46.7836],[-80.8044,46.7753],[-80.8059,46.7738],[-80.8131,46.7699],[-80.8232,46.7612],[-80.8263,46.7601],[-80.8287,46.7578],[-80.831,46.7538],[-80.8187,46.746],[-80.8184,46.7225],[-80.8166,46.7239],[-80.8113,46.7264],[-80.8042,46.729],[-80.7954,46.7279],[-80.7893,46.7252],[-80.7847,46.7173],[-80.7802,46.7125],[-80.7812,46.7078],[-80.7799,46.7003],[-80.7799,46.6944],[-80.7761,46.6956],[-80.7708,46.6905],[-80.768,46.6743],[-80.765,46.6686],[-80.7668,46.663],[-80.7643,46.6637],[-80.7636,46.6703],[-80.7547,46.676],[-80.7524,46.6825],[-80.7494,46.6878],[-80.741,46.692],[-80.7283,46.6948],[-80.7221,46.6952],[-80.7111,46.6921],[-80.7037,46.6909],[-80.6957,46.6882],[-80.6929,46.6877],[-80.693,46.6489],[-80.693,46.6294],[-80.6928,46.5859],[-80.6927,46.537],[-80.6929,46.5221],[-80.6929,46.5078],[-80.6926,46.4663],[-80.6926,46.4499],[-80.6929,46.42],[-80.6927,46.4104],[-80.6928,46.3809],[-80.6926,46.3625],[-80.6612,46.3624],[-80.6102,46.3622],[-80.5668,46.3622],[-80.5677,46.3316],[-80.5686,46.3069],[-80.569,46.295],[-80.5685,46.2698],[-80.5683,46.2482],[-80.5679,46.2309],[-80.5679,46.22],[-80.5676,46.2054],[-80.5672,46.1909],[-80.564,46.1909],[-80.5639,46.1481],[-80.564,46.1046],[-80.5656,46.1025],[-80.5688,46.1007],[-80.5711,46.0977],[-80.5718,46.0936],[-80.5699,46.0872],[-80.5672,46.0833],[-80.5682,46.0811],[-80.5703,46.0799],[-80.5709,46.078],[-80.5691,46.0749],[-80.5633,46.0698],[-80.5605,46.0658],[-80.5611,46.0639],[-80.5631,46.0632],[-80.5707,46.0632],[-80.5749,46.061],[-80.5718,46.0586],[-80.5712,46.0528],[-80.5688,46.0492],[-80.5718,46.0461],[-80.5722,46.0433],[-80.5696,46.0398],[-80.5622,46.031],[-80.5542,46.0247],[-80.5525,46.0226],[-80.5525,46.02],[-80.555,46.0223],[-80.5594,46.0214],[-80.5607,46.0199],[-80.565,46.0186],[-80.5683,46.0187],[-80.5724,46.0215],[-80.5734,46.0197],[-80.5829,46.0181],[-80.5668,45.9996],[-80.5665,45.9967],[-80.5717,45.98],[-80.5774,45.9695],[-80.5791,45.9656],[-80.5836,45.9331],[-80.5828,45.9296],[-80.578,45.9234],[-80.5736,45.9162],[-80.573,45.9132],[-80.5736,45.9114],[-80.5691,45.9097],[-80.5586,45.9021],[-80.5495,45.8989],[-80.5464,45.8967],[-80.5413,45.8941],[-80.542,45.8933],[-80.5526,45.8935],[-80.5588,45.8924],[-80.5641,45.8936],[-80.5663,45.8932],[-80.5711,45.8932],[-80.5729,45.8922],[-80.5755,45.8927],[-80.5832,45.8926],[-80.5864,45.8921],[-80.5912,45.8926],[-80.5933,45.8914],[-80.5995,45.8916],[-80.604,45.8909],[-80.6062,45.8919],[-80.6139,45.8911],[-80.6154,45.8903],[-80.6253,45.8891],[-80.6306,45.8883],[-80.6348,45.8886],[-80.637,45.8897],[-80.6432,45.89],[-80.6465,45.8894],[-80.6549,45.889],[-80.6647,45.8901],[-80.6693,45.8901],[-80.6743,45.8895],[-80.6771,45.8885],[-80.6837,45.889],[-80.6856,45.8876],[-80.6955,45.8868],[-80.6939,45.8733],[-80.7371,45.8733],[-80.8553,45.8737],[-80.9781,45.8739],[-81.0756,45.8739],[-81.0758,45.8879],[-81.0769,45.9402],[-81.0768,45.9883],[-81.0769,46.0462],[-81.0769,46.1045],[-81.1292,46.1036],[-81.1809,46.1035],[-81.1811,46.1148],[-81.2229,46.1147],[-81.2644,46.1144],[-81.306,46.1127],[-81.3774,46.1101],[-81.5043,46.1054],[-81.5174,46.1053],[-81.5672,46.1036],[-81.5674,46.1913],[-81.5672,46.2071],[-81.5667,46.22],[-81.5667,46.2416],[-81.5663,46.2654],[-81.5663,46.2793],[-81.5669,46.3179],[-81.5669,46.3518],[-81.5667,46.3662],[-81.5981,46.366],[-81.5984,46.3807],[-81.5984,46.3952],[-81.5674,46.3951],[-81.5688,46.4531],[-81.5688,46.4646],[-81.5693,46.5114],[-81.5693,46.5244],[-81.5696,46.5401],[-81.5696,46.5863],[-81.5682,46.6272],[-81.5831,46.6274],[-81.6521,46.6274],[-81.6773,46.6274],[-81.7302,46.6272],[-81.8195,46.6268],[-81.9455,46.6253],[-81.946,46.7159],[-81.9465,46.8024],[-81.9468,46.8884],[-81.9461,46.9755],[-81.9462,46.9766],[-81.9596,46.9766],[-82.0878,46.977],[-82.2155,46.9768],[-82.3421,46.976],[-82.4705,46.9765],[-82.5787,46.9765],[-82.5791,47.0625],[-82.579,47.1499],[-82.5786,47.2348],[-82.5787,47.2869],[-82.5788,47.3568],[-82.5789,47.41],[-82.5785,47.4973],[-82.5999,47.4975],[-82.5998,47.5838],[-82.6,47.671],[-82.6004,47.7583],[-82.5999,47.8433],[-82.5998,47.8452],[-82.6008,47.9306],[-82.6007,48.0165],[-82.6006,48.0606],[-82.6006,48.1041],[-82.6006,48.1908],[-82.6006,48.2771],[-82.6006,48.3459],[-82.6007,48.4504],[-82.537,48.4504],[-82.4442,48.4504],[-82.4083,48.4504],[-82.2488,48.4504],[-82.1709,48.4504],[-82.0527,48.4504],[-81.9668,48.4506],[-81.857,48.4507],[-81.8569,48.3639],[-81.857,48.321],[-81.857,48.2774],[-81.7264,48.2771]],[[-80.9853,46.5371],[-80.9856,46.5441],[-80.9959,46.5441],[-80.9957,46.5403],[-81.0061,46.5403],[-81.0059,46.5367],[-81.0266,46.5367],[-81.0478,46.5366],[-81.0688,46.5368],[-81.0689,46.5223],[-81.0694,46.5079],[-81.0701,46.4804],[-81.0768,46.4802],[-81.0777,46.4589],[-81.0848,46.4588],[-81.085,46.4521],[-81.0743,46.4521],[-81.0727,46.4498],[-81.0462,46.4499],[-81.004,46.4497],[-81.0031,46.4515],[-80.9979,46.4505],[-80.9941,46.4492],[-80.9886,46.4461],[-80.9862,46.4439],[-80.9843,46.4407],[-80.9816,46.4384],[-80.9761,46.4361],[-80.9677,46.4358],[-80.9302,46.4318],[-80.9137,46.4319],[-80.9062,46.4327],[-80.9022,46.432],[-80.8995,46.4302],[-80.8959,46.4288],[-80.885,46.4275],[-80.8804,46.4264],[-80.8799,46.4499],[-80.8814,46.4499],[-80.8812,46.4644],[-80.8813,46.5368],[-80.9086,46.5371],[-80.9233,46.5373],[-80.9439,46.5372],[-80.9853,46.5368],[-80.9853,46.5371]]]},"properties":{"id":71,"name":"Nickel Belt"}},{"type":"Feature","geometry":{"type":"Polygon","coordinates":[[[-84.2296,46.5296],[-84.2546,46.5007],[-84.2655,46.4944],[-84.2763,46.4929],[-84.2937,46.4929],[-84.3252,46.4998],[-84.3419,46.5075],[-84.3739,46.5092],[-84.3956,46.4987],[-84.4211,46.5006],[-84.4451,46.489],[-84.4549,46.4773],[-84.4659,46.4644],[-84.4759,46.4532],[-84.5566,46.4609],[-84.6269,46.5203],[-84.558,46.5204],[-84.4656,46.5204],[-84.4671,46.5497],[-84.4701,46.6076],[-84.4491,46.6081],[-84.4282,46.6085],[-84.4175,46.6088],[-84.3646,46.6097],[-84.2989,46.6111],[-84.2603,46.6115],[-84.2295,46.6123],[-84.2296,46.5958],[-84.2406,46.5956],[-84.2518,46.5832],[-84.2562,46.5786],[-84.2546,46.5781],[-84.2544,46.5753],[-84.2592,46.5754],[-84.2684,46.5653],[-84.2668,46.5639],[-84.2661,46.5618],[-84.2684,46.5619],[-84.2694,46.5559],[-84.2709,46.5562],[-84.2709,46.5324],[-84.2696,46.5324],[-84.2695,46.5276],[-84.2665,46.5257],[-84.2441,46.5355],[-84.2468,46.5366],[-84.2468,46.5494],[-84.2443,46.5496],[-84.2427,46.551],[-84.2396,46.5514],[-84.2392,46.5551],[-84.2335,46.5564],[-84.2298,46.5568],[-84.2296,46.5296]]]},"properties":{"id":92,"name":"Sault Ste. Marie"}},{"type":"Feature","geometry":{"type":"Polygon","coordinates":[[[-82.6007,48.4504],[-82.6006,48.3459],[-82.6006,48.2771],[-82.6006,48.1908],[-82.6006,48.1041],[-82.6006,48.0606],[-82.6007,48.0165],[-82.6008,47.9306],[-82.5998,47.8452],[-82.5999,47.8433],[-82.6004,47.7583],[-82.6,47.671],[-82.5998,47.5838],[-82.5999,47.4975],[-82.5785,47.4973],[-82.5789,47.41],[-82.5788,47.3568],[-82.5787,47.2869],[-82.5786,47.2348],[-82.579,47.1499],[-82.5791,47.0625],[-82.5787,46.9765],[-82.4705,46.9765],[-82.3421,46.976],[-82.2155,46.9768],[-82.0878,46.977],[-81.9596,46.9766],[-81.9462,46.9766],[-81.9461,46.9755],[-81.9468,46.8884],[-81.9465,46.8024],[-81.946,46.7159],[-81.9455,46.6253],[-81.8195,46.6268],[-81.7302,46.6272],[-81.6773,46.6274],[-81.6521,46.6274],[-81.5831,46.6274],[-81.5682,46.6272],[-81.5696,46.5863],[-81.5696,46.5401],[-81.5693,46.5244],[-81.5693,46.5114],[-81.5688,46.4646],[-81.5688,46.4531],[-81.5674,46.3951],[-81.5984,46.3952],[-81.5984,46.3807],[-81.5981,46.366],[-81.5667,46.3662],[-81.5669,46.3518],[-81.5669,46.3179],[-81.5663,46.2793],[-81.5663,46.2654],[-81.5667,46.2416],[-81.5667,46.22],[-81.5672,46.2071],[-81.5674,46.1913],[-81.5672,46.1036],[-81.5174,46.1053],[-81.5043,46.1054],[-81.3774,46.1101],[-81.306,46.1127],[-81.2644,46.1144],[-81.2229,46.1147],[-81.1811,46.1148],[-81.1809,46.1035],[-81.1292,46.1036],[-81.0769,46.1045],[-81.0769,46.0462],[-81.0768,45.9883],[-81.0769,45.9402],[-81.0758,45.8879],[-81.0756,45.8739],[-81.0753,45.8512],[-81.0732,45.6138],[-81.0725,45.5276],[-81.0722,45.5001],[-81.071,45.3607],[-81.138,45.3622],[-81.2248,45.3614],[-81.2645,45.3615],[-81.3867,45.3618],[-81.5568,45.362],[-81.5944,45.3619],[-81.7638,45.3617],[-81.8128,45.3616],[-81.8168,45.3616],[-81.8523,45.3614],[-82,45.3608],[-82,45.4575],[-82,45.5],[-82.1171,45.5001],[-82.168,45.5026],[-82.2176,45.5026],[-82.2727,45.503],[-82.331,45.5032],[-82.4269,45.5037],[-82.5,45.5045],[-82.5568,45.5043],[-82.742,45.5033],[-82.8818,45.5016],[-83.351,45.7111],[-83.5557,45.8027],[-83.5972,45.8213],[-83.4473,45.9882],[-83.4364,46.0002],[-83.5566,46.0938],[-83.5719,46.1058],[-83.655,46.1217],[-83.7599,46.1027],[-83.8263,46.1189],[-83.9035,46.0605],[-83.9555,46.0568],[-83.9763,46.1024],[-84.0063,46.1184],[-84.0061,46.1494],[-84.0212,46.1576],[-84.0772,46.1876],[-84.0858,46.2101],[-84.1082,46.2415],[-84.0977,46.2565],[-84.1154,46.2681],[-84.1172,46.2892],[-84.1193,46.315],[-84.1059,46.3219],[-84.1202,46.3386],[-84.139,46.3726],[-84.1394,46.3753],[-84.1379,46.403],[-84.1353,46.4043],[-84.1336,46.4064],[-84.1305,46.4131],[-84.1273,46.4176],[-84.1253,46.4192],[-84.1247,46.4212],[-84.1292,46.4227],[-84.1318,46.4204],[-84.1371,46.4188],[-84.1358,46.4443],[-84.1252,46.4694],[-84.1111,46.5042],[-84.118,46.518],[-84.1234,46.5213],[-84.1289,46.5305],[-84.1395,46.5324],[-84.1466,46.5311],[-84.1537,46.5283],[-84.1669,46.5263],[-84.1776,46.5271],[-84.1936,46.5403],[-84.2258,46.5341],[-84.2296,46.5296],[-84.2298,46.5568],[-84.2335,46.5564],[-84.2392,46.5551],[-84.2396,46.5514],[-84.2427,46.551],[-84.2443,46.5496],[-84.2468,46.5494],[-84.2468,46.5366],[-84.2441,46.5355],[-84.2665,46.5257],[-84.2695,46.5276],[-84.2696,46.5324],[-84.2709,46.5324],[-84.2709,46.5562],[-84.2694,46.5559],[-84.2684,46.5619],[-84.2661,46.5618],[-84.2668,46.5639],[-84.2684,46.5653],[-84.2592,46.5754],[-84.2544,46.5753],[-84.2546,46.5781],[-84.2562,46.5786],[-84.2518,46.5832],[-84.2406,46.5956],[-84.2296,46.5958],[-84.2295,46.6123],[-84.2603,46.6115],[-84.2989,46.6111],[-84.3646,46.6097],[-84.4175,46.6088],[-84.4282,46.6085],[-84.4491,46.6081],[-84.4701,46.6076],[-84.4671,46.5497],[-84.4656,46.5204],[-84.558,46.5204],[-84.6269,46.5203],[-84.6289,46.5217],[-84.6403,46.5316],[-84.6887,46.5722],[-84.7271,46.6043],[-84.7629,46.6344],[-84.7756,46.6675],[-84.7775,46.672],[-84.8601,46.8889],[-85.0645,46.9765],[-85.3312,47.0865],[-87.0001,47.7748],[-87.2571,47.8766],[-87.156,47.9463],[-87.0096,48.0467],[-86.8625,48.1469],[-86.7149,48.247],[-86.5667,48.3468],[-86.418,48.4465],[-86.3686,48.4794],[-86.3199,48.5118],[-86.2686,48.5459],[-86.2683,48.5523],[-86.2671,48.5545],[-86.2616,48.5579],[-86.2547,48.5608],[-86.2504,48.5634],[-86.243,48.566],[-86.2426,48.5683],[-86.2396,48.5687],[-86.2389,48.5631],[-86.2356,48.5618],[-86.2328,48.5585],[-86.2293,48.5563],[-86.2283,48.5546],[-86.2265,48.5481],[-86.2271,48.5459],[-86.2238,48.5451],[-86.2208,48.5452],[-86.2169,48.5462],[-86.2138,48.5457],[-86.2117,48.5473],[-86.2141,48.5496],[-86.2096,48.5493],[-86.207,48.5504],[-86.2041,48.5531],[-86.2016,48.552],[-86.2046,48.5496],[-86.2053,48.5482],[-86.2043,48.5422],[-86.2017,48.5395],[-86.1981,48.5373],[-86.1965,48.5372],[-86.1908,48.5392],[-86.1808,48.539],[-86.1796,48.5381],[-86.1758,48.5378],[-86.1708,48.5364],[-86.1643,48.5367],[-86.159,48.5361],[-86.1522,48.5325],[-86.1502,48.5324],[-86.1444,48.5345],[-86.1411,48.5366],[-86.1371,48.5399],[-86.133,48.5426],[-86.1293,48.5456],[-86.1247,48.5474],[-86.1189,48.5502],[-86.117,48.5506],[-86.1128,48.5493],[-86.1118,48.5502],[-86.1054,48.5516],[-86.1023,48.5534],[-86.0917,48.5561],[-86.0902,48.5597],[-86.087,48.5615],[-86.0844,48.5607],[-86.0799,48.561],[-86.0756,48.5654],[-86.0691,48.5702],[-86.0617,48.5703],[-86.0574,48.569],[-86.0518,48.5657],[-86.0479,48.565],[-86.0364,48.5572],[-86.0357,48.5537],[-86.0339,48.5516],[-86.0363,48.5476],[-86.0356,48.542],[-86.034,48.5415],[-86.0283,48.5418],[-86.0192,48.5439],[-86.015,48.5434],[-86.0084,48.5388],[-86.0046,48.5344],[-86.0023,48.5323],[-86.0025,48.5286],[-86.0015,48.5254],[-86.0063,48.5221],[-86.0061,48.5183],[-86.0036,48.5173],[-86,48.5201],[-86,48.6262],[-86,48.7129],[-86,48.7749],[-86,48.8189],[-86,48.8886],[-86.1084,48.8885],[-86.156,48.8885],[-86.3468,48.888],[-86.3468,48.8916],[-86.3468,49.1446],[-86.3468,49.579],[-86.0933,49.5798],[-85.9664,49.58],[-85.8395,49.5801],[-85.785,49.5801],[-85.6465,49.58],[-85.5857,49.5798],[-85.332,49.579],[-85.3329,49.5917],[-85.3317,49.5917],[-85.3323,49.7087],[-85.0907,49.7092],[-84.9592,49.7092],[-84.88,49.7092],[-84.8145,49.7092],[-84.6875,49.7092],[-84.614,49.7092],[-84.5281,49.7091],[-84.4863,49.7088],[-84.4861,49.5783],[-84.4854,49.4477],[-84.2857,49.4488],[-84.1485,49.449],[-84.0829,49.4491],[-83.9667,49.4492],[-83.8819,49.4491],[-83.7942,49.4492],[-83.7236,49.4493],[-83.6817,49.4496],[-83.642,49.4495],[-83.6419,49.3662],[-83.6419,49.3179],[-83.6418,49.24],[-83.6418,49.1877],[-83.5191,49.1878],[-83.4209,49.1877],[-83.3156,49.1876],[-83.222,49.1873],[-83.1603,49.1873],[-83.0788,49.1873],[-83.0351,49.1873],[-82.8782,49.1873],[-82.8089,49.1873],[-82.6782,49.187],[-82.6781,49.19],[-82.6426,49.1898],[-82.6414,49.1424],[-82.6393,49.0579],[-82.6394,48.9839],[-82.6395,48.8989],[-82.6396,48.8409],[-82.6396,48.7116],[-82.6396,48.6373],[-82.6396,48.5805],[-82.6396,48.5326],[-82.6396,48.4503],[-82.6007,48.4504]]]},"properties":{"id":2,"name":"Algoma—Manitoulin"}},{"type":"Feature","geometry":{"type":"Polygon","coordinates":[[[-78.9767,46.5373],[-79.0471,46.5374],[-79.131,46.5374],[-79.152,46.5375],[-79.1822,46.5374],[-79.2083,46.5374],[-79.2361,46.5375],[-79.2431,46.5378],[-79.257,46.5378],[-79.2567,46.4809],[-79.2568,46.4485],[-79.3406,46.4486],[-79.4663,46.4485],[-79.5044,46.4483],[-79.5673,46.4481],[-79.655,46.4478],[-79.7601,46.4477],[-79.7587,46.4185],[-79.7588,46.3925],[-79.7584,46.3821],[-79.7575,46.3686],[-79.8077,46.3672],[-79.8508,46.366],[-79.8839,46.3651],[-79.8838,46.3495],[-79.884,46.3244],[-79.8841,46.2847],[-79.8627,46.2698],[-79.7741,46.2082],[-79.7989,46.2063],[-79.8063,46.206],[-79.8251,46.2064],[-79.8369,46.2056],[-79.8461,46.204],[-79.8583,46.2009],[-79.8656,46.1985],[-79.8758,46.1957],[-79.8921,46.1908],[-79.9044,46.186],[-79.9102,46.1829],[-79.9258,46.1769],[-79.9389,46.1729],[-79.9464,46.1701],[-79.968,46.1586],[-79.9741,46.1563],[-79.9864,46.1526],[-79.9902,46.1509],[-79.995,46.1475],[-80,46.1458],[-80.0076,46.1441],[-80.0127,46.1443],[-80.0177,46.1453],[-80.02,46.1464],[-80.0219,46.1486],[-80.0292,46.1518],[-80.0352,46.1523],[-80.0417,46.1505],[-80.0527,46.15],[-80.0761,46.1459],[-80.0854,46.1435],[-80.09,46.1444],[-80.0936,46.1461],[-80.0993,46.1458],[-80.1066,46.1477],[-80.1115,46.1477],[-80.1151,46.1463],[-80.1132,46.1439],[-80.1185,46.1402],[-80.1132,46.1356],[-80.1089,46.1344],[-80.106,46.1326],[-80.0988,46.1302],[-80.0924,46.1279],[-80.0856,46.1266],[-80.079,46.1232],[-80.0728,46.119],[-80.0724,46.1167],[-80.0781,46.1166],[-80.0827,46.117],[-80.0872,46.1164],[-80.0944,46.1163],[-80.0979,46.1158],[-80.1066,46.1169],[-80.1133,46.1169],[-80.125,46.1179],[-80.1331,46.1167],[-80.1373,46.1164],[-80.147,46.1141],[-80.1533,46.1117],[-80.162,46.1106],[-80.1654,46.109],[-80.1744,46.1059],[-80.1785,46.1033],[-80.1754,46.1016],[-80.1656,46.1017],[-80.1643,46.0994],[-80.1657,46.097],[-80.1576,46.0941],[-80.1523,46.0916],[-80.1478,46.0912],[-80.1418,46.0916],[-80.1395,46.0904],[-80.1417,46.0885],[-80.1475,46.0863],[-80.1556,46.085],[-80.1677,46.0815],[-80.1751,46.0813],[-80.1779,46.0799],[-80.1845,46.0799],[-80.1879,46.0787],[-80.1808,46.0738],[-80.1752,46.0682],[-80.1746,46.0671],[-80.1756,46.0647],[-80.1838,46.0607],[-80.1858,46.0602],[-80.1913,46.0629],[-80.1968,46.064],[-80.1987,46.0648],[-80.2042,46.0654],[-80.2065,46.065],[-80.2104,46.0631],[-80.2151,46.0622],[-80.216,46.0606],[-80.2142,46.0585],[-80.2081,46.0548],[-80.2085,46.0542],[-80.217,46.0527],[-80.2238,46.052],[-80.2326,46.0506],[-80.2378,46.0507],[-80.2418,46.0494],[-80.2464,46.0488],[-80.2531,46.0474],[-80.2579,46.0457],[-80.2629,46.0452],[-80.267,46.0443],[-80.2672,46.0429],[-80.2723,46.0419],[-80.2778,46.0416],[-80.2815,46.0424],[-80.2861,46.0411],[-80.2894,46.0395],[-80.2932,46.0384],[-80.2991,46.0374],[-80.3065,46.0374],[-80.3159,46.0388],[-80.3229,46.039],[-80.3275,46.0382],[-80.3351,46.036],[-80.3415,46.035],[-80.3636,46.0321],[-80.3723,46.0324],[-80.3806,46.0338],[-80.3896,46.0338],[-80.3928,46.0342],[-80.4039,46.0363],[-80.4106,46.0369],[-80.4252,46.037],[-80.4314,46.0372],[-80.4398,46.0367],[-80.4564,46.0365],[-80.4625,46.0363],[-80.4738,46.0372],[-80.4762,46.0372],[-80.4815,46.0354],[-80.4863,46.035],[-80.4951,46.0331],[-80.5089,46.0338],[-80.5206,46.0331],[-80.5213,46.0312],[-80.5183,46.027],[-80.5216,46.0243],[-80.528,46.0231],[-80.5366,46.0205],[-80.5396,46.0182],[-80.5426,46.0176],[-80.5493,46.0184],[-80.5525,46.02],[-80.5525,46.0226],[-80.5542,46.0247],[-80.5622,46.031],[-80.5696,46.0398],[-80.5722,46.0433],[-80.5718,46.0461],[-80.5688,46.0492],[-80.5712,46.0528],[-80.5718,46.0586],[-80.5749,46.061],[-80.5707,46.0632],[-80.5631,46.0632],[-80.5611,46.0639],[-80.5605,46.0658],[-80.5633,46.0698],[-80.5691,46.0749],[-80.5709,46.078],[-80.5703,46.0799],[-80.5682,46.0811],[-80.5672,46.0833],[-80.5699,46.0872],[-80.5718,46.0936],[-80.5711,46.0977],[-80.5688,46.1007],[-80.5656,46.1025],[-80.564,46.1046],[-80.5639,46.1481],[-80.564,46.1909],[-80.5672,46.1909],[-80.5676,46.2054],[-80.5679,46.22],[-80.5679,46.2309],[-80.5683,46.2482],[-80.5685,46.2698],[-80.569,46.295],[-80.5686,46.3069],[-80.5677,46.3316],[-80.5668,46.3622],[-80.6102,46.3622],[-80.6612,46.3624],[-80.6926,46.3625],[-80.6928,46.3809],[-80.6927,46.4104],[-80.6929,46.42],[-80.6926,46.4499],[-80.6926,46.4663],[-80.6929,46.5078],[-80.6929,46.5221],[-80.6927,46.537],[-80.6928,46.5859],[-80.693,46.6294],[-80.693,46.6489],[-80.6929,46.6877],[-80.6957,46.6882],[-80.7037,46.6909],[-80.7111,46.6921],[-80.7221,46.6952],[-80.7283,46.6948],[-80.741,46.692],[-80.7494,46.6878],[-80.7524,46.6825],[-80.7547,46.676],[-80.7636,46.6703],[-80.7643,46.6637],[-80.7668,46.663],[-80.765,46.6686],[-80.768,46.6743],[-80.7708,46.6905],[-80.7761,46.6956],[-80.7799,46.6944],[-80.7799,46.7003],[-80.7812,46.7078],[-80.7802,46.7125],[-80.7847,46.7173],[-80.7893,46.7252],[-80.7954,46.7279],[-80.8042,46.729],[-80.8113,46.7264],[-80.8166,46.7239],[-80.8184,46.7225],[-80.8187,46.746],[-80.831,46.7538],[-80.8287,46.7578],[-80.8263,46.7601],[-80.8232,46.7612],[-80.8131,46.7699],[-80.8059,46.7738],[-80.8044,46.7753],[-80.8174,46.7836],[-80.8175,46.7995],[-80.8385,46.7999],[-80.8595,46.8002],[-80.8804,46.8009],[-80.9047,46.8013],[-80.9225,46.8017],[-80.933,46.8017],[-80.9334,46.8157],[-80.9477,46.8158],[-80.9482,46.8319],[-80.9487,46.8875],[-81.0744,46.888],[-81.0746,46.9452],[-81.0746,47.0179],[-81.0746,47.0468],[-81.0746,47.1193],[-81.0747,47.1627],[-81.0745,47.2351],[-81.0744,47.2785],[-81.0743,47.3212],[-81.0738,47.4083],[-81.0733,47.4953],[-81.0738,47.5677],[-81.0742,47.6242],[-81.0745,47.6669],[-81.0744,47.7531],[-81.0744,47.785],[-81.0744,47.872],[-81.0744,47.9297],[-81.0743,47.9733],[-81.0742,48.0167],[-81.0744,48.1033],[-81.0743,48.1472],[-81.0742,48.1931],[-81.0746,48.2765],[-81.0746,48.277],[-80.9876,48.2772],[-80.9441,48.2773],[-80.8757,48.2772],[-80.8127,48.2771],[-80.8132,48.3206],[-80.8135,48.364],[-80.8131,48.4362],[-80.8131,48.5022],[-80.8131,48.5378],[-80.8122,48.5378],[-80.8119,48.5807],[-80.8114,48.6238],[-80.8161,48.6248],[-80.8364,48.6247],[-80.8549,48.6248],[-80.9086,48.6248],[-80.9212,48.625],[-80.9152,48.6485],[-80.9364,48.6661],[-80.9382,48.6693],[-80.931,48.6829],[-80.9434,48.7028],[-80.9434,48.7113],[-80.998,48.7114],[-81.0631,48.7113],[-81.1823,48.7113],[-81.2036,48.7113],[-81.2037,48.7403],[-81.2038,48.7984],[-81.2034,48.7984],[-81.2046,48.8845],[-81.207,48.8845],[-81.2069,48.9212],[-81.2068,48.9863],[-81.2068,49.0585],[-81.2723,49.0585],[-81.2723,49.1022],[-81.2722,49.1673],[-81.2722,49.1892],[-81.2727,49.254],[-81.2727,49.319],[-81.2197,49.3191],[-81.1828,49.3192],[-81.1415,49.3194],[-81.1304,49.3192],[-81.0166,49.3194],[-80.9325,49.3195],[-80.8763,49.3196],[-80.7309,49.3192],[-80.6749,49.3191],[-80.4788,49.3192],[-80.2753,49.3193],[-80.2122,49.3194],[-80.0765,49.3195],[-79.9509,49.3195],[-79.88,49.3195],[-79.8087,49.3194],[-79.6816,49.3192],[-79.6074,49.319],[-79.518,49.3187],[-79.518,49.2406],[-79.5181,49.1683],[-79.5181,49.1249],[-79.5182,49.059],[-79.5178,49.059],[-79.5178,48.9723],[-79.5178,48.8116],[-79.5178,48.7596],[-79.5179,48.6923],[-79.5181,48.6048],[-79.5178,48.6047],[-79.5178,48.5316],[-79.5178,48.4593],[-79.5177,48.387],[-79.5177,48.3295],[-79.5177,48.2757],[-79.5177,48.1871],[-79.5176,48.112],[-79.5175,48.1014],[-79.5176,47.9259],[-79.5176,47.8382],[-79.5176,47.7545],[-79.5176,47.6965],[-79.5176,47.6533],[-79.5177,47.6102],[-79.5176,47.551],[-79.512,47.5494],[-79.5124,47.5484],[-79.5108,47.5458],[-79.5103,47.5433],[-79.5114,47.539],[-79.5137,47.5359],[-79.517,47.5332],[-79.5222,47.5302],[-79.5389,47.5216],[-79.5456,47.5186],[-79.5481,47.5169],[-79.552,47.5131],[-79.5536,47.5107],[-79.5558,47.5054],[-79.5572,47.4872],[-79.5606,47.4778],[-79.5673,47.4688],[-79.5792,47.4575],[-79.5844,47.4509],[-79.5865,47.4448],[-79.587,47.4366],[-79.5857,47.4282],[-79.5832,47.4199],[-79.5786,47.4112],[-79.5695,47.3966],[-79.5429,47.3687],[-79.5332,47.3602],[-79.5199,47.3502],[-79.514,47.3439],[-79.5041,47.3323],[-79.499,47.3226],[-79.4864,47.3048],[-79.4784,47.2984],[-79.4654,47.2874],[-79.4509,47.2774],[-79.4488,47.2756],[-79.4358,47.2591],[-79.4269,47.2517],[-79.4255,47.2489],[-79.4254,47.2429],[-79.4261,47.2406],[-79.4297,47.2331],[-79.436,47.2238],[-79.4386,47.2175],[-79.4388,47.2134],[-79.4378,47.2049],[-79.4364,47.1985],[-79.4346,47.192],[-79.4337,47.1877],[-79.4333,47.1818],[-79.4342,47.1725],[-79.4365,47.1616],[-79.4415,47.1446],[-79.4441,47.1322],[-79.4462,47.1243],[-79.4453,47.1118],[-79.4362,47.0868],[-79.4282,47.0761],[-79.4194,47.0679],[-79.3947,47.0459],[-79.3817,47.0341],[-79.3558,47.0163],[-79.3516,47.0124],[-79.3466,47.0066],[-79.3405,46.9947],[-79.3386,46.9905],[-79.3377,46.9863],[-79.3383,46.9722],[-79.338,46.9705],[-79.3327,46.9651],[-79.3256,46.9514],[-79.3212,46.9422],[-79.3172,46.935],[-79.311,46.9284],[-79.3026,46.9235],[-79.2965,46.9191],[-79.2926,46.9145],[-79.287,46.906],[-79.2845,46.9015],[-79.2819,46.8987],[-79.2658,46.89],[-79.2581,46.8844],[-79.2514,46.877],[-79.2442,46.8701],[-79.2389,46.8644],[-79.235,46.8608],[-79.2329,46.8574],[-79.2299,46.8478],[-79.2265,46.8439],[-79.2246,46.8428],[-79.2167,46.8364],[-79.2133,46.8325],[-79.2105,46.8313],[-79.1957,46.8293],[-79.1774,46.8282],[-79.1703,46.8246],[-79.1646,46.8188],[-79.1587,46.807],[-79.1483,46.7934],[-79.1432,46.7851],[-79.1376,46.7687],[-79.1331,46.7613],[-79.1253,46.7505],[-79.1219,46.7449],[-79.1212,46.742],[-79.1214,46.7381],[-79.1203,46.7341],[-79.118,46.7308],[-79.1129,46.7252],[-79.1042,46.713],[-79.1014,46.7121],[-79.0998,46.7107],[-79.0995,46.7055],[-79.0957,46.6974],[-79.0932,46.6881],[-79.0836,46.6805],[-79.078,46.6791],[-79.0754,46.6774],[-79.0733,46.6741],[-79.076,46.671],[-79.0765,46.6694],[-79.075,46.6671],[-79.0704,46.6638],[-79.0508,46.6511],[-79.0453,46.6465],[-79.0413,46.6441],[-79.0345,46.6417],[-79.0252,46.6381],[-79.0183,46.6342],[-79.016,46.6318],[-79.0114,46.6201],[-79.0085,46.6073],[-79.0071,46.603],[-79.0053,46.601],[-78.9977,46.5958],[-78.9952,46.5928],[-78.995,46.5891],[-78.9971,46.5815],[-78.9976,46.5763],[-78.9973,46.5715],[-78.9965,46.567],[-78.9945,46.5608],[-78.9876,46.5459],[-78.9767,46.5373]]]},"properties":{"id":107,"name":"Timiskaming—Cochrane"}},{"type":"Feature","geometry":{"type":"Polygon","coordinates":[[[-75.6013,45.4117],[-75.6092,45.4137],[-75.6119,45.4152],[-75.6146,45.4216],[-75.6191,45.4235],[-75.6226,45.4229],[-75.6273,45.4214],[-75.6341,45.4204],[-75.6517,45.4191],[-75.6566,45.4177],[-75.6635,45.4169],[-75.6691,45.4172],[-75.6738,45.4165],[-75.6779,45.4188],[-75.681,45.4191],[-75.6901,45.423],[-75.6946,45.4245],[-75.699,45.4269],[-75.7039,45.4301],[-75.7028,45.4372],[-75.7009,45.4424],[-75.6984,45.4463],[-75.6906,45.4563],[-75.6866,45.4587],[-75.6791,45.4599],[-75.6771,45.4608],[-75.6637,45.4626],[-75.6518,45.4648],[-75.6382,45.4663],[-75.633,45.4671],[-75.6273,45.4685],[-75.6141,45.4707],[-75.5995,45.4722],[-75.5849,45.4733],[-75.5754,45.4746],[-75.5701,45.4765],[-75.5682,45.4736],[-75.5698,45.4718],[-75.5732,45.4713],[-75.5737,45.4696],[-75.5759,45.4699],[-75.5789,45.4683],[-75.5749,45.4659],[-75.5781,45.4627],[-75.5766,45.4616],[-75.5776,45.4598],[-75.5776,45.4568],[-75.582,45.4538],[-75.5898,45.4422],[-75.5923,45.4394],[-75.5955,45.4371],[-75.6057,45.4318],[-75.6004,45.4272],[-75.5991,45.4256],[-75.5956,45.4193],[-75.6002,45.4175],[-75.5974,45.4123],[-75.6013,45.4117]]]},"properties":{"id":80,"name":"Ottawa—Vanier"}},{"type":"Feature","geometry":{"type":"Polygon","coordinates":[[[-75.7778,45.3893],[-75.7712,45.3812],[-75.769,45.3801],[-75.767,45.3779],[-75.7641,45.3771],[-75.7601,45.3778],[-75.7585,45.3774],[-75.7545,45.3704],[-75.7382,45.3854],[-75.7321,45.3861],[-75.7331,45.3819],[-75.7332,45.3772],[-75.7315,45.3666],[-75.7297,45.3657],[-75.7165,45.3715],[-75.7066,45.3542],[-75.704,45.3526],[-75.7028,45.3545],[-75.7013,45.3522],[-75.7007,45.3492],[-75.6963,45.3433],[-75.6984,45.3405],[-75.6989,45.3367],[-75.6962,45.3343],[-75.7006,45.334],[-75.704,45.3349],[-75.7073,45.3389],[-75.7098,45.34],[-75.7134,45.3394],[-75.7241,45.3348],[-75.7268,45.3395],[-75.8154,45.3309],[-75.8056,45.3456],[-75.8258,45.3425],[-75.838,45.34],[-75.886,45.3206],[-75.8994,45.3426],[-75.9042,45.3512],[-75.905,45.352],[-75.9458,45.384],[-75.9054,45.4098],[-75.894,45.4012],[-75.8686,45.3844],[-75.8551,45.3799],[-75.8469,45.3778],[-75.8377,45.374],[-75.8217,45.3724],[-75.8152,45.3726],[-75.8087,45.3739],[-75.8013,45.3761],[-75.7882,45.3812],[-75.7848,45.3835],[-75.7778,45.3893]]]},"properties":{"id":81,"name":"Ottawa West—Nepean"}},{"type":"Feature","geometry":{"type":"Polygon","coordinates":[[[-75.434,45.3281],[-75.4376,45.3345],[-75.4665,45.3229],[-75.5033,45.3078],[-75.5266,45.2982],[-75.5403,45.3224],[-75.5675,45.3702],[-75.566,45.3739],[-75.571,45.3746],[-75.5738,45.376],[-75.58,45.3815],[-75.5874,45.3856],[-75.5908,45.3882],[-75.593,45.3927],[-75.5928,45.3981],[-75.5935,45.4003],[-75.5971,45.4053],[-75.599,45.4097],[-75.6013,45.4117],[-75.5974,45.4123],[-75.6002,45.4175],[-75.5956,45.4193],[-75.5991,45.4256],[-75.6004,45.4272],[-75.6057,45.4318],[-75.5955,45.4371],[-75.5923,45.4394],[-75.5898,45.4422],[-75.582,45.4538],[-75.5776,45.4568],[-75.5776,45.4598],[-75.5766,45.4616],[-75.5781,45.4627],[-75.5749,45.4659],[-75.5789,45.4683],[-75.5759,45.4699],[-75.5737,45.4696],[-75.5732,45.4713],[-75.5698,45.4718],[-75.5682,45.4736],[-75.5701,45.4765],[-75.5673,45.4779],[-75.5611,45.4819],[-75.5567,45.484],[-75.5486,45.4864],[-75.5288,45.4948],[-75.4904,45.5083],[-75.4654,45.5169],[-75.4521,45.4972],[-75.4496,45.4958],[-75.4375,45.4746],[-75.4419,45.4737],[-75.4396,45.4719],[-75.4357,45.4712],[-75.4331,45.4669],[-75.4245,45.4515],[-75.449,45.4451],[-75.4489,45.4422],[-75.4567,45.4401],[-75.473,45.4351],[-75.4585,45.4092],[-75.4557,45.4041],[-75.4399,45.3741],[-75.4304,45.3565],[-75.4257,45.3481],[-75.4176,45.3325],[-75.434,45.3281]]]},"properties":{"id":76,"name":"Orléans"}},{"type":"Feature","geometry":{"type":"Polygon","coordinates":[[[-75.6635,45.4169],[-75.664,45.4152],[-75.669,45.4144],[-75.6715,45.4128],[-75.6733,45.4105],[-75.672,45.4081],[-75.669,45.405],[-75.6692,45.402],[-75.6719,45.3987],[-75.6777,45.3891],[-75.6799,45.3878],[-75.6833,45.3882],[-75.6851,45.3875],[-75.6853,45.3847],[-75.6876,45.3835],[-75.6959,45.3817],[-75.7,45.3788],[-75.7001,45.3739],[-75.6996,45.3724],[-75.6969,45.3713],[-75.6964,45.3684],[-75.6896,45.361],[-75.6924,45.3575],[-75.6985,45.3569],[-75.7028,45.3545],[-75.704,45.3526],[-75.7066,45.3542],[-75.7165,45.3715],[-75.7297,45.3657],[-75.7315,45.3666],[-75.7332,45.3772],[-75.7331,45.3819],[-75.7321,45.3861],[-75.7382,45.3854],[-75.7545,45.3704],[-75.7585,45.3774],[-75.7601,45.3778],[-75.7641,45.3771],[-75.767,45.3779],[-75.769,45.3801],[-75.7712,45.3812],[-75.7778,45.3893],[-75.7736,45.3924],[-75.7701,45.3955],[-75.7675,45.4001],[-75.7629,45.4071],[-75.758,45.4105],[-75.755,45.4118],[-75.7519,45.412],[-75.7427,45.4139],[-75.7383,45.4152],[-75.7336,45.416],[-75.7288,45.4175],[-75.7249,45.4175],[-75.7225,45.4183],[-75.7233,45.42],[-75.722,45.421],[-75.7094,45.4233],[-75.7043,45.427],[-75.7039,45.4301],[-75.699,45.4269],[-75.6946,45.4245],[-75.6901,45.423],[-75.681,45.4191],[-75.6779,45.4188],[-75.6738,45.4165],[-75.6691,45.4172],[-75.6635,45.4169]]]},"properties":{"id":78,"name":"Ottawa Centre"}},{"type":"Feature","geometry":{"type":"Polygon","coordinates":[[[-79.5378,43.713],[-79.5391,43.7113],[-79.5389,43.7091],[-79.5357,43.7081],[-79.5353,43.7045],[-79.5314,43.7049],[-79.5286,43.7026],[-79.526,43.7016],[-79.5487,43.6966],[-79.5707,43.6915],[-79.5632,43.6745],[-79.5677,43.6742],[-79.5819,43.6722],[-79.5911,43.6686],[-79.6044,43.6911],[-79.6205,43.7188],[-79.6303,43.7353],[-79.6378,43.7484],[-79.6393,43.7498],[-79.6367,43.751],[-79.632,43.7515],[-79.5805,43.763],[-79.5793,43.7608],[-79.5811,43.7588],[-79.5839,43.7586],[-79.5851,43.757],[-79.5829,43.7526],[-79.5778,43.7503],[-79.5731,43.7503],[-79.5728,43.7469],[-79.5644,43.7455],[-79.56,43.7424],[-79.5507,43.7441],[-79.5495,43.7419],[-79.5464,43.741],[-79.5467,43.7397],[-79.5496,43.738],[-79.5505,43.7366],[-79.5505,43.7337],[-79.5437,43.73],[-79.5403,43.7297],[-79.5388,43.7286],[-79.5385,43.7267],[-79.5414,43.7255],[-79.5407,43.7226],[-79.5425,43.7208],[-79.5441,43.7178],[-79.5409,43.7166],[-79.5406,43.7152],[-79.538,43.7146],[-79.5378,43.713]]]},"properties":{"id":30,"name":"Etobicoke North"}},{"type":"Feature","geometry":{"type":"Polygon","coordinates":[[[-79.4646,43.6922],[-79.4629,43.689],[-79.4613,43.6832],[-79.4674,43.6819],[-79.4664,43.6806],[-79.4705,43.6797],[-79.4693,43.6766],[-79.46,43.6672],[-79.4735,43.6674],[-79.5062,43.6654],[-79.5105,43.664],[-79.5122,43.6626],[-79.5131,43.6666],[-79.5113,43.6686],[-79.5124,43.6731],[-79.5114,43.6749],[-79.5086,43.6767],[-79.5072,43.6792],[-79.5055,43.6805],[-79.5064,43.6825],[-79.5099,43.6834],[-79.5126,43.6887],[-79.5133,43.6918],[-79.5126,43.6954],[-79.5136,43.6973],[-79.5162,43.6969],[-79.519,43.6974],[-79.5211,43.7],[-79.526,43.7016],[-79.5286,43.7026],[-79.5314,43.7049],[-79.5353,43.7045],[-79.5357,43.7081],[-79.5389,43.7091],[-79.5391,43.7113],[-79.5378,43.713],[-79.5247,43.7159],[-79.5078,43.7177],[-79.5021,43.7184],[-79.4908,43.7204],[-79.4725,43.7249],[-79.4687,43.7054],[-79.4655,43.6941],[-79.4646,43.6922]]]},"properties":{"id":122,"name":"York South—Weston"}},{"type":"Feature","geometry":{"type":"Polygon","coordinates":[[[-79.5078,43.7177],[-79.5247,43.7159],[-79.5378,43.713],[-79.538,43.7146],[-79.5406,43.7152],[-79.5409,43.7166],[-79.5441,43.7178],[-79.5425,43.7208],[-79.5407,43.7226],[-79.5414,43.7255],[-79.5385,43.7267],[-79.5388,43.7286],[-79.5403,43.7297],[-79.5437,43.73],[-79.5505,43.7337],[-79.5505,43.7366],[-79.5496,43.738],[-79.5467,43.7397],[-79.5464,43.741],[-79.5495,43.7419],[-79.5507,43.7441],[-79.56,43.7424],[-79.5644,43.7455],[-79.5728,43.7469],[-79.5731,43.7503],[-79.5778,43.7503],[-79.5829,43.7526],[-79.5851,43.757],[-79.5839,43.7586],[-79.5811,43.7588],[-79.5793,43.7608],[-79.5805,43.763],[-79.571,43.7652],[-79.5349,43.7727],[-79.523,43.7751],[-79.4944,43.7816],[-79.4945,43.7777],[-79.4882,43.752],[-79.4917,43.753],[-79.4949,43.7522],[-79.4975,43.7505],[-79.5047,43.7492],[-79.5021,43.7473],[-79.4978,43.7458],[-79.4969,43.7425],[-79.5104,43.7395],[-79.5132,43.7394],[-79.5078,43.7177]]]},"properties":{"id":41,"name":"Humber River—Black Creek"}},{"type":"Feature","geometry":{"type":"Polygon","coordinates":[[[-80.5999,44.9733],[-80.5997,44.9724],[-80.5848,44.9056],[-80.55,44.75],[-80.5349,44.6829],[-80.5151,44.5943],[-80.5132,44.5867],[-80.5102,44.5733],[-80.5058,44.5538],[-80.4946,44.5044],[-80.4928,44.4971],[-80.4913,44.4898],[-80.4834,44.455],[-80.4761,44.4236],[-80.4679,44.3887],[-80.4637,44.3728],[-80.4309,44.38],[-80.3649,44.3944],[-80.2991,44.4087],[-80.2664,44.416],[-80.264,44.406],[-80.253,44.3589],[-80.2513,44.3512],[-80.2401,44.302],[-80.2291,44.2534],[-80.2537,44.2479],[-80.278,44.2427],[-80.2922,44.2398],[-80.3285,44.2321],[-80.4111,44.2146],[-80.4084,44.2129],[-80.4229,44.2],[-80.4176,44.1975],[-80.4101,44.1954],[-80.4054,44.1934],[-80.384,44.1808],[-80.3609,44.1673],[-80.3976,44.1352],[-80.3979,44.1348],[-80.3847,44.0796],[-80.375,44.0393],[-80.3952,44.035],[-80.4384,44.026],[-80.5,44.0128],[-80.5222,44.0082],[-80.5687,43.9982],[-80.572,43.9979],[-80.6029,43.9944],[-80.6259,43.9919],[-80.6782,43.9859],[-80.7163,43.9814],[-80.7229,43.986],[-80.7257,43.9986],[-80.7328,43.9928],[-80.7375,43.9962],[-80.7399,43.997],[-80.7466,44.0016],[-80.7557,43.995],[-80.7501,43.991],[-80.7459,43.989],[-80.755,43.9823],[-80.7509,43.9794],[-80.7545,43.9766],[-80.8042,43.9707],[-80.8271,43.9679],[-80.8275,43.9683],[-80.8357,44.0043],[-80.8447,44.0035],[-80.8599,44.0016],[-80.9201,43.9947],[-80.9564,43.9905],[-80.9892,43.9867],[-80.9935,44.0046],[-80.9981,44.0228],[-81.0028,44.0417],[-81.0088,44.0657],[-81.0205,44.1131],[-81.0258,44.1337],[-81.0278,44.1407],[-81.0305,44.1403],[-81.0331,44.1419],[-81.0384,44.1411],[-81.0413,44.1512],[-81.0362,44.1514],[-81.0385,44.1598],[-81.0334,44.1606],[-81.0512,44.2237],[-81.0592,44.2522],[-81.0621,44.2619],[-81.0694,44.2884],[-81.1413,44.2778],[-81.1916,44.2702],[-81.2665,44.2591],[-81.278,44.2989],[-81.2859,44.3271],[-81.2921,44.3487],[-81.3026,44.3845],[-81.3177,44.4381],[-81.3235,44.4584],[-81.3198,44.4602],[-81.3191,44.4629],[-81.3123,44.4711],[-81.3112,44.4747],[-81.3123,44.4766],[-81.3127,44.4801],[-81.3144,44.4838],[-81.3153,44.4885],[-81.319,44.4896],[-81.3228,44.4865],[-81.3262,44.4879],[-81.3257,44.4893],[-81.3205,44.4939],[-81.3201,44.4964],[-81.3232,44.4992],[-81.3282,44.5005],[-81.3289,44.5041],[-81.3316,44.5049],[-81.3343,44.5042],[-81.3362,44.5046],[-81.3395,44.5088],[-81.3449,44.509],[-81.3451,44.5138],[-81.3567,44.5196],[-81.3967,44.5403],[-81.3752,44.5653],[-81.3534,44.6147],[-81.3524,44.6292],[-81.3523,44.6517],[-81.3537,44.6874],[-81.3665,44.7858],[-81.3692,44.7934],[-81.3719,44.7975],[-81.3963,44.8435],[-81.4061,44.8625],[-81.4111,44.8726],[-81.4139,44.877],[-81.4161,44.8839],[-81.4235,44.9046],[-81.4266,44.9161],[-81.429,44.924],[-81.4341,44.9338],[-81.4444,44.9504],[-81.5169,44.9899],[-81.5543,45.0102],[-81.5719,45.0183],[-81.603,45.0469],[-81.6525,45.0973],[-81.6901,45.1384],[-81.7221,45.1821],[-81.7448,45.2172],[-81.7445,45.2319],[-81.7452,45.2502],[-81.7782,45.2832],[-81.8021,45.3094],[-81.8168,45.343],[-81.8168,45.3616],[-81.8128,45.3616],[-81.7638,45.3617],[-81.5944,45.3619],[-81.5568,45.362],[-81.3867,45.3618],[-81.2645,45.3615],[-81.2248,45.3614],[-81.138,45.3622],[-81.071,45.3607],[-80.9929,45.2971],[-80.941,45.2547],[-80.8904,45.2132],[-80.8457,45.1766],[-80.7834,45.1252],[-80.7457,45.0941],[-80.6322,45.0001],[-80.632,45.0001],[-80.5999,44.9733]]]},"properties":{"id":14,"name":"Bruce—Grey—Owen Sound"}},{"type":"Feature","geometry":{"type":"Polygon","coordinates":[[[-80.3879,43.8577],[-80.3992,43.8483],[-80.4213,43.8287],[-80.442,43.8101],[-80.4561,43.7976],[-80.4568,43.796],[-80.4661,43.7879],[-80.4699,43.7836],[-80.4494,43.769],[-80.467,43.7562],[-80.4934,43.7366],[-80.4898,43.734],[-80.4987,43.7275],[-80.4952,43.725],[-80.5008,43.726],[-80.5075,43.7209],[-80.5112,43.7235],[-80.5292,43.7105],[-80.5379,43.704],[-80.5424,43.7008],[-80.5575,43.6897],[-80.5955,43.6617],[-80.5978,43.6474],[-80.6027,43.6194],[-80.6028,43.6194],[-80.6081,43.589],[-80.6348,43.5999],[-80.7018,43.6265],[-80.7282,43.6374],[-80.7546,43.6484],[-80.7767,43.6205],[-80.7868,43.6079],[-80.8052,43.5846],[-80.8381,43.5418],[-80.846,43.5308],[-80.869,43.498],[-80.8426,43.4872],[-80.7956,43.4681],[-80.7929,43.4654],[-80.7729,43.4448],[-80.7571,43.4281],[-80.7372,43.4075],[-80.7367,43.3794],[-80.7358,43.3533],[-80.7691,43.3424],[-80.793,43.3347],[-80.8239,43.3248],[-80.8257,43.328],[-80.8363,43.328],[-80.8389,43.3285],[-80.8388,43.3236],[-80.8432,43.3236],[-80.8463,43.3245],[-80.8465,43.3177],[-80.8697,43.3105],[-80.9012,43.3011],[-80.9165,43.2964],[-80.9478,43.2869],[-80.9795,43.2777],[-81.0269,43.2636],[-81.0551,43.2555],[-81.1322,43.2314],[-81.1728,43.2189],[-81.1969,43.2115],[-81.2244,43.2033],[-81.2774,43.2265],[-81.3122,43.2415],[-81.3637,43.2638],[-81.3134,43.3243],[-81.3034,43.3361],[-81.2868,43.356],[-81.2968,43.3606],[-81.3011,43.3816],[-81.3373,43.3777],[-81.3779,43.3956],[-81.4214,43.4145],[-81.4431,43.4241],[-81.4164,43.4554],[-81.4028,43.4713],[-81.3631,43.5188],[-81.3498,43.5346],[-81.2846,43.5062],[-81.258,43.5378],[-81.2317,43.5696],[-81.2186,43.5856],[-81.1921,43.6178],[-81.1832,43.6286],[-81.1474,43.6139],[-81.1372,43.6271],[-81.1305,43.636],[-81.1064,43.6673],[-81.0808,43.6999],[-81.0531,43.7353],[-81.0312,43.7635],[-81.0974,43.7905],[-81.0849,43.8065],[-81.0397,43.8119],[-81.0193,43.8143],[-80.9544,43.8221],[-80.9626,43.8584],[-80.975,43.9143],[-80.9831,43.9493],[-80.9916,43.9864],[-80.9892,43.9867],[-80.9564,43.9905],[-80.9201,43.9947],[-80.8599,44.0016],[-80.8447,44.0035],[-80.8357,44.0043],[-80.8275,43.9683],[-80.8271,43.9679],[-80.8042,43.9707],[-80.7545,43.9766],[-80.7509,43.9794],[-80.755,43.9823],[-80.7459,43.989],[-80.7501,43.991],[-80.7557,43.995],[-80.7466,44.0016],[-80.7399,43.997],[-80.7375,43.9962],[-80.7328,43.9928],[-80.7257,43.9986],[-80.7229,43.986],[-80.7163,43.9814],[-80.6782,43.9859],[-80.6259,43.9919],[-80.6029,43.9944],[-80.572,43.9979],[-80.5687,43.9982],[-80.5222,44.0082],[-80.5,44.0128],[-80.4384,44.026],[-80.4273,43.9773],[-80.4203,43.9532],[-80.4151,43.929],[-80.4042,43.8805],[-80.3987,43.8561],[-80.3885,43.8582],[-80.3879,43.8577]]]},"properties":{"id":85,"name":"Perth—Wellington"}},{"type":"Feature","geometry":{"type":"Polygon","coordinates":[[[-79.406,43.8383],[-79.4011,43.8186],[-79.3981,43.8063],[-79.3962,43.8033],[-79.4457,43.7924],[-79.4632,43.7886],[-79.4701,43.7873],[-79.4944,43.7816],[-79.523,43.7751],[-79.5349,43.7727],[-79.5398,43.7931],[-79.5414,43.7996],[-79.5451,43.8159],[-79.5463,43.8279],[-79.535,43.8301],[-79.5327,43.831],[-79.5193,43.8341],[-79.506,43.8369],[-79.4995,43.8393],[-79.4869,43.8418],[-79.4587,43.8477],[-79.4545,43.8293],[-79.4327,43.8338],[-79.4064,43.8396],[-79.406,43.8383]]]},"properties":{"id":104,"name":"Thornhill"}},{"type":"Feature","geometry":{"type":"Polygon","coordinates":[[[-79.5463,43.8279],[-79.5451,43.8159],[-79.5414,43.7996],[-79.5398,43.7931],[-79.5349,43.7727],[-79.571,43.7652],[-79.5805,43.763],[-79.632,43.7515],[-79.6367,43.751],[-79.6393,43.7498],[-79.641,43.7521],[-79.6431,43.7577],[-79.6586,43.7849],[-79.6786,43.8193],[-79.6597,43.8234],[-79.6596,43.8227],[-79.6385,43.8274],[-79.6339,43.8298],[-79.6317,43.8295],[-79.5914,43.8381],[-79.5872,43.8395],[-79.5602,43.8449],[-79.5551,43.8454],[-79.5485,43.8469],[-79.5477,43.8428],[-79.5463,43.8279]]]},"properties":{"id":113,"name":"Vaughan—Woodbridge"}},{"type":"Feature","geometry":{"type":"Polygon","coordinates":[[[-80.3059,43.4721],[-80.3141,43.4714],[-80.3176,43.4706],[-80.3363,43.464],[-80.342,43.4609],[-80.3527,43.4593],[-80.3587,43.4549],[-80.3721,43.4512],[-80.3742,43.4502],[-80.3791,43.4467],[-80.3878,43.4436],[-80.3922,43.4503],[-80.3924,43.4525],[-80.395,43.455],[-80.4045,43.457],[-80.4111,43.457],[-80.415,43.458],[-80.4203,43.4611],[-80.4213,43.4639],[-80.424,43.4676],[-80.4265,43.4695],[-80.4271,43.4722],[-80.4226,43.4769],[-80.4224,43.4784],[-80.4241,43.481],[-80.4316,43.4823],[-80.4338,43.4819],[-80.4418,43.4782],[-80.448,43.4767],[-80.4506,43.4772],[-80.4552,43.4773],[-80.4582,43.4828],[-80.4627,43.4852],[-80.4677,43.4845],[-80.4697,43.4872],[-80.473,43.4895],[-80.4734,43.4914],[-80.4726,43.4937],[-80.4681,43.4962],[-80.4644,43.5],[-80.4649,43.5031],[-80.4666,43.5058],[-80.4719,43.5068],[-80.4731,43.5057],[-80.4767,43.5045],[-80.4887,43.5018],[-80.4922,43.5023],[-80.4932,43.5033],[-80.4953,43.5098],[-80.4941,43.5123],[-80.4874,43.5133],[-80.484,43.5161],[-80.4723,43.5162],[-80.4686,43.5172],[-80.4674,43.5193],[-80.47,43.5227],[-80.4763,43.5249],[-80.4787,43.527],[-80.4811,43.5311],[-80.5117,43.5203],[-80.5251,43.5155],[-80.5732,43.4985],[-80.5971,43.4901],[-80.6261,43.4797],[-80.6066,43.4622],[-80.5736,43.4322],[-80.56,43.4371],[-80.5473,43.4413],[-80.5452,43.4441],[-80.5424,43.4426],[-80.5368,43.4397],[-80.532,43.4387],[-80.5302,43.4378],[-80.5269,43.4337],[-80.5231,43.4279],[-80.519,43.4235],[-80.5141,43.4192],[-80.5075,43.4129],[-80.4973,43.404],[-80.4949,43.3964],[-80.4919,43.3925],[-80.4904,43.3871],[-80.487,43.377],[-80.4858,43.3746],[-80.4813,43.3607],[-80.4814,43.358],[-80.5059,43.3538],[-80.5036,43.3481],[-80.5406,43.3419],[-80.561,43.3386],[-80.5734,43.3367],[-80.6054,43.3316],[-80.6198,43.329],[-80.6422,43.3253],[-80.6912,43.3176],[-80.7102,43.3147],[-80.7349,43.311],[-80.7354,43.3381],[-80.7358,43.3533],[-80.7367,43.3794],[-80.7372,43.4075],[-80.7571,43.4281],[-80.7729,43.4448],[-80.7929,43.4654],[-80.7956,43.4681],[-80.8426,43.4872],[-80.869,43.498],[-80.846,43.5308],[-80.8381,43.5418],[-80.8052,43.5846],[-80.7868,43.6079],[-80.7767,43.6205],[-80.7546,43.6484],[-80.7282,43.6374],[-80.7018,43.6265],[-80.6348,43.5999],[-80.6081,43.589],[-80.6028,43.6194],[-80.6027,43.6194],[-80.5978,43.6474],[-80.5955,43.6617],[-80.5575,43.6897],[-80.5378,43.6752],[-80.4994,43.6476],[-80.4554,43.6158],[-80.4331,43.5998],[-80.4197,43.5901],[-80.383,43.5636],[-80.3672,43.5692],[-80.3703,43.5507],[-80.3738,43.5326],[-80.3699,43.5286],[-80.351,43.5116],[-80.3255,43.4896],[-80.3182,43.483],[-80.308,43.4742],[-80.3059,43.4721]]]},"properties":{"id":48,"name":"Kitchener—Conestoga"}},{"type":"Feature","geometry":{"type":"Polygon","coordinates":[[[-79.3465,43.6107],[-79.363,43.6118],[-79.37,43.6111],[-79.3773,43.6107],[-79.3831,43.6095],[-79.3872,43.6094],[-79.3902,43.6099],[-79.3931,43.6122],[-79.3959,43.6174],[-79.4045,43.6227],[-79.4061,43.6276],[-79.4249,43.6248],[-79.4287,43.6329],[-79.4254,43.6339],[-79.4286,43.6422],[-79.4281,43.6423],[-79.4272,43.6419],[-79.4265,43.6416],[-79.4214,43.6407],[-79.4247,43.6494],[-79.4208,43.6493],[-79.406,43.6523],[-79.4037,43.6517],[-79.3905,43.6545],[-79.3838,43.6557],[-79.3815,43.6517],[-79.3791,43.646],[-79.3765,43.6458],[-79.3717,43.648],[-79.3548,43.6519],[-79.3503,43.6543],[-79.3476,43.6511],[-79.3483,43.6501],[-79.3596,43.6454],[-79.3491,43.6316],[-79.3476,43.6257],[-79.3465,43.6107]]]},"properties":{"id":101,"name":"Spadina—Fort York"}},{"type":"Feature","geometry":{"type":"Polygon","coordinates":[[[-79.4294,43.671],[-79.4255,43.6616],[-79.4208,43.6493],[-79.4247,43.6494],[-79.4214,43.6407],[-79.4265,43.6416],[-79.4272,43.6419],[-79.4281,43.6423],[-79.4383,43.6471],[-79.4411,43.6487],[-79.4444,43.6514],[-79.46,43.6672],[-79.4693,43.6766],[-79.4705,43.6797],[-79.4664,43.6806],[-79.4674,43.6819],[-79.4613,43.6832],[-79.4629,43.689],[-79.4646,43.6922],[-79.4633,43.6928],[-79.4503,43.6957],[-79.4461,43.6856],[-79.4387,43.6871],[-79.4346,43.6871],[-79.4327,43.6808],[-79.4302,43.6747],[-79.4294,43.671]]]},"properties":{"id":19,"name":"Davenport"}},{"type":"Feature","geometry":{"type":"Polygon","coordinates":[[[-80.4549,43.2248],[-80.4459,43.2023],[-80.4365,43.1794],[-80.4639,43.1748],[-80.4804,43.172],[-80.475,43.1594],[-80.4707,43.1491],[-80.4705,43.1468],[-80.4663,43.1359],[-80.4659,43.1356],[-80.4614,43.1239],[-80.4601,43.1238],[-80.4561,43.1132],[-80.4559,43.1121],[-80.452,43.1014],[-80.4503,43.1013],[-80.4447,43.088],[-80.4454,43.0879],[-80.4408,43.0763],[-80.4362,43.0642],[-80.4341,43.0645],[-80.4295,43.0524],[-80.4314,43.0521],[-80.4275,43.042],[-80.4272,43.04],[-80.4227,43.0279],[-80.422,43.028],[-80.4176,43.0164],[-80.4182,43.0163],[-80.4139,43.005],[-80.4232,43.0037],[-80.4274,43.0034],[-80.448,42.9997],[-80.4648,42.9971],[-80.491,42.9934],[-80.5092,42.99],[-80.5435,42.9848],[-80.5357,42.9648],[-80.5256,42.9385],[-80.5184,42.9182],[-80.5162,42.913],[-80.512,42.9008],[-80.5054,42.8841],[-80.5279,42.8806],[-80.5596,42.8759],[-80.6242,42.8666],[-80.6505,42.8627],[-80.6758,42.8589],[-80.7052,42.8545],[-80.7005,42.8484],[-80.7035,42.8448],[-80.712,42.8338],[-80.7145,42.8372],[-80.7187,42.8353],[-80.7242,42.8422],[-80.7236,42.8438],[-80.7243,42.8459],[-80.7271,42.8457],[-80.7359,42.835],[-80.7446,42.824],[-80.7618,42.8465],[-80.7893,42.8425],[-80.8326,42.8361],[-80.8579,42.8323],[-80.8771,42.8296],[-80.8801,42.8414],[-80.8877,42.8705],[-80.8924,42.888],[-80.8987,42.9125],[-80.9021,42.9252],[-80.9142,42.9693],[-80.9196,42.9885],[-80.9229,43.0008],[-80.9338,42.9994],[-80.9473,43.0096],[-80.9487,43.0091],[-80.9501,43.005],[-80.9542,43.0042],[-80.9545,43.0024],[-80.9568,43.0016],[-80.9582,43.0001],[-80.9589,42.9974],[-80.9611,42.9977],[-80.9645,42.9948],[-80.968,42.9955],[-80.9704,42.995],[-80.971,42.9936],[-80.9744,42.9937],[-80.9738,42.992],[-80.9744,42.9896],[-80.9791,42.9862],[-80.9816,42.9865],[-80.9835,42.9888],[-80.9864,42.9891],[-80.9854,42.9916],[-80.9872,42.9928],[-80.9938,42.9926],[-80.9992,43.0038],[-80.9995,43.0037],[-81.0055,43.0154],[-81.0052,43.0155],[-81.0113,43.0273],[-81.0115,43.0274],[-81.0234,43.0505],[-81.0376,43.0461],[-81.0459,43.0622],[-81.0669,43.1039],[-81.0719,43.1142],[-81.0747,43.1194],[-81.0879,43.1455],[-81.1095,43.1873],[-81.1255,43.2186],[-81.1322,43.2314],[-81.0551,43.2555],[-81.0269,43.2636],[-80.9795,43.2777],[-80.9478,43.2869],[-80.9165,43.2964],[-80.9012,43.3011],[-80.8697,43.3105],[-80.8465,43.3177],[-80.8463,43.3245],[-80.8432,43.3236],[-80.8388,43.3236],[-80.8389,43.3285],[-80.8363,43.328],[-80.8257,43.328],[-80.8239,43.3248],[-80.793,43.3347],[-80.7691,43.3424],[-80.7358,43.3533],[-80.7354,43.3381],[-80.7349,43.311],[-80.7102,43.3147],[-80.6912,43.3176],[-80.6422,43.3253],[-80.6198,43.329],[-80.6054,43.3316],[-80.5734,43.3367],[-80.561,43.3386],[-80.5406,43.3419],[-80.5036,43.3481],[-80.4993,43.3373],[-80.4796,43.2871],[-80.4571,43.2301],[-80.4549,43.2248]]]},"properties":{"id":82,"name":"Oxford"}},{"type":"Feature","geometry":{"type":"Polygon","coordinates":[[[-79.0387,43.816],[-79.0438,43.8157],[-79.0476,43.814],[-79.0525,43.8105],[-79.0521,43.8095],[-79.0565,43.8077],[-79.0594,43.8078],[-79.058,43.8044],[-79.061,43.8023],[-79.0686,43.8055],[-79.0711,43.8025],[-79.078,43.8054],[-79.0755,43.8084],[-79.0769,43.8117],[-79.0802,43.8121],[-79.079,43.8095],[-79.0845,43.8101],[-79.09,43.8096],[-79.0911,43.8122],[-79.0941,43.8113],[-79.0969,43.8098],[-79.1037,43.8044],[-79.1032,43.8031],[-79.1072,43.7994],[-79.1084,43.7977],[-79.1154,43.7947],[-79.1202,43.7957],[-79.1219,43.7975],[-79.1243,43.7976],[-79.125,43.8001],[-79.1279,43.8005],[-79.1309,43.8018],[-79.1349,43.8009],[-79.1334,43.8032],[-79.1344,43.8048],[-79.1343,43.8071],[-79.1377,43.8076],[-79.1462,43.8111],[-79.1516,43.8141],[-79.1703,43.8554],[-79.1823,43.8832],[-79.1984,43.9177],[-79.2067,43.9364],[-79.214,43.9523],[-79.219,43.9672],[-79.2211,43.9742],[-79.2248,43.9832],[-79.2346,44.0059],[-79.2424,44.0236],[-79.2528,44.0477],[-79.2653,44.0767],[-79.2762,44.1013],[-79.291,44.1365],[-79.3088,44.1779],[-79.328,44.2233],[-79.2605,44.2389],[-79.2079,44.251],[-79.1561,44.2631],[-79.1325,44.2073],[-79.1225,44.1833],[-79.1009,44.1331],[-79.0901,44.1084],[-79.0796,44.0847],[-79.0718,44.0666],[-79.0616,44.0421],[-79.0528,44.0217],[-79.0473,44.0093],[-79.0406,43.9936],[-79.0329,43.9757],[-79.0257,43.9601],[-79.0151,43.936],[-79.0085,43.9225],[-79.0333,43.9169],[-79.0649,43.9096],[-79.0882,43.9043],[-79.087,43.9038],[-79.0826,43.8927],[-79.078,43.8946],[-79.0698,43.8753],[-79.0784,43.8702],[-79.0781,43.8688],[-79.0713,43.853],[-79.0699,43.8542],[-79.0668,43.855],[-79.0609,43.8423],[-79.0561,43.8444],[-79.0516,43.8457],[-79.0482,43.8374],[-79.0478,43.8374],[-79.0387,43.816]]]},"properties":{"id":87,"name":"Pickering—Uxbridge"}},{"type":"Feature","geometry":{"type":"Polygon","coordinates":[[[-79.1561,44.2631],[-79.2079,44.251],[-79.2605,44.2389],[-79.328,44.2233],[-79.3088,44.1779],[-79.291,44.1365],[-79.2762,44.1013],[-79.31,44.0934],[-79.3831,44.0768],[-79.4075,44.0711],[-79.4202,44.0684],[-79.4214,44.0746],[-79.4214,44.078],[-79.4225,44.0831],[-79.4239,44.0869],[-79.4365,44.0841],[-79.4484,44.0808],[-79.469,44.0765],[-79.4848,44.0729],[-79.5039,44.0687],[-79.5108,44.0673],[-79.5097,44.0636],[-79.5062,44.0492],[-79.5148,44.0472],[-79.5191,44.0452],[-79.5222,44.0443],[-79.5286,44.0433],[-79.5318,44.0434],[-79.5469,44.0399],[-79.5564,44.0379],[-79.5796,44.0325],[-79.6044,44.027],[-79.6294,44.0216],[-79.6437,44.0189],[-79.6702,44.0129],[-79.6718,44.0192],[-79.671,44.0194],[-79.6743,44.0316],[-79.6754,44.0315],[-79.6787,44.0439],[-79.6776,44.0441],[-79.6808,44.0563],[-79.6817,44.0561],[-79.6849,44.0686],[-79.6839,44.0688],[-79.6871,44.0812],[-79.6879,44.081],[-79.6911,44.093],[-79.6945,44.1049],[-79.6939,44.105],[-79.7003,44.1295],[-79.7018,44.1357],[-79.7037,44.1417],[-79.7069,44.1542],[-79.7098,44.1536],[-79.7129,44.166],[-79.6889,44.1712],[-79.6851,44.1718],[-79.6737,44.1743],[-79.6445,44.1805],[-79.614,44.1873],[-79.577,44.1955],[-79.569,44.1975],[-79.5219,44.2082],[-79.5197,44.2067],[-79.5142,44.2064],[-79.5114,44.2132],[-79.5104,44.2976],[-79.5098,44.347],[-79.5091,44.4086],[-79.4424,44.4211],[-79.2426,44.458],[-79.246,44.4569],[-79.2491,44.4552],[-79.2519,44.452],[-79.2501,44.4503],[-79.2439,44.4483],[-79.2411,44.4495],[-79.2387,44.4486],[-79.2032,44.3692],[-79.1862,44.3312],[-79.17,44.2943],[-79.1648,44.283],[-79.1561,44.2631]]]},"properties":{"id":121,"name":"York—Simcoe"}},{"type":"Feature","geometry":{"type":"Polygon","coordinates":[[[-80.9892,43.9867],[-80.9916,43.9864],[-80.9831,43.9493],[-80.975,43.9143],[-80.9626,43.8584],[-80.9544,43.8221],[-81.0193,43.8143],[-81.0397,43.8119],[-81.0849,43.8065],[-81.0974,43.7905],[-81.0312,43.7635],[-81.0531,43.7353],[-81.0808,43.6999],[-81.1064,43.6673],[-81.1305,43.636],[-81.1372,43.6271],[-81.1474,43.6139],[-81.1832,43.6286],[-81.1921,43.6178],[-81.2186,43.5856],[-81.2317,43.5696],[-81.258,43.5378],[-81.2846,43.5062],[-81.3498,43.5346],[-81.3631,43.5188],[-81.4028,43.4713],[-81.4164,43.4554],[-81.4431,43.4241],[-81.4214,43.4145],[-81.3779,43.3956],[-81.3373,43.3777],[-81.3011,43.3816],[-81.2968,43.3606],[-81.2868,43.356],[-81.3034,43.3361],[-81.3134,43.3243],[-81.3637,43.2638],[-81.4311,43.293],[-81.4689,43.2889],[-81.4653,43.2707],[-81.5153,43.2652],[-81.5905,43.2569],[-81.6406,43.2515],[-81.6663,43.2487],[-81.71,43.2437],[-81.7551,43.2386],[-81.7737,43.2363],[-81.774,43.2385],[-81.7759,43.2405],[-81.7762,43.245],[-81.7773,43.2465],[-81.7774,43.2488],[-81.774,43.2534],[-81.7717,43.2556],[-81.7693,43.2568],[-81.7718,43.2585],[-81.7722,43.2605],[-81.7699,43.2622],[-81.7673,43.2653],[-81.7695,43.2669],[-81.7699,43.2693],[-81.7684,43.2703],[-81.7687,43.272],[-81.7635,43.2737],[-81.7603,43.2765],[-81.7624,43.2785],[-81.7623,43.281],[-81.7638,43.2827],[-81.7637,43.2843],[-81.7614,43.2865],[-81.7623,43.2889],[-81.7626,43.2936],[-81.755,43.2931],[-81.7529,43.3074],[-81.7462,43.3069],[-81.7432,43.3107],[-81.7699,43.322],[-81.7538,43.3421],[-81.7505,43.3511],[-81.7458,43.366],[-81.7438,43.3737],[-81.7428,43.3785],[-81.7398,43.396],[-81.7387,43.4062],[-81.7375,43.4193],[-81.7368,43.4299],[-81.735,43.4527],[-81.7297,43.4689],[-81.725,43.4775],[-81.7185,43.4972],[-81.7197,43.5008],[-81.721,43.5231],[-81.7221,43.5486],[-81.7263,43.5887],[-81.7317,43.6422],[-81.7339,43.6626],[-81.7349,43.6732],[-81.7364,43.6834],[-81.7378,43.6889],[-81.7388,43.6955],[-81.7404,43.6993],[-81.7417,43.7046],[-81.7404,43.7147],[-81.7404,43.719],[-81.7399,43.726],[-81.7397,43.7361],[-81.7366,43.7454],[-81.7325,43.7499],[-81.7329,43.7614],[-81.7394,43.7908],[-81.74,43.7945],[-81.7389,43.7999],[-81.7403,43.8155],[-81.7381,43.8435],[-81.7361,43.8586],[-81.7353,43.8664],[-81.735,43.8822],[-81.7356,43.8895],[-81.7356,43.8938],[-81.7369,43.9088],[-81.7378,43.9142],[-81.7387,43.9228],[-81.7407,43.9341],[-81.7407,43.9407],[-81.7428,43.9511],[-81.745,43.9649],[-81.7467,43.9796],[-81.7472,43.985],[-81.747,43.9906],[-81.7478,43.9934],[-81.7467,44.0019],[-81.7495,44.0071],[-81.7504,44.0099],[-81.7527,44.0143],[-81.7535,44.0171],[-81.7589,44.0306],[-81.762,44.0411],[-81.7643,44.046],[-81.7653,44.0546],[-81.7664,44.0723],[-81.7648,44.0797],[-81.7613,44.0915],[-81.7537,44.107],[-81.7368,44.1344],[-81.7107,44.1654],[-81.6981,44.1788],[-81.6896,44.1879],[-81.6833,44.1977],[-81.6758,44.2164],[-81.6596,44.2528],[-81.6489,44.2918],[-81.6444,44.3087],[-81.6405,44.322],[-81.6345,44.3351],[-81.6283,44.3458],[-81.5933,44.3805],[-81.5599,44.4143],[-81.5531,44.4208],[-81.5506,44.4236],[-81.5457,44.4276],[-81.525,44.4451],[-81.52,44.4488],[-81.4991,44.466],[-81.4965,44.4667],[-81.4888,44.4722],[-81.4709,44.4819],[-81.4584,44.4867],[-81.4476,44.4913],[-81.4384,44.4965],[-81.436,44.4982],[-81.4292,44.5046],[-81.425,44.5079],[-81.422,44.5112],[-81.4166,44.5156],[-81.4132,44.5191],[-81.4092,44.5244],[-81.4062,44.5273],[-81.4038,44.531],[-81.3997,44.5353],[-81.3967,44.5403],[-81.3567,44.5196],[-81.3451,44.5138],[-81.3449,44.509],[-81.3395,44.5088],[-81.3362,44.5046],[-81.3343,44.5042],[-81.3316,44.5049],[-81.3289,44.5041],[-81.3282,44.5005],[-81.3232,44.4992],[-81.3201,44.4964],[-81.3205,44.4939],[-81.3257,44.4893],[-81.3262,44.4879],[-81.3228,44.4865],[-81.319,44.4896],[-81.3153,44.4885],[-81.3144,44.4838],[-81.3127,44.4801],[-81.3123,44.4766],[-81.3112,44.4747],[-81.3123,44.4711],[-81.3191,44.4629],[-81.3198,44.4602],[-81.3235,44.4584],[-81.3177,44.4381],[-81.3026,44.3845],[-81.2921,44.3487],[-81.2859,44.3271],[-81.278,44.2989],[-81.2665,44.2591],[-81.1916,44.2702],[-81.1413,44.2778],[-81.0694,44.2884],[-81.0621,44.2619],[-81.0592,44.2522],[-81.0512,44.2237],[-81.0334,44.1606],[-81.0385,44.1598],[-81.0362,44.1514],[-81.0413,44.1512],[-81.0384,44.1411],[-81.0331,44.1419],[-81.0305,44.1403],[-81.0278,44.1407],[-81.0258,44.1337],[-81.0205,44.1131],[-81.0088,44.0657],[-81.0028,44.0417],[-80.9981,44.0228],[-80.9935,44.0046],[-80.9892,43.9867]]]},"properties":{"id":42,"name":"Huron—Bruce"}},{"type":"Feature","geometry":{"type":"Polygon","coordinates":[[[-80.7446,42.824],[-80.7174,42.7886],[-80.7178,42.7545],[-80.7178,42.736],[-80.7188,42.6939],[-80.7197,42.6631],[-80.7207,42.635],[-80.722,42.5771],[-80.7237,42.5078],[-80.735,42.5085],[-80.757,42.5093],[-80.7787,42.5101],[-80.8218,42.5119],[-80.8651,42.5143],[-80.9184,42.5167],[-80.9718,42.5191],[-80.9873,42.5197],[-81.0074,42.5207],[-81.023,42.5213],[-81.0389,42.5213],[-81.0541,42.5222],[-81.079,42.5238],[-81.1065,42.5247],[-81.1217,42.5263],[-81.1358,42.5268],[-81.1582,42.5266],[-81.2203,42.5234],[-81.2202,42.5242],[-81.2652,42.5218],[-81.3136,42.5188],[-81.3319,42.5178],[-81.3387,42.517],[-81.3641,42.5149],[-81.389,42.5131],[-81.3974,42.5124],[-81.4316,42.5098],[-81.4742,42.5056],[-81.5025,42.5013],[-81.6234,42.4365],[-81.6814,42.4833],[-81.7065,42.5038],[-81.7504,42.5393],[-81.7876,42.5695],[-81.7945,42.5753],[-81.823,42.5985],[-81.8317,42.6054],[-81.8347,42.608],[-81.8298,42.6099],[-81.8268,42.6116],[-81.8252,42.6117],[-81.8192,42.6098],[-81.8146,42.6077],[-81.8109,42.6076],[-81.805,42.6103],[-81.8008,42.6137],[-81.8008,42.6186],[-81.7988,42.6212],[-81.7949,42.6221],[-81.7925,42.6256],[-81.7844,42.6277],[-81.7818,42.6303],[-81.7817,42.6333],[-81.7781,42.6332],[-81.7766,42.6344],[-81.779,42.6374],[-81.7803,42.64],[-81.7797,42.6413],[-81.7763,42.6438],[-81.7747,42.6474],[-81.7712,42.648],[-81.7694,42.6456],[-81.765,42.6447],[-81.7598,42.6459],[-81.7584,42.6469],[-81.7567,42.6499],[-81.7499,42.6521],[-81.747,42.6552],[-81.7425,42.6554],[-81.7401,42.6571],[-81.7384,42.6606],[-81.7368,42.6617],[-81.7332,42.6605],[-81.7317,42.658],[-81.7264,42.6563],[-81.7229,42.6525],[-81.7194,42.6513],[-81.7192,42.6493],[-81.7206,42.6463],[-81.7187,42.6437],[-81.7166,42.6425],[-81.7133,42.6394],[-81.7108,42.6402],[-81.708,42.6421],[-81.7053,42.6408],[-81.7031,42.6388],[-81.7015,42.6405],[-81.7042,42.6421],[-81.7035,42.6445],[-81.7002,42.6453],[-81.6976,42.6494],[-81.699,42.651],[-81.7064,42.6518],[-81.7091,42.6506],[-81.7116,42.6514],[-81.7105,42.6564],[-81.708,42.6606],[-81.7106,42.6615],[-81.715,42.6615],[-81.7161,42.6626],[-81.717,42.6656],[-81.715,42.6677],[-81.7111,42.6687],[-81.7058,42.6735],[-81.7019,42.6744],[-81.6969,42.6734],[-81.6891,42.6732],[-81.6864,42.672],[-81.6825,42.6727],[-81.6809,42.6743],[-81.6792,42.6776],[-81.6789,42.6797],[-81.6806,42.6823],[-81.6805,42.6852],[-81.6862,42.6913],[-81.6871,42.6942],[-81.6867,42.6957],[-81.6849,42.6972],[-81.6785,42.6995],[-81.6764,42.7011],[-81.6721,42.7026],[-81.6687,42.7018],[-81.6663,42.6995],[-81.6532,42.6973],[-81.651,42.6956],[-81.6498,42.6913],[-81.6472,42.689],[-81.644,42.6848],[-81.6374,42.6822],[-81.6348,42.6819],[-81.6286,42.6829],[-81.6249,42.6863],[-81.6251,42.6899],[-81.6222,42.6926],[-81.6174,42.6944],[-81.6161,42.6958],[-81.6184,42.7012],[-81.6171,42.7033],[-81.6164,42.7082],[-81.6138,42.71],[-81.608,42.7093],[-81.6016,42.7103],[-81.6,42.7116],[-81.599,42.7157],[-81.6002,42.7188],[-81.6,42.7212],[-81.601,42.7229],[-81.6036,42.7247],[-81.6036,42.726],[-81.6007,42.7282],[-81.5939,42.7284],[-81.5905,42.7264],[-81.5875,42.726],[-81.584,42.7283],[-81.5786,42.7313],[-81.575,42.7322],[-81.5736,42.7336],[-81.5738,42.736],[-81.572,42.7363],[-81.5676,42.734],[-81.5661,42.7343],[-81.5638,42.7369],[-81.5642,42.7381],[-81.5682,42.7379],[-81.5703,42.7398],[-81.5717,42.7428],[-81.571,42.7453],[-81.5675,42.7469],[-81.5631,42.7473],[-81.5602,42.7466],[-81.5579,42.7443],[-81.5553,42.7426],[-81.5549,42.7385],[-81.5516,42.7367],[-81.548,42.7367],[-81.5416,42.7385],[-81.5352,42.7415],[-81.534,42.7431],[-81.5338,42.746],[-81.5295,42.7492],[-81.5273,42.7495],[-81.5238,42.7489],[-81.5211,42.7493],[-81.5204,42.7522],[-81.5231,42.7534],[-81.5288,42.7524],[-81.532,42.7531],[-81.5339,42.7559],[-81.5342,42.7584],[-81.5328,42.7603],[-81.5272,42.7619],[-81.5205,42.7655],[-81.5156,42.7662],[-81.509,42.7644],[-81.5023,42.7592],[-81.5002,42.7563],[-81.4988,42.7556],[-81.4915,42.754],[-81.4893,42.7541],[-81.4839,42.7561],[-81.4799,42.7556],[-81.4783,42.754],[-81.4743,42.7531],[-81.4724,42.7553],[-81.473,42.7572],[-81.4748,42.7593],[-81.4777,42.7657],[-81.478,42.7701],[-81.4796,42.7706],[-81.4828,42.7697],[-81.4851,42.7721],[-81.4866,42.7769],[-81.486,42.7799],[-81.4835,42.7825],[-81.4814,42.7838],[-81.4785,42.7844],[-81.4731,42.7845],[-81.4707,42.7851],[-81.4685,42.7822],[-81.4652,42.7801],[-81.4649,42.7763],[-81.4615,42.7739],[-81.4582,42.7735],[-81.4441,42.7736],[-81.4376,42.773],[-81.434,42.773],[-81.4293,42.7724],[-81.4217,42.774],[-81.4188,42.7751],[-81.4214,42.778],[-81.4219,42.7823],[-81.4264,42.7825],[-81.4282,42.7798],[-81.4321,42.7779],[-81.4345,42.7795],[-81.4344,42.7844],[-81.4363,42.7886],[-81.4363,42.7903],[-81.4044,42.7982],[-81.381,42.8041],[-81.3554,42.8107],[-81.3491,42.8124],[-81.3006,42.8245],[-81.3013,42.8261],[-81.2926,42.8325],[-81.2878,42.8372],[-81.2793,42.8476],[-81.2857,42.846],[-81.2979,42.8747],[-81.3036,42.8734],[-81.3051,42.8769],[-81.2994,42.8783],[-81.3009,42.8818],[-81.3128,42.8789],[-81.3132,42.8799],[-81.325,42.877],[-81.3306,42.8762],[-81.3325,42.8801],[-81.3357,42.8793],[-81.3411,42.8915],[-81.3484,42.9085],[-81.3447,42.9094],[-81.3474,42.9157],[-81.354,42.9152],[-81.3549,42.9169],[-81.3586,42.9166],[-81.3593,42.9186],[-81.3569,42.9192],[-81.3592,42.9255],[-81.3724,42.9224],[-81.3779,42.9344],[-81.3777,42.9359],[-81.3732,42.9364],[-81.3694,42.9352],[-81.3658,42.9371],[-81.3667,42.9388],[-81.3689,42.939],[-81.3703,42.9412],[-81.3674,42.9412],[-81.3652,42.9427],[-81.3628,42.9411],[-81.3579,42.9405],[-81.3556,42.9376],[-81.3528,42.9367],[-81.3538,42.9347],[-81.3489,42.9341],[-81.3257,42.936],[-81.292,42.9381],[-81.2785,42.9393],[-81.258,42.9407],[-81.2521,42.9413],[-81.2479,42.9232],[-81.2269,42.925],[-81.21,42.9266],[-81.2076,42.9274],[-81.2032,42.9299],[-81.1991,42.9315],[-81.1894,42.9344],[-81.1713,42.9383],[-81.1671,42.939],[-81.1156,42.9442],[-81.1133,42.9446],[-81.1155,42.9533],[-81.1165,42.9532],[-81.1225,42.9768],[-81.124,42.9772],[-81.1266,42.9798],[-81.13,42.9781],[-81.1315,42.9821],[-81.129,42.9877],[-81.1295,42.9906],[-81.1218,42.9929],[-81.1248,42.9988],[-81.1146,43.002],[-81.1155,43.0038],[-81.1204,43.0056],[-81.1271,43.0187],[-81.1299,43.0225],[-81.1263,43.0236],[-81.1346,43.0403],[-81.1267,43.0427],[-81.132,43.0533],[-81.1477,43.0485],[-81.1503,43.0537],[-81.166,43.0492],[-81.168,43.0529],[-81.1721,43.0548],[-81.1853,43.0655],[-81.1897,43.0698],[-81.1893,43.0716],[-81.184,43.0737],[-81.1789,43.0743],[-81.2074,43.13],[-81.214,43.1432],[-81.2253,43.1648],[-81.2415,43.1963],[-81.2413,43.1983],[-81.2244,43.2033],[-81.1969,43.2115],[-81.1728,43.2189],[-81.1322,43.2314],[-81.1255,43.2186],[-81.1095,43.1873],[-81.0879,43.1455],[-81.0747,43.1194],[-81.0719,43.1142],[-81.0669,43.1039],[-81.0459,43.0622],[-81.0376,43.0461],[-81.0234,43.0505],[-81.0115,43.0274],[-81.0113,43.0273],[-81.0052,43.0155],[-81.0055,43.0154],[-80.9995,43.0037],[-80.9992,43.0038],[-80.9938,42.9926],[-80.9872,42.9928],[-80.9854,42.9916],[-80.9864,42.9891],[-80.9835,42.9888],[-80.9816,42.9865],[-80.9791,42.9862],[-80.9744,42.9896],[-80.9738,42.992],[-80.9744,42.9937],[-80.971,42.9936],[-80.9704,42.995],[-80.968,42.9955],[-80.9645,42.9948],[-80.9611,42.9977],[-80.9589,42.9974],[-80.9582,43.0001],[-80.9568,43.0016],[-80.9545,43.0024],[-80.9542,43.0042],[-80.9501,43.005],[-80.9487,43.0091],[-80.9473,43.0096],[-80.9338,42.9994],[-80.9229,43.0008],[-80.9196,42.9885],[-80.9142,42.9693],[-80.9021,42.9252],[-80.8987,42.9125],[-80.8924,42.888],[-80.8877,42.8705],[-80.8801,42.8414],[-80.8771,42.8296],[-80.8579,42.8323],[-80.8326,42.8361],[-80.7893,42.8425],[-80.7618,42.8465],[-80.7446,42.824]]]},"properties":{"id":26,"name":"Elgin—Middlesex—London"}},{"type":"Feature","geometry":{"type":"Polygon","coordinates":[[[-81.3637,43.2638],[-81.3122,43.2415],[-81.2774,43.2265],[-81.2244,43.2033],[-81.2413,43.1983],[-81.2415,43.1963],[-81.2253,43.1648],[-81.214,43.1432],[-81.2074,43.13],[-81.1789,43.0743],[-81.184,43.0737],[-81.1893,43.0716],[-81.1897,43.0698],[-81.1937,43.073],[-81.2078,43.069],[-81.2361,43.0608],[-81.2469,43.0577],[-81.2864,43.0459],[-81.299,43.0424],[-81.3198,43.0362],[-81.3416,43.0299],[-81.3691,43.0219],[-81.3629,43.0099],[-81.362,43.0102],[-81.3528,42.9928],[-81.3507,42.9862],[-81.3527,42.9868],[-81.3558,42.9862],[-81.359,42.9848],[-81.3611,42.983],[-81.3661,42.9814],[-81.3699,42.9787],[-81.3714,42.9764],[-81.3765,42.9713],[-81.3831,42.9689],[-81.3862,42.9661],[-81.3892,42.9651],[-81.3906,42.9632],[-81.3879,42.9581],[-81.3892,42.9543],[-81.3845,42.9518],[-81.3807,42.9433],[-81.3819,42.9431],[-81.3779,42.9344],[-81.3724,42.9224],[-81.3592,42.9255],[-81.3569,42.9192],[-81.3593,42.9186],[-81.3586,42.9166],[-81.3549,42.9169],[-81.354,42.9152],[-81.3474,42.9157],[-81.3447,42.9094],[-81.3484,42.9085],[-81.3411,42.8915],[-81.3357,42.8793],[-81.3325,42.8801],[-81.3306,42.8762],[-81.325,42.877],[-81.3132,42.8799],[-81.3128,42.8789],[-81.3009,42.8818],[-81.2994,42.8783],[-81.3051,42.8769],[-81.3036,42.8734],[-81.2979,42.8747],[-81.2857,42.846],[-81.2793,42.8476],[-81.2878,42.8372],[-81.2926,42.8325],[-81.3013,42.8261],[-81.3006,42.8245],[-81.3491,42.8124],[-81.3554,42.8107],[-81.381,42.8041],[-81.4044,42.7982],[-81.4363,42.7903],[-81.4363,42.7886],[-81.4344,42.7844],[-81.4345,42.7795],[-81.4321,42.7779],[-81.4282,42.7798],[-81.4264,42.7825],[-81.4219,42.7823],[-81.4214,42.778],[-81.4188,42.7751],[-81.4217,42.774],[-81.4293,42.7724],[-81.434,42.773],[-81.4376,42.773],[-81.4441,42.7736],[-81.4582,42.7735],[-81.4615,42.7739],[-81.4649,42.7763],[-81.4652,42.7801],[-81.4685,42.7822],[-81.4707,42.7851],[-81.4731,42.7845],[-81.4785,42.7844],[-81.4814,42.7838],[-81.4835,42.7825],[-81.486,42.7799],[-81.4866,42.7769],[-81.4851,42.7721],[-81.4828,42.7697],[-81.4796,42.7706],[-81.478,42.7701],[-81.4777,42.7657],[-81.4748,42.7593],[-81.473,42.7572],[-81.4724,42.7553],[-81.4743,42.7531],[-81.4783,42.754],[-81.4799,42.7556],[-81.4839,42.7561],[-81.4893,42.7541],[-81.4915,42.754],[-81.4988,42.7556],[-81.5002,42.7563],[-81.5023,42.7592],[-81.509,42.7644],[-81.5156,42.7662],[-81.5205,42.7655],[-81.5272,42.7619],[-81.5328,42.7603],[-81.5342,42.7584],[-81.5339,42.7559],[-81.532,42.7531],[-81.5288,42.7524],[-81.5231,42.7534],[-81.5204,42.7522],[-81.5211,42.7493],[-81.5238,42.7489],[-81.5273,42.7495],[-81.5295,42.7492],[-81.5338,42.746],[-81.534,42.7431],[-81.5352,42.7415],[-81.5416,42.7385],[-81.548,42.7367],[-81.5516,42.7367],[-81.5549,42.7385],[-81.5553,42.7426],[-81.5579,42.7443],[-81.5602,42.7466],[-81.5631,42.7473],[-81.5675,42.7469],[-81.571,42.7453],[-81.5717,42.7428],[-81.5703,42.7398],[-81.5682,42.7379],[-81.5642,42.7381],[-81.5638,42.7369],[-81.5661,42.7343],[-81.5676,42.734],[-81.572,42.7363],[-81.5738,42.736],[-81.5736,42.7336],[-81.575,42.7322],[-81.5786,42.7313],[-81.584,42.7283],[-81.5875,42.726],[-81.5905,42.7264],[-81.5939,42.7284],[-81.6007,42.7282],[-81.6036,42.726],[-81.6036,42.7247],[-81.601,42.7229],[-81.6,42.7212],[-81.6002,42.7188],[-81.599,42.7157],[-81.6,42.7116],[-81.6016,42.7103],[-81.608,42.7093],[-81.6138,42.71],[-81.6164,42.7082],[-81.6171,42.7033],[-81.6184,42.7012],[-81.6161,42.6958],[-81.6174,42.6944],[-81.6222,42.6926],[-81.6251,42.6899],[-81.6249,42.6863],[-81.6286,42.6829],[-81.6348,42.6819],[-81.6374,42.6822],[-81.644,42.6848],[-81.6472,42.689],[-81.6498,42.6913],[-81.651,42.6956],[-81.6532,42.6973],[-81.6663,42.6995],[-81.6687,42.7018],[-81.6721,42.7026],[-81.6764,42.7011],[-81.6785,42.6995],[-81.6849,42.6972],[-81.6867,42.6957],[-81.6871,42.6942],[-81.6862,42.6913],[-81.6805,42.6852],[-81.6806,42.6823],[-81.6789,42.6797],[-81.6792,42.6776],[-81.6809,42.6743],[-81.6825,42.6727],[-81.6864,42.672],[-81.6891,42.6732],[-81.6969,42.6734],[-81.7019,42.6744],[-81.7058,42.6735],[-81.7111,42.6687],[-81.715,42.6677],[-81.717,42.6656],[-81.7161,42.6626],[-81.715,42.6615],[-81.7106,42.6615],[-81.708,42.6606],[-81.7105,42.6564],[-81.7116,42.6514],[-81.7091,42.6506],[-81.7064,42.6518],[-81.699,42.651],[-81.6976,42.6494],[-81.7002,42.6453],[-81.7035,42.6445],[-81.7042,42.6421],[-81.7015,42.6405],[-81.7031,42.6388],[-81.7053,42.6408],[-81.708,42.6421],[-81.7108,42.6402],[-81.7133,42.6394],[-81.7166,42.6425],[-81.7187,42.6437],[-81.7206,42.6463],[-81.7192,42.6493],[-81.7194,42.6513],[-81.7229,42.6525],[-81.7264,42.6563],[-81.7317,42.658],[-81.7332,42.6605],[-81.7368,42.6617],[-81.7384,42.6606],[-81.7401,42.6571],[-81.7425,42.6554],[-81.747,42.6552],[-81.7499,42.6521],[-81.7567,42.6499],[-81.7584,42.6469],[-81.7598,42.6459],[-81.765,42.6447],[-81.7694,42.6456],[-81.7712,42.648],[-81.7747,42.6474],[-81.7763,42.6438],[-81.7797,42.6413],[-81.7803,42.64],[-81.779,42.6374],[-81.7766,42.6344],[-81.7781,42.6332],[-81.7817,42.6333],[-81.7818,42.6303],[-81.7844,42.6277],[-81.7925,42.6256],[-81.7949,42.6221],[-81.7988,42.6212],[-81.8008,42.6186],[-81.8008,42.6137],[-81.805,42.6103],[-81.8109,42.6076],[-81.8146,42.6077],[-81.8192,42.6098],[-81.8252,42.6117],[-81.8268,42.6116],[-81.8298,42.6099],[-81.8347,42.608],[-81.844,42.6047],[-81.8475,42.6006],[-81.8532,42.599],[-81.8589,42.5993],[-81.8674,42.6016],[-81.872,42.6011],[-81.8771,42.5988],[-81.8797,42.5965],[-81.8816,42.5938],[-81.8855,42.59],[-81.8861,42.5874],[-81.8882,42.5843],[-81.8919,42.5824],[-81.894,42.5838],[-81.8949,42.5862],[-81.8968,42.5875],[-81.8998,42.5874],[-81.9054,42.5831],[-81.9065,42.5812],[-81.9068,42.5787],[-81.906,42.5772],[-81.9034,42.577],[-81.9007,42.5791],[-81.8975,42.578],[-81.898,42.5748],[-81.9002,42.575],[-81.9037,42.5721],[-81.9041,42.5685],[-81.9071,42.5657],[-81.909,42.5657],[-81.9089,42.5683],[-81.9109,42.57],[-81.9155,42.5687],[-81.9171,42.5666],[-81.9213,42.5673],[-81.9281,42.5664],[-81.9296,42.5654],[-81.9296,42.5622],[-81.9372,42.5602],[-81.9406,42.5601],[-81.9441,42.5591],[-81.9509,42.558],[-81.958,42.5542],[-81.9649,42.5475],[-81.9707,42.5427],[-81.9737,42.541],[-81.9752,42.5393],[-81.9792,42.5364],[-81.9826,42.5356],[-81.9835,42.5364],[-81.9824,42.5399],[-81.9844,42.541],[-81.987,42.5407],[-81.9884,42.5417],[-81.9884,42.5437],[-81.9867,42.5454],[-81.9908,42.5471],[-81.9928,42.5492],[-81.9943,42.5485],[-81.9973,42.5453],[-82.0052,42.5444],[-82.0064,42.543],[-82.002,42.5388],[-82.0014,42.5364],[-82.0049,42.5358],[-82.0093,42.5312],[-82.0097,42.529],[-82.0114,42.5275],[-82.0158,42.5255],[-82.0219,42.5255],[-82.0257,42.5242],[-82.0294,42.5261],[-82.0317,42.5242],[-82.0336,42.5246],[-82.0351,42.5261],[-82.0395,42.5272],[-82.0433,42.5295],[-82.0451,42.5277],[-82.043,42.5239],[-82.0431,42.5203],[-82.0444,42.5171],[-82.0469,42.5169],[-82.051,42.5175],[-82.0542,42.5133],[-82.0566,42.5139],[-82.0561,42.5164],[-82.0585,42.517],[-82.0638,42.514],[-82.0677,42.5137],[-82.071,42.5146],[-82.0729,42.5111],[-82.082,42.5061],[-82.0822,42.5048],[-82.0788,42.5029],[-82.0785,42.502],[-82.0806,42.5001],[-82.0804,42.4989],[-82.0778,42.4981],[-82.0794,42.4947],[-82.0818,42.4939],[-82.09,42.4935],[-82.0923,42.4928],[-82.0903,42.4904],[-82.0909,42.489],[-82.0939,42.4893],[-82.0989,42.4852],[-82.1009,42.4845],[-82.1053,42.4861],[-82.1088,42.4836],[-82.1118,42.4831],[-82.1145,42.4804],[-82.1162,42.4768],[-82.1203,42.4727],[-82.1228,42.4718],[-82.1194,42.4673],[-82.1173,42.4637],[-82.1175,42.4624],[-82.121,42.4622],[-82.1226,42.4613],[-82.1219,42.4569],[-82.124,42.4564],[-82.1273,42.4583],[-82.1287,42.4576],[-82.13,42.4546],[-82.132,42.4531],[-82.1371,42.4479],[-82.1374,42.445],[-82.14,42.4419],[-82.1406,42.4402],[-82.139,42.4363],[-82.1443,42.435],[-82.146,42.4322],[-82.1487,42.431],[-82.1497,42.4287],[-82.1487,42.4246],[-82.1494,42.4234],[-82.1534,42.4244],[-82.156,42.4244],[-82.1598,42.422],[-82.1619,42.4198],[-82.1643,42.4189],[-82.1719,42.4251],[-82.1897,42.4392],[-82.189,42.4397],[-82.194,42.4437],[-82.221,42.4237],[-82.217,42.4205],[-82.239,42.4055],[-82.2237,42.3934],[-82.2275,42.3914],[-82.2306,42.3883],[-82.2363,42.3875],[-82.2402,42.3864],[-82.246,42.3888],[-82.2506,42.3881],[-82.2513,42.3864],[-82.2503,42.3825],[-82.2513,42.3814],[-82.2559,42.3807],[-82.2594,42.3785],[-82.262,42.3755],[-82.2637,42.3753],[-82.2666,42.3762],[-82.2684,42.3759],[-82.273,42.3737],[-82.2789,42.3742],[-82.281,42.3724],[-82.28,42.3701],[-82.2803,42.3681],[-82.2825,42.367],[-82.2867,42.3675],[-82.2949,42.3657],[-82.2993,42.365],[-82.3014,42.3642],[-82.3033,42.3614],[-82.3055,42.3609],[-82.3085,42.3621],[-82.3108,42.3619],[-82.3139,42.359],[-82.3166,42.3577],[-82.3208,42.3548],[-82.3223,42.3527],[-82.3237,42.349],[-82.3267,42.3485],[-82.3301,42.3509],[-82.332,42.3507],[-82.3337,42.3492],[-82.3364,42.3482],[-82.3409,42.3483],[-82.3468,42.3493],[-82.3532,42.3496],[-82.3573,42.348],[-82.3586,42.3464],[-82.3579,42.3433],[-82.3585,42.3417],[-82.3607,42.3411],[-82.3671,42.3409],[-82.3718,42.3426],[-82.3732,42.3424],[-82.3759,42.3392],[-82.3801,42.3381],[-82.3877,42.3336],[-82.3908,42.3337],[-82.396,42.3365],[-82.4009,42.3363],[-82.4032,42.337],[-82.4079,42.34],[-82.4118,42.3406],[-82.4178,42.3378],[-82.4191,42.3363],[-82.4218,42.3286],[-82.4274,42.3245],[-82.4341,42.3205],[-82.4408,42.3172],[-82.4437,42.3167],[-82.4488,42.3171],[-82.4538,42.3189],[-82.4591,42.323],[-82.4772,42.3382],[-82.5508,42.3976],[-82.5886,42.3974],[-82.7016,42.3975],[-82.7324,42.3978],[-82.7935,42.3981],[-82.8035,42.3981],[-82.7016,42.5],[-82.6701,42.5312],[-82.6677,42.5336],[-82.6624,42.5412],[-82.6546,42.5468],[-82.6412,42.5548],[-82.6331,42.557],[-82.624,42.5569],[-82.6167,42.5543],[-82.6105,42.5498],[-82.6055,42.5485],[-82.5911,42.5499],[-82.584,42.5539],[-82.5803,42.5641],[-82.5687,42.574],[-82.5603,42.5792],[-82.5535,42.585],[-82.5492,42.5911],[-82.5234,42.6074],[-82.5186,42.6141],[-82.5097,42.638],[-82.5097,42.6396],[-82.4996,42.6358],[-82.4865,42.6326],[-82.484,42.6315],[-82.4541,42.631],[-82.4253,42.6304],[-82.371,42.6294],[-82.283,42.6275],[-82.2453,42.6267],[-82.2449,42.6392],[-82.2432,42.6885],[-82.2413,42.7381],[-82.2401,42.7622],[-82.2067,42.7613],[-82.1759,42.7606],[-82.1225,42.7596],[-82.0886,42.7588],[-82.0208,42.757],[-82.0045,42.7566],[-82.005,42.812],[-82.0051,42.8368],[-82.0054,42.8789],[-82.0056,42.9035],[-82.006,42.9303],[-82.0043,42.9781],[-82.0022,43.0411],[-82.001,43.0761],[-82.0242,43.0765],[-82.0238,43.0884],[-82.0234,43.0891],[-82.0229,43.1073],[-82.0998,43.1209],[-82.1514,43.13],[-82.2263,43.1432],[-82.2266,43.1429],[-82.2853,43.1533],[-82.3384,43.1629],[-82.2996,43.2405],[-82,43.2368],[-81.9946,43.2367],[-81.9836,43.2355],[-81.9064,43.2484],[-81.895,43.2518],[-81.8361,43.2849],[-81.7699,43.322],[-81.7432,43.3107],[-81.7462,43.3069],[-81.7529,43.3074],[-81.755,43.2931],[-81.7626,43.2936],[-81.7623,43.2889],[-81.7614,43.2865],[-81.7637,43.2843],[-81.7638,43.2827],[-81.7623,43.281],[-81.7624,43.2785],[-81.7603,43.2765],[-81.7635,43.2737],[-81.7687,43.272],[-81.7684,43.2703],[-81.7699,43.2693],[-81.7695,43.2669],[-81.7673,43.2653],[-81.7699,43.2622],[-81.7722,43.2605],[-81.7718,43.2585],[-81.7693,43.2568],[-81.7717,43.2556],[-81.774,43.2534],[-81.7774,43.2488],[-81.7773,43.2465],[-81.7762,43.245],[-81.7759,43.2405],[-81.774,43.2385],[-81.7737,43.2363],[-81.7551,43.2386],[-81.71,43.2437],[-81.6663,43.2487],[-81.6406,43.2515],[-81.5905,43.2569],[-81.5153,43.2652],[-81.4653,43.2707],[-81.4689,43.2889],[-81.4311,43.293],[-81.3637,43.2638]]]},"properties":{"id":50,"name":"Lambton—Kent—Middlesex"}},{"type":"Feature","geometry":{"type":"Polygon","coordinates":[[[-78.8598,45.4143],[-78.8695,45.4115],[-78.894,45.4049],[-78.908,45.4011],[-78.9228,45.3967],[-78.9273,45.3959],[-78.9445,45.3916],[-78.9716,45.3844],[-78.9707,45.3816],[-78.9727,45.378],[-78.9679,45.3755],[-78.9694,45.3732],[-78.9693,45.3717],[-78.9578,45.3702],[-78.9582,45.3633],[-78.9597,45.3605],[-78.9591,45.3587],[-78.9548,45.3587],[-78.9529,45.3564],[-78.9509,45.3558],[-78.9497,45.3524],[-78.9501,45.3504],[-78.9482,45.3475],[-78.9448,45.3454],[-78.9445,45.3413],[-78.9452,45.3393],[-78.944,45.3377],[-78.9386,45.3272],[-78.9343,45.3256],[-78.9337,45.3214],[-78.9345,45.3194],[-78.9336,45.3163],[-78.9308,45.3124],[-78.9277,45.3122],[-78.9249,45.3086],[-78.9259,45.3065],[-78.9252,45.3032],[-78.9216,45.3011],[-78.9209,45.2978],[-78.9193,45.2965],[-78.9189,45.294],[-78.9207,45.2915],[-78.9191,45.2901],[-78.9173,45.2866],[-78.9182,45.2853],[-78.9161,45.2842],[-78.9124,45.2769],[-78.9062,45.276],[-78.907,45.2727],[-78.9065,45.2695],[-78.9051,45.2674],[-78.9052,45.2632],[-78.9034,45.262],[-78.9022,45.2596],[-78.9024,45.2574],[-78.9015,45.255],[-78.8933,45.2504],[-78.8931,45.2481],[-78.8942,45.2455],[-78.8938,45.2438],[-78.8954,45.2409],[-78.8924,45.2384],[-78.8891,45.2323],[-78.8869,45.2302],[-78.886,45.2264],[-78.8828,45.2259],[-78.8827,45.2202],[-78.8831,45.2186],[-78.8804,45.2173],[-78.8807,45.2149],[-78.8792,45.2135],[-78.8757,45.2127],[-78.8704,45.2134],[-78.8693,45.212],[-78.875,45.2086],[-78.8746,45.2063],[-78.8722,45.204],[-78.8719,45.1997],[-78.8702,45.1964],[-78.8672,45.1942],[-78.8672,45.1917],[-78.8693,45.1905],[-78.8682,45.1866],[-78.869,45.1839],[-78.8669,45.1822],[-78.867,45.1791],[-78.8645,45.1794],[-78.8608,45.1783],[-78.8556,45.1747],[-78.8559,45.1722],[-78.8544,45.1708],[-78.8549,45.1684],[-78.8516,45.1658],[-78.8482,45.1609],[-78.8458,45.1593],[-78.8465,45.1553],[-78.8479,45.1536],[-78.8434,45.1451],[-78.8556,45.1418],[-78.8852,45.1348],[-78.9127,45.128],[-78.9674,45.1147],[-78.9835,45.1104],[-79.001,45.1061],[-78.9911,45.0879],[-78.9588,45.0281],[-78.9359,44.9855],[-78.945,44.9831],[-79.0022,44.9676],[-79.0511,44.9544],[-79.0929,44.943],[-79.0997,44.9553],[-79.1199,44.9501],[-79.1194,44.9491],[-79.1154,44.9418],[-79.1073,44.9257],[-79.0985,44.9094],[-79.0982,44.9087],[-79.0897,44.8929],[-79.0808,44.874],[-79.0668,44.8481],[-79.0646,44.8442],[-79.0623,44.84],[-79.0763,44.8362],[-79.1584,44.8136],[-79.2022,44.8015],[-79.2032,44.8012],[-79.206,44.8004],[-79.2084,44.7997],[-79.2079,44.7986],[-79.2062,44.7951],[-79.206,44.7947],[-79.2574,44.7836],[-79.2623,44.7825],[-79.2973,44.7748],[-79.2936,44.7797],[-79.2936,44.7839],[-79.3027,44.7826],[-79.3085,44.781],[-79.3182,44.7801],[-79.323,44.7792],[-79.33,44.7788],[-79.3374,44.7753],[-79.3411,44.7747],[-79.3468,44.7731],[-79.3543,44.7729],[-79.36,44.774],[-79.3653,44.7745],[-79.3772,44.7736],[-79.3894,44.7741],[-79.3941,44.7753],[-79.3947,44.7772],[-79.3938,44.7809],[-79.3953,44.7841],[-79.3949,44.7873],[-79.3906,44.7899],[-79.3899,44.7916],[-79.3905,44.7962],[-79.394,44.8007],[-79.3946,44.803],[-79.3945,44.8064],[-79.3928,44.8199],[-79.393,44.8229],[-79.394,44.8252],[-79.3958,44.8264],[-79.3989,44.8272],[-79.4034,44.8305],[-79.4062,44.8339],[-79.4058,44.8364],[-79.4033,44.8395],[-79.4041,44.8418],[-79.4064,44.8432],[-79.4137,44.8435],[-79.4214,44.8433],[-79.4274,44.8424],[-79.4343,44.8425],[-79.4429,44.8399],[-79.4467,44.8395],[-79.4502,44.8381],[-79.4544,44.8382],[-79.4591,44.8407],[-79.4621,44.8441],[-79.4703,44.8466],[-79.474,44.8473],[-79.4784,44.8456],[-79.4849,44.8447],[-79.4871,44.8489],[-79.4887,44.8493],[-79.4969,44.8493],[-79.4986,44.8499],[-79.5052,44.8503],[-79.5127,44.8503],[-79.522,44.8488],[-79.5261,44.8496],[-79.5439,44.859],[-79.5506,44.8629],[-79.5546,44.8635],[-79.5579,44.8622],[-79.5599,44.8622],[-79.5671,44.8654],[-79.5783,44.8689],[-79.5865,44.8706],[-79.5929,44.8708],[-79.6,44.8729],[-79.6049,44.8776],[-79.6092,44.8801],[-79.6148,44.882],[-79.6189,44.8844],[-79.6193,44.8885],[-79.6252,44.8945],[-79.6274,44.8955],[-79.6333,44.8961],[-79.6376,44.8969],[-79.6434,44.8971],[-79.6483,44.8944],[-79.6509,44.8942],[-79.6579,44.8944],[-79.6595,44.894],[-79.6675,44.8887],[-79.6725,44.887],[-79.6738,44.8845],[-79.6777,44.8818],[-79.6808,44.8806],[-79.6824,44.878],[-79.687,44.8777],[-79.6839,44.8745],[-79.6851,44.8735],[-79.6917,44.8738],[-79.6959,44.8728],[-79.6989,44.8698],[-79.6997,44.8681],[-79.6986,44.864],[-79.7001,44.8608],[-79.7027,44.8575],[-79.703,44.8558],[-79.7019,44.8516],[-79.6943,44.8396],[-79.6905,44.8358],[-79.6847,44.8318],[-79.6811,44.8299],[-79.6801,44.8266],[-79.6852,44.8219],[-79.6889,44.8194],[-79.6921,44.8193],[-79.7028,44.8225],[-79.7058,44.8229],[-79.7084,44.8222],[-79.7127,44.8187],[-79.7174,44.8136],[-79.7187,44.8104],[-79.7223,44.8079],[-79.7232,44.8066],[-79.7203,44.8048],[-79.7201,44.8026],[-79.7226,44.8002],[-79.7234,44.7956],[-79.7262,44.791],[-79.7271,44.7877],[-79.7272,44.7837],[-79.728,44.7799],[-79.7308,44.7713],[-79.7326,44.7685],[-79.7349,44.7671],[-79.737,44.7672],[-79.7432,44.7693],[-79.7552,44.7729],[-79.7672,44.777],[-79.7864,44.783],[-79.8059,44.7892],[-79.809,44.7898],[-79.8221,44.7944],[-79.842,44.803],[-79.8515,44.8076],[-79.8581,44.8112],[-79.8636,44.8139],[-79.8714,44.8194],[-79.8814,44.8271],[-79.8871,44.8328],[-79.8911,44.8372],[-79.8982,44.8466],[-79.9071,44.8579],[-79.9147,44.8679],[-79.9247,44.8808],[-79.9379,44.8956],[-79.9638,44.925],[-79.9646,44.9262],[-79.972,44.9283],[-79.9772,44.9283],[-79.979,44.9302],[-79.9836,44.9315],[-79.9831,44.9339],[-79.9916,44.9418],[-80.06,44.9373],[-80.0968,44.9346],[-80.1473,44.931],[-80.2359,44.9244],[-80.4829,44.9062],[-80.5159,44.9037],[-80.5984,44.972],[-80.5999,44.9733],[-80.632,45.0001],[-80.6322,45.0001],[-80.7457,45.0941],[-80.7834,45.1252],[-80.8457,45.1766],[-80.8904,45.2132],[-80.941,45.2547],[-80.9929,45.2971],[-81.071,45.3607],[-81.0722,45.5001],[-81.0725,45.5276],[-81.0732,45.6138],[-81.0753,45.8512],[-81.0756,45.8739],[-80.9781,45.8739],[-80.8553,45.8737],[-80.7371,45.8733],[-80.6939,45.8733],[-80.6955,45.8868],[-80.6856,45.8876],[-80.6837,45.889],[-80.6771,45.8885],[-80.6743,45.8895],[-80.6693,45.8901],[-80.6647,45.8901],[-80.6549,45.889],[-80.6465,45.8894],[-80.6432,45.89],[-80.637,45.8897],[-80.6348,45.8886],[-80.6306,45.8883],[-80.6253,45.8891],[-80.6154,45.8903],[-80.6139,45.8911],[-80.6062,45.8919],[-80.604,45.8909],[-80.5995,45.8916],[-80.5933,45.8914],[-80.5912,45.8926],[-80.5864,45.8921],[-80.5832,45.8926],[-80.5755,45.8927],[-80.5729,45.8922],[-80.5711,45.8932],[-80.5663,45.8932],[-80.5641,45.8936],[-80.5588,45.8924],[-80.5526,45.8935],[-80.542,45.8933],[-80.5413,45.8941],[-80.5464,45.8967],[-80.5495,45.8989],[-80.5586,45.9021],[-80.5691,45.9097],[-80.5736,45.9114],[-80.573,45.9132],[-80.5736,45.9162],[-80.578,45.9234],[-80.5828,45.9296],[-80.5836,45.9331],[-80.5791,45.9656],[-80.5774,45.9695],[-80.5717,45.98],[-80.5665,45.9967],[-80.5668,45.9996],[-80.5829,46.0181],[-80.5734,46.0197],[-80.5724,46.0215],[-80.5683,46.0187],[-80.565,46.0186],[-80.5607,46.0199],[-80.5594,46.0214],[-80.555,46.0223],[-80.5525,46.02],[-80.5493,46.0184],[-80.5426,46.0176],[-80.5396,46.0182],[-80.5366,46.0205],[-80.528,46.0231],[-80.5216,46.0243],[-80.5183,46.027],[-80.5213,46.0312],[-80.5206,46.0331],[-80.5089,46.0338],[-80.4951,46.0331],[-80.4863,46.035],[-80.4815,46.0354],[-80.4762,46.0372],[-80.4738,46.0372],[-80.4625,46.0363],[-80.4564,46.0365],[-80.4398,46.0367],[-80.4314,46.0372],[-80.4252,46.037],[-80.4106,46.0369],[-80.4039,46.0363],[-80.3928,46.0342],[-80.3896,46.0338],[-80.3806,46.0338],[-80.3723,46.0324],[-80.3636,46.0321],[-80.3415,46.035],[-80.3351,46.036],[-80.3275,46.0382],[-80.3229,46.039],[-80.3159,46.0388],[-80.3065,46.0374],[-80.2991,46.0374],[-80.2932,46.0384],[-80.2894,46.0395],[-80.2861,46.0411],[-80.2815,46.0424],[-80.2778,46.0416],[-80.2723,46.0419],[-80.2672,46.0429],[-80.267,46.0443],[-80.2629,46.0452],[-80.2579,46.0457],[-80.2531,46.0474],[-80.2464,46.0488],[-80.2418,46.0494],[-80.2378,46.0507],[-80.2326,46.0506],[-80.2238,46.052],[-80.217,46.0527],[-80.2085,46.0542],[-80.2081,46.0548],[-80.2142,46.0585],[-80.216,46.0606],[-80.2151,46.0622],[-80.2104,46.0631],[-80.2065,46.065],[-80.2042,46.0654],[-80.1987,46.0648],[-80.1968,46.064],[-80.1913,46.0629],[-80.1858,46.0602],[-80.1838,46.0607],[-80.1756,46.0647],[-80.1746,46.0671],[-80.1752,46.0682],[-80.1808,46.0738],[-80.1879,46.0787],[-80.1845,46.0799],[-80.1779,46.0799],[-80.1751,46.0813],[-80.1677,46.0815],[-80.1556,46.085],[-80.1475,46.0863],[-80.1417,46.0885],[-80.1395,46.0904],[-80.1418,46.0916],[-80.1478,46.0912],[-80.1523,46.0916],[-80.1576,46.0941],[-80.1657,46.097],[-80.1643,46.0994],[-80.1656,46.1017],[-80.1754,46.1016],[-80.1785,46.1033],[-80.1744,46.1059],[-80.1654,46.109],[-80.162,46.1106],[-80.1533,46.1117],[-80.147,46.1141],[-80.1373,46.1164],[-80.1331,46.1167],[-80.125,46.1179],[-80.1133,46.1169],[-80.1066,46.1169],[-80.0979,46.1158],[-80.0944,46.1163],[-80.0872,46.1164],[-80.0827,46.117],[-80.0781,46.1166],[-80.0724,46.1167],[-80.0728,46.119],[-80.079,46.1232],[-80.0856,46.1266],[-80.0924,46.1279],[-80.0988,46.1302],[-80.106,46.1326],[-80.1089,46.1344],[-80.1132,46.1356],[-80.1185,46.1402],[-80.1132,46.1439],[-80.1151,46.1463],[-80.1115,46.1477],[-80.1066,46.1477],[-80.0993,46.1458],[-80.0936,46.1461],[-80.09,46.1444],[-80.0854,46.1435],[-80.0761,46.1459],[-80.0527,46.15],[-80.0417,46.1505],[-80.0352,46.1523],[-80.0292,46.1518],[-80.0219,46.1486],[-80.02,46.1464],[-80.0177,46.1453],[-80.0127,46.1443],[-80.0076,46.1441],[-80,46.1458],[-79.995,46.1475],[-79.9902,46.1509],[-79.9864,46.1526],[-79.9741,46.1563],[-79.968,46.1586],[-79.9464,46.1701],[-79.9389,46.1729],[-79.9258,46.1769],[-79.9102,46.1829],[-79.9044,46.186],[-79.8921,46.1908],[-79.8758,46.1957],[-79.8656,46.1985],[-79.8583,46.2009],[-79.8461,46.204],[-79.8369,46.2056],[-79.8251,46.2064],[-79.8063,46.206],[-79.7989,46.2063],[-79.7741,46.2082],[-79.7449,46.2094],[-79.733,46.2103],[-79.7091,46.2113],[-79.7034,46.2118],[-79.6806,46.2131],[-79.664,46.1849],[-79.664,46.1829],[-79.6519,46.1623],[-79.6222,46.1117],[-79.6119,46.0942],[-79.6629,46.0799],[-79.6837,46.0738],[-79.6708,46.0527],[-79.6437,46.0067],[-79.6241,45.9729],[-79.6187,45.964],[-79.6148,45.958],[-79.6158,45.9559],[-79.6027,45.9551],[-79.6043,45.9536],[-79.6066,45.9498],[-79.6067,45.9445],[-79.6077,45.9433],[-79.6076,45.9399],[-79.6064,45.9373],[-79.5977,45.9368],[-79.5987,45.9284],[-79.5857,45.9039],[-79.557,45.9117],[-79.5453,45.9147],[-79.4906,45.9293],[-79.4164,45.949],[-79.397,45.9549],[-79.3806,45.9592],[-79.3635,45.9651],[-79.3444,45.971],[-79.2799,45.9889],[-79.2574,45.9945],[-79.2459,45.974],[-79.227,45.94],[-79.2111,45.9115],[-79.1897,45.8724],[-79.195,45.871],[-79.1807,45.8449],[-79.1748,45.834],[-79.1708,45.8271],[-79.1624,45.8115],[-79.1484,45.7858],[-79.1434,45.776],[-79.1299,45.7512],[-79.0625,45.7688],[-79.0581,45.7608],[-79.0532,45.7621],[-79.0463,45.7496],[-79.0561,45.7469],[-79.0515,45.7385],[-79.0417,45.7411],[-79.0299,45.7194],[-79.0257,45.712],[-79.0113,45.6853],[-78.9928,45.6512],[-78.9946,45.6507],[-78.9575,45.5823],[-78.9304,45.5324],[-78.9244,45.534],[-78.9058,45.4996],[-78.878,45.4482],[-78.8598,45.4143]]]},"properties":{"id":84,"name":"Parry Sound—Muskoka"}},{"type":"Feature","geometry":{"type":"Polygon","coordinates":[[[-79.206,44.7947],[-79.1944,44.7671],[-79.1895,44.7568],[-79.1857,44.7481],[-79.1648,44.7021],[-79.158,44.6879],[-79.1196,44.5997],[-79.1085,44.5756],[-79.101,44.5586],[-79.0818,44.5157],[-79.0921,44.5166],[-79.0956,44.5152],[-79.0971,44.5136],[-79.1057,44.5096],[-79.1111,44.5093],[-79.1209,44.5075],[-79.1223,44.5061],[-79.1257,44.505],[-79.1259,44.507],[-79.1288,44.5073],[-79.1363,44.5126],[-79.1377,44.512],[-79.1419,44.5134],[-79.1452,44.5122],[-79.1442,44.5093],[-79.1462,44.5079],[-79.1481,44.5045],[-79.1483,44.5004],[-79.1519,44.5],[-79.1523,44.4981],[-79.1551,44.4955],[-79.1556,44.4932],[-79.1535,44.492],[-79.1555,44.4907],[-79.154,44.4895],[-79.1578,44.4875],[-79.1603,44.4853],[-79.1585,44.4848],[-79.1585,44.483],[-79.1566,44.4822],[-79.1589,44.4805],[-79.1563,44.4777],[-79.1571,44.4763],[-79.161,44.4743],[-79.1611,44.4722],[-79.1636,44.4711],[-79.2426,44.458],[-79.4424,44.4211],[-79.4844,44.469],[-79.5109,44.501],[-79.5373,44.5333],[-79.5548,44.5543],[-79.5544,44.5556],[-79.5493,44.5578],[-79.5496,44.5611],[-79.5525,44.5645],[-79.5724,44.5755],[-79.5842,44.5899],[-79.5854,44.5894],[-79.6015,44.6082],[-79.6245,44.6341],[-79.6429,44.6549],[-79.6448,44.6577],[-79.6422,44.6622],[-79.6483,44.661],[-79.6697,44.6855],[-79.6845,44.702],[-79.7275,44.6831],[-79.7716,44.6641],[-79.7985,44.6526],[-79.7994,44.6521],[-79.7962,44.6484],[-79.82,44.6378],[-79.8315,44.6329],[-79.8343,44.6362],[-79.8785,44.6165],[-79.8914,44.6106],[-79.9343,44.5916],[-79.9509,44.5846],[-79.9645,44.579],[-79.9717,44.5759],[-79.9852,44.5696],[-80.0666,44.5316],[-80.5159,44.9037],[-80.4829,44.9062],[-80.2359,44.9244],[-80.1473,44.931],[-80.0968,44.9346],[-80.06,44.9373],[-79.9916,44.9418],[-79.9831,44.9339],[-79.9836,44.9315],[-79.979,44.9302],[-79.9772,44.9283],[-79.972,44.9283],[-79.9646,44.9262],[-79.9638,44.925],[-79.9379,44.8956],[-79.9247,44.8808],[-79.9147,44.8679],[-79.9071,44.8579],[-79.8982,44.8466],[-79.8911,44.8372],[-79.8871,44.8328],[-79.8814,44.8271],[-79.8714,44.8194],[-79.8636,44.8139],[-79.8581,44.8112],[-79.8515,44.8076],[-79.842,44.803],[-79.8221,44.7944],[-79.809,44.7898],[-79.8059,44.7892],[-79.7864,44.783],[-79.7672,44.777],[-79.7552,44.7729],[-79.7432,44.7693],[-79.737,44.7672],[-79.7349,44.7671],[-79.7326,44.7685],[-79.7308,44.7713],[-79.728,44.7799],[-79.7272,44.7837],[-79.7271,44.7877],[-79.7262,44.791],[-79.7234,44.7956],[-79.7226,44.8002],[-79.7201,44.8026],[-79.7203,44.8048],[-79.7232,44.8066],[-79.7223,44.8079],[-79.7187,44.8104],[-79.7174,44.8136],[-79.7127,44.8187],[-79.7084,44.8222],[-79.7058,44.8229],[-79.7028,44.8225],[-79.6921,44.8193],[-79.6889,44.8194],[-79.6852,44.8219],[-79.6801,44.8266],[-79.6811,44.8299],[-79.6847,44.8318],[-79.6905,44.8358],[-79.6943,44.8396],[-79.7019,44.8516],[-79.703,44.8558],[-79.7027,44.8575],[-79.7001,44.8608],[-79.6986,44.864],[-79.6997,44.8681],[-79.6989,44.8698],[-79.6959,44.8728],[-79.6917,44.8738],[-79.6851,44.8735],[-79.6839,44.8745],[-79.687,44.8777],[-79.6824,44.878],[-79.6808,44.8806],[-79.6777,44.8818],[-79.6738,44.8845],[-79.6725,44.887],[-79.6675,44.8887],[-79.6595,44.894],[-79.6579,44.8944],[-79.6509,44.8942],[-79.6483,44.8944],[-79.6434,44.8971],[-79.6376,44.8969],[-79.6333,44.8961],[-79.6274,44.8955],[-79.6252,44.8945],[-79.6193,44.8885],[-79.6189,44.8844],[-79.6148,44.882],[-79.6092,44.8801],[-79.6049,44.8776],[-79.6,44.8729],[-79.5929,44.8708],[-79.5865,44.8706],[-79.5783,44.8689],[-79.5671,44.8654],[-79.5599,44.8622],[-79.5579,44.8622],[-79.5546,44.8635],[-79.5506,44.8629],[-79.5439,44.859],[-79.5261,44.8496],[-79.522,44.8488],[-79.5127,44.8503],[-79.5052,44.8503],[-79.4986,44.8499],[-79.4969,44.8493],[-79.4887,44.8493],[-79.4871,44.8489],[-79.4849,44.8447],[-79.4784,44.8456],[-79.474,44.8473],[-79.4703,44.8466],[-79.4621,44.8441],[-79.4591,44.8407],[-79.4544,44.8382],[-79.4502,44.8381],[-79.4467,44.8395],[-79.4429,44.8399],[-79.4343,44.8425],[-79.4274,44.8424],[-79.4214,44.8433],[-79.4137,44.8435],[-79.4064,44.8432],[-79.4041,44.8418],[-79.4033,44.8395],[-79.4058,44.8364],[-79.4062,44.8339],[-79.4034,44.8305],[-79.3989,44.8272],[-79.3958,44.8264],[-79.394,44.8252],[-79.393,44.8229],[-79.3928,44.8199],[-79.3945,44.8064],[-79.3946,44.803],[-79.394,44.8007],[-79.3905,44.7962],[-79.3899,44.7916],[-79.3906,44.7899],[-79.3949,44.7873],[-79.3953,44.7841],[-79.3938,44.7809],[-79.3947,44.7772],[-79.3941,44.7753],[-79.3894,44.7741],[-79.3772,44.7736],[-79.3653,44.7745],[-79.36,44.774],[-79.3543,44.7729],[-79.3468,44.7731],[-79.3411,44.7747],[-79.3374,44.7753],[-79.33,44.7788],[-79.323,44.7792],[-79.3182,44.7801],[-79.3085,44.781],[-79.3027,44.7826],[-79.2936,44.7839],[-79.2936,44.7797],[-79.2973,44.7748],[-79.2623,44.7825],[-79.2574,44.7836],[-79.206,44.7947]]]},"properties":{"id":100,"name":"Simcoe North"}}]}